solo_id,performer,phrase_number,length_beats,num_notes,note_density,pitch_mean,pitch_range,pitch_std,rest_ratio,contour,starts_on_downbeat,phrase_duration,phrase_token
52,Charlie Parker,1,8.823582766439909,20,2.266652960526316,67.25,12,3.222964473896664,0.1628289473684211,ascending,False,4.4117913832199545,PHRASE_53
52,Charlie Parker,2,9.026757369614511,26,2.8803255627009645,62.96153846153846,25,5.938665799595894,0.0604501607717041,descending,False,4.513378684807257,PHRASE_37
52,Charlie Parker,3,7.450702947845809,21,2.818526003116477,69.28571428571429,17,4.187769688746791,0.0467471756914688,flat,False,3.725351473922904,PHRASE_55
52,Charlie Parker,4,4.998095238095239,15,3.0011432926829262,69.2,6,1.9043809142780936,0.0911730545876882,ascending,True,2.4990476190476194,PHRASE_03
52,Charlie Parker,5,4.008344671201812,11,2.7442749818971777,68.81818181818181,10,3.1281182789245916,0.0325850832729927,arch,False,2.004172335600906,PHRASE_03
52,Charlie Parker,6,2.975056689342402,8,2.6890243902439037,61.875,12,4.594493987372276,0.0458536585365846,descending,False,1.487528344671201,PHRASE_31
52,Charlie Parker,7,4.641088435374151,11,2.370133677298311,71.0909090909091,8,2.2342192231717286,0.0212632895559751,flat,False,2.3205442176870754,PHRASE_03
52,Charlie Parker,8,5.784671201814064,31,5.3589908429503215,69.6774193548387,17,4.098678754649959,0.0556949322629241,flat,False,2.892335600907032,PHRASE_45
52,Charlie Parker,9,1.28580498866215,4,3.1108916478554853,61.75,3,1.0897247358851685,0.0316027088036288,flat,False,0.642902494331075,PHRASE_14
52,Charlie Parker,10,13.090249433106578,38,2.902924057649667,66.97368421052632,17,4.439575857558225,0.0589800443459014,flat,False,6.545124716553289,PHRASE_48
52,Charlie Parker,11,5.192562358276646,13,2.5035809111235316,72.84615384615384,15,4.753074371007818,0.1145891559530416,descending,False,2.596281179138323,PHRASE_55
52,Charlie Parker,12,4.466938775510215,13,2.9102704678362503,70.15384615384616,9,2.4446536280108773,0.0324886289798527,arch,False,2.2334693877551075,PHRASE_03
52,Charlie Parker,13,5.241904761904749,17,3.243095930232566,70.70588235294117,13,3.593535141012062,0.0343300110742027,descending,False,2.6209523809523745,PHRASE_00
52,Charlie Parker,14,11.659319727891171,20,1.7153659447348744,65.6,12,3.2771939216347876,0.0234005476723943,descending,True,5.8296598639455866,PHRASE_01
52,Charlie Parker,15,2.409070294784584,6,2.4905873493975865,70.66666666666667,12,3.7267799624996494,0.0771084337349412,descending,False,1.204535147392292,PHRASE_28
52,Charlie Parker,16,2.1681632653060916,5,2.306099397590394,69.8,15,4.915282290977803,0.0374832663989242,descending,False,1.0840816326530458,PHRASE_28
52,Charlie Parker,17,9.79301587301586,28,2.8591804979253146,67.96428571428571,22,4.946009523250196,0.0560165975103698,ascending,False,4.8965079365079305,PHRASE_37
52,Charlie Parker,18,7.041451247165526,16,2.2722588623248168,66.8125,12,3.660921161401867,0.0725474031327247,descending,False,3.520725623582763,PHRASE_53
53,Charlie Parker,1,8.620408163265308,24,2.7840909090909083,64.0,14,3.752776749732567,0.1044402356902362,flat,False,4.310204081632654,PHRASE_53
53,Charlie Parker,2,10.331428571428576,26,2.5165929203539816,64.26923076923077,18,4.856064347467562,0.1618731563421834,flat,False,5.165714285714287,PHRASE_15
53,Charlie Parker,3,2.9986394557823175,9,3.001361161524496,67.77777777777777,11,3.764683188021648,0.1130671506352086,ascending,False,1.4993197278911587,PHRASE_00
53,Charlie Parker,4,4.625124716553287,26,5.621470034515219,69.8076923076923,19,5.349473236247233,0.0194540320050219,flat,True,2.3125623582766437,PHRASE_13
53,Charlie Parker,5,10.383673469387752,33,3.1780660377358503,69.54545454545455,17,4.8933529998628975,0.0507337526205466,flat,False,5.191836734693876,PHRASE_48
53,Charlie Parker,6,10.674285714285707,32,2.997858672376875,64.9375,20,4.788903188622631,0.1299072091363349,ascending,True,5.3371428571428545,PHRASE_15
53,Charlie Parker,7,6.205170068027215,29,4.67352218908963,65.82758620689656,22,5.29195202572438,0.2050517453078343,ascending,False,3.1025850340136074,PHRASE_59
53,Charlie Parker,8,4.71945578231292,10,2.118888376383766,65.0,13,4.2895221179054435,0.0394372693726961,ascending,False,2.35972789115646,PHRASE_17
53,Charlie Parker,9,7.8497959183673345,19,2.420445091514147,65.15789473684211,11,3.280936289580779,0.0704381586245195,descending,False,3.9248979591836672,PHRASE_53
53,Charlie Parker,10,7.880272108843542,21,2.6648825966850813,68.19047619047619,17,3.9954622787434344,0.1665745856353614,descending,True,3.940136054421771,PHRASE_08
53,Charlie Parker,11,6.295510204081623,32,5.082987551867228,68.5,10,2.839454172900137,0.1237897648686066,flat,True,3.147755102040811,PHRASE_45
53,Charlie Parker,12,5.045986394557815,18,3.5671915444348636,62.27777777777778,10,2.5992639033976856,0.0301984469370174,flat,False,2.5229931972789075,PHRASE_07
54,Charlie Parker,1,2.8096145124716543,7,2.4914449896694224,62.57142857142857,9,2.8713930346059686,0.0867768595041324,descending,False,1.4048072562358271,PHRASE_25
54,Charlie Parker,2,7.453605442176872,8,1.073306074766355,67.375,9,2.9553976043842223,0.0451713395638625,ascending,False,3.726802721088436,PHRASE_49
54,Charlie Parker,3,14.514285714285707,37,2.5492125984251977,62.21621621621622,24,5.836210984530395,0.0540119985001875,flat,False,7.2571428571428545,PHRASE_09
54,Charlie Parker,4,5.044897959183672,15,2.973300970873787,64.73333333333333,23,6.77708557485361,0.0388349514563097,flat,False,2.522448979591836,PHRASE_43
54,Charlie Parker,5,5.4448979591836775,23,4.2241379310344795,67.82608695652173,16,4.239074693056037,0.0629685157421299,ascending,False,2.7224489795918387,PHRASE_13
54,Charlie Parker,6,2.2775510204081684,6,2.6344086021505317,70.5,10,3.8188130791298662,0.0824173636001601,ascending,False,1.1387755102040842,PHRASE_28
54,Charlie Parker,7,2.579591836734693,10,3.876582278481014,70.3,11,3.7696153649941526,0.1344936708860784,ascending,False,1.2897959183673464,PHRASE_40
54,Charlie Parker,8,11.902040816326526,40,3.360768175582992,63.975,20,5.0174071989424975,0.1433470507544564,flat,True,5.951020408163263,PHRASE_54
54,Charlie Parker,9,4.408163265306129,13,2.9490740740740695,64.23076923076923,13,3.983694577299708,0.0648148148148193,ascending,False,2.204081632653065,PHRASE_31
54,Charlie Parker,10,2.127528344671191,5,2.350144952251035,66.4,3,1.019803902718557,0.1136596180081808,flat,False,1.0637641723355955,PHRASE_14
54,Charlie Parker,11,2.990476190476187,7,2.340764331210194,67.14285714285714,17,5.642405045180428,0.0418562329390374,flat,False,1.4952380952380937,PHRASE_31
54,Charlie Parker,12,9.746938775510202,16,1.6415410385259634,63.3125,16,5.021438414438636,0.0979899497487424,flat,False,4.873469387755101,PHRASE_30
54,Charlie Parker,13,4.261224489795907,16,3.7547892720306617,64.5625,19,6.204522040415362,0.0936994465730079,descending,False,2.1306122448979536,PHRASE_20
54,Charlie Parker,14,6.432653061224499,25,3.886421319796949,68.52,16,4.29995348812054,0.1751269035533005,ascending,False,3.2163265306122497,PHRASE_08
54,Charlie Parker,15,15.346938775510196,38,2.4760638297872353,64.1842105263158,21,5.330425396068037,0.1317139479905478,descending,False,7.673469387755098,PHRASE_09
54,Charlie Parker,16,7.297959183673498,19,2.6034675615212426,64.78947368421052,12,4.6518694303124954,0.0552696992294284,ascending,True,3.648979591836749,PHRASE_53
54,Charlie Parker,17,4.928435374149672,15,3.0435622791519363,68.46666666666667,15,4.1771867194188115,0.1182825382803307,flat,False,2.464217687074836,PHRASE_00
54,Charlie Parker,18,4.841360544217679,13,2.6851955935251843,60.92307692307692,8,2.3357271462598423,0.1366812799760266,flat,True,2.4206802721088394,PHRASE_25
54,Charlie Parker,19,7.764172335600904,36,4.6366822429906565,64.66666666666667,17,4.594682917363407,0.113481308411219,ascending,True,3.882086167800452,PHRASE_59
54,Charlie Parker,20,2.664489795918371,8,3.002450980392153,72.25,7,2.1065374432940898,0.0157952069716756,descending,False,1.3322448979591854,PHRASE_03
54,Charlie Parker,21,14.908752834467125,36,2.41468890119183,65.44444444444444,24,6.584681062235135,0.0558925344803472,descending,True,7.454376417233561,PHRASE_09
54,Charlie Parker,22,5.321814058956903,10,1.87905851072896,67.4,10,2.973213749463701,0.0271163908441643,ascending,False,2.6609070294784516,PHRASE_17
54,Charlie Parker,23,9.752018140589598,21,2.153400424122915,64.14285714285714,10,2.512553515861508,0.0409985490531708,arch,False,4.876009070294799,PHRASE_53
54,Charlie Parker,24,2.069387755102042,7,3.3826429980276114,69.28571428571429,9,2.813959371941744,0.2209072978303738,descending,False,1.034693877551021,PHRASE_10
54,Charlie Parker,25,5.490068027210867,17,3.0965007930214212,62.11764705882353,12,3.1971007627532217,0.0564201691778915,descending,False,2.7450340136054336,PHRASE_07
54,Charlie Parker,26,6.240362811791414,20,3.2049418604651008,61.55,15,4.165033013074447,0.0651162790697714,ascending,False,3.120181405895707,PHRASE_07
54,Charlie Parker,27,6.7976417233560085,17,2.500867314261315,71.52941176470588,17,4.5904971800298044,0.0802732707087903,ascending,False,3.398820861678004,PHRASE_55
54,Charlie Parker,28,14.839909297052143,31,2.0889615549171823,64.19354838709677,17,4.888560411084226,0.2202432614143311,descending,False,7.419954648526073,PHRASE_09
55,Charlie Parker,1,4.64344671201814,13,2.7996444895886237,63.38461538461539,8,2.3051267790417995,0.1397234050865336,flat,False,2.32172335600907,PHRASE_25
55,Charlie Parker,2,1.8184126984126987,6,3.2995810055865915,62.0,9,3.1091263510296048,0.0670391061452525,flat,False,0.9092063492063494,PHRASE_25
55,Charlie Parker,3,4.423038548752837,18,4.06960052497744,67.38888888888889,17,4.785845900951505,0.0907226642605194,ascending,True,2.2115192743764185,PHRASE_20
55,Charlie Parker,4,0.5746938775510202,2,3.4801136363636376,60.5,1,0.5,0.0606060606060634,flat,False,0.2873469387755101,PHRASE_14
55,Charlie Parker,5,3.526530612244901,10,2.8356481481481457,68.4,12,3.8262252939417984,0.1297582304526769,flat,False,1.7632653061224506,PHRASE_00
55,Charlie Parker,6,1.7879365079365108,6,3.3558238636363584,73.5,10,3.304037933599835,0.0844155844155855,descending,False,0.8939682539682554,PHRASE_23
55,Charlie Parker,7,6.880272108843535,23,3.342891042119835,67.82608695652173,13,3.409094918941332,0.171524619339529,descending,False,3.4401360544217674,PHRASE_08
55,Charlie Parker,8,2.728707482993201,11,4.031212604706815,63.63636363636363,10,3.1986567428653054,0.1430162212471741,ascending,False,1.3643537414966005,PHRASE_40
55,Charlie Parker,9,5.927074829931968,21,3.543063079607018,61.61904761904762,10,2.6632631341161073,0.1005952927493665,flat,True,2.963537414965984,PHRASE_07
55,Charlie Parker,10,13.920362811791378,50,3.5918604045037545,63.22,20,5.441654160271488,0.1177348311092582,descending,False,6.960181405895689,PHRASE_54
55,Charlie Parker,11,2.9459410430839057,12,4.073401274669779,65.83333333333333,9,3.131382371342656,0.1659533852643309,ascending,True,1.4729705215419528,PHRASE_40
55,Charlie Parker,12,2.830294784580488,13,4.593161133188071,65.61538461538461,9,3.101822331331685,0.1541469042430454,ascending,False,1.415147392290244,PHRASE_40
55,Charlie Parker,13,7.175646258503406,26,3.6233670199654897,63.53846153846154,12,3.8752743747107687,0.1968677120266962,flat,False,3.587823129251703,PHRASE_08
55,Charlie Parker,14,11.004217687074828,40,3.634969894041865,64.975,17,4.395949840478164,0.1555783599774162,ascending,True,5.502108843537414,PHRASE_15
55,Charlie Parker,15,7.841950113378687,27,3.4430211375531323,69.48148148148148,19,4.999039688301406,0.1686724691322287,flat,False,3.9209750566893433,PHRASE_37
55,Charlie Parker,16,1.16099773242631,3,2.5839843749999867,59.666666666666664,3,1.247219128924647,0.0307812500000016,flat,False,0.5804988662131549,PHRASE_14
55,Charlie Parker,17,1.7240816326530537,6,3.480113636363652,63.166666666666664,6,2.1147629234082532,0.0959595959595838,descending,False,0.8620408163265267,PHRASE_25
55,Charlie Parker,18,4.0195011337868465,15,3.731806386099516,62.46666666666667,10,3.03021818063027,0.1017037120613845,ascending,False,2.0097505668934232,PHRASE_07
55,Charlie Parker,19,3.993832199546489,14,3.505405159883718,68.42857142857143,9,2.7957693986829892,0.0919899164244134,arch,False,1.9969160997732445,PHRASE_00
55,Charlie Parker,20,5.111746031746037,20,3.912557446279961,60.35,17,4.942418436352795,0.1173057472896003,descending,True,2.5558730158730185,PHRASE_20
55,Charlie Parker,21,8.48253968253968,31,3.654565868263474,62.70967741935484,15,4.065540065596942,0.1517857142857092,ascending,True,4.24126984126984,PHRASE_15
55,Charlie Parker,22,1.7240816326530537,4,2.320075757575768,72.0,5,1.8708286933869709,0.0875420875421036,arch,False,0.8620408163265267,PHRASE_22
56,Charlie Parker,1,23.68979591836735,43,1.8151274982770504,65.23255813953489,22,5.202133771973143,0.0954514128187456,flat,False,11.844897959183674,PHRASE_35
56,Charlie Parker,2,8.204081632653057,38,4.631840796019903,67.42105263157895,22,5.936646133383679,0.0779657269209482,descending,True,4.102040816326529,PHRASE_59
56,Charlie Parker,3,3.9755102040816297,15,3.7731006160164298,60.93333333333333,14,3.9237170585499097,0.0944558521560564,descending,False,1.9877551020408148,PHRASE_07
56,Charlie Parker,4,7.053061224489795,14,1.984953703703704,61.785714285714285,14,4.394453832934865,0.0798611111111106,ascending,False,3.5265306122448976,PHRASE_53
56,Charlie Parker,5,3.3142857142857167,15,4.525862068965514,64.8,9,2.902872140943632,0.0714285714285692,flat,False,1.6571428571428584,PHRASE_12
56,Charlie Parker,6,5.48571428571428,12,2.187500000000002,64.75,12,4.105382645584534,0.1664021164021158,descending,False,2.74285714285714,PHRASE_17
56,Charlie Parker,7,20.24326530612244,43,2.124163238970886,64.20930232558139,21,5.17398743957485,0.1496536459033453,descending,False,10.12163265306122,PHRASE_35
56,Charlie Parker,8,9.23863945578232,20,2.164820923656926,72.45,17,4.295055296500849,0.1013195098963266,flat,False,4.61931972789116,PHRASE_30
56,Charlie Parker,9,7.346938775510196,14,1.9055555555555577,59.785714285714285,14,4.2287886044616245,0.1044444444444436,ascending,True,3.673469387755098,PHRASE_53
56,Charlie Parker,10,5.32244897959184,8,1.5030674846625758,66.375,12,3.6721077053920954,0.0659509202453986,descending,False,2.66122448979592,PHRASE_17
56,Charlie Parker,11,8.53877551020409,22,2.576481835564051,70.54545454545455,15,3.6893861614005496,0.0946462715105209,descending,False,4.269387755102045,PHRASE_55
56,Charlie Parker,12,4.032653061224494,7,1.7358299595141684,64.85714285714286,9,3.440455593940656,0.0668016194332028,ascending,False,2.016326530612247,PHRASE_17
56,Charlie Parker,13,5.632653061224488,24,4.2608695652173925,61.375,17,4.688749833377763,0.1376811594202939,descending,False,2.816326530612244,PHRASE_20
56,Charlie Parker,14,16.97142857142856,33,1.9444444444444455,61.39393939393939,21,5.336775748545773,0.1353962909518458,ascending,True,8.48571428571428,PHRASE_09
56,Charlie Parker,15,8.019591836734719,25,3.117365635179143,71.88,21,4.217297712991105,0.1045285921100313,ascending,True,4.0097959183673595,PHRASE_37
56,Charlie Parker,16,5.485714285714295,22,4.01041666666666,61.0,14,3.825750075000147,0.0729166666666779,descending,False,2.7428571428571473,PHRASE_07
56,Charlie Parker,17,10.636734693877573,20,1.880276285495008,65.3,19,4.838388161361178,0.1871748955402008,descending,False,5.3183673469387855,PHRASE_30
56,Charlie Parker,18,12.636734693877544,51,4.035852713178297,65.0,22,6.016317680389936,0.1033591731266163,flat,False,6.318367346938771,PHRASE_54
56,Charlie Parker,19,9.657142857142844,24,2.4852071005917193,60.75,10,3.058458217250428,0.081994928148774,flat,False,4.828571428571422,PHRASE_53
57,Charlie Parker,1,3.9938321995464854,9,2.2534747456395348,63.77777777777778,9,3.010270485365348,0.0512808866279068,descending,False,1.9969160997732427,PHRASE_17
57,Charlie Parker,2,7.304126984126983,15,2.053633518776078,61.53333333333333,12,3.556527644893104,0.0605441585535461,ascending,False,3.6520634920634913,PHRASE_53
57,Charlie Parker,3,4.105532879818593,9,2.192163663879285,60.77777777777778,8,2.6152449546532934,0.1146950633512662,descending,False,2.0527664399092966,PHRASE_25
57,Charlie Parker,4,6.796553287981858,7,1.029933806651364,63.285714285714285,5,1.577908716741037,0.0488442854855073,ascending,False,3.398276643990929,PHRASE_49
57,Charlie Parker,5,3.924489795918369,9,2.293291731669266,67.0,18,5.617433182117573,0.0963540763852782,descending,False,1.9622448979591844,PHRASE_55
57,Charlie Parker,6,6.995011337868476,13,1.8584673236514535,68.6923076923077,11,3.313947573621234,0.0771200726141082,ascending,False,3.497505668934238,PHRASE_57
57,Charlie Parker,7,4.203900226757369,11,2.616617761284198,63.81818181818182,12,3.2702010452009,0.0761953050832816,flat,False,2.1019501133786846,PHRASE_17
57,Charlie Parker,8,6.714285714285715,7,1.0425531914893615,70.0,3,0.9258200997725514,0.0370820668693011,flat,False,3.3571428571428577,PHRASE_49
57,Charlie Parker,9,10.653061224489797,13,1.2203065134099615,71.92307692307692,6,2.268904800577327,0.0509535972754379,flat,False,5.326530612244898,PHRASE_49
57,Charlie Parker,10,6.369523809523798,16,2.5119617224880426,64.125,12,3.585997071945263,0.1292150831624494,flat,False,3.184761904761899,PHRASE_53
57,Charlie Parker,11,5.427029478458053,15,2.7639429746126702,61.46666666666667,10,2.895206766747795,0.1132318285895746,arch,False,2.7135147392290264,PHRASE_07
57,Charlie Parker,12,4.785396825396816,5,1.0448454292158704,64.0,3,1.2649110640673518,0.0727174510510013,flat,True,2.392698412698408,PHRASE_27
57,Charlie Parker,13,14.077097505668943,24,1.7048969072164937,63.75,12,2.7271780286589284,0.0877158505154659,ascending,True,7.038548752834473,PHRASE_01
57,Charlie Parker,14,3.3524716553287988,14,4.1760233759909084,64.64285714285714,9,2.767338661115788,0.1106301236438381,flat,False,1.6762358276643994,PHRASE_40
57,Charlie Parker,15,12.801904761904751,28,2.187174527600061,66.5,23,5.858449331643022,0.1349678690104211,ascending,False,6.400952380952376,PHRASE_09
57,Charlie Parker,16,6.963083900226735,19,2.728676010837858,62.473684210526315,12,3.774825489903391,0.1095117757398918,ascending,False,3.4815419501133675,PHRASE_53
57,Charlie Parker,17,5.606167800453505,27,4.816124126326697,64.85185185185185,16,5.154672125246461,0.1280902148589218,flat,False,2.8030839002267527,PHRASE_20
57,Charlie Parker,18,4.418321995464879,8,1.8106421415667489,70.375,3,1.1110243021644486,0.082792741008379,flat,False,2.2091609977324396,PHRASE_22
57,Charlie Parker,19,4.179092970521538,12,2.871436477878222,63.25,12,3.538478957593691,0.0912652334805529,descending,False,2.089546485260769,PHRASE_07
57,Charlie Parker,20,8.736099773242643,16,1.8314809142868984,66.875,11,3.75624480032918,0.0920516427781697,descending,False,4.368049886621321,PHRASE_53
57,Charlie Parker,21,10.74081632653062,26,2.4206726201786037,66.61538461538461,23,7.120268594096083,0.0613549517596666,descending,False,5.37040816326531,PHRASE_09
57,Charlie Parker,22,12.26907029478457,17,1.385598060125753,64.11764705882354,14,4.470588235294118,0.1346859717668419,descending,True,6.134535147392285,PHRASE_01
57,Charlie Parker,23,7.188027210884343,16,2.2259236826165996,64.3125,9,2.6626760505175993,0.0663045124167198,ascending,False,3.5940136054421714,PHRASE_53
57,Charlie Parker,24,11.249841269841257,32,2.8444845782656585,63.46875,18,4.100185780851887,0.1616913718107436,descending,False,5.6249206349206275,PHRASE_15
57,Charlie Parker,25,1.7531065759637272,7,3.9929118377483257,59.57142857142857,6,1.7612611437054218,0.1142384105960246,descending,False,0.8765532879818636,PHRASE_25
58,Charlie Parker,1,3.82548752834467,5,1.3070229514415783,63.8,7,2.3151673805580453,0.0295902883156294,ascending,False,1.912743764172335,PHRASE_27
58,Charlie Parker,2,7.941224489795918,16,2.0148026315789473,63.625,17,4.181432170919432,0.0883018092105259,descending,False,3.970612244897959,PHRASE_53
58,Charlie Parker,3,7.410068027210887,22,2.968933607520563,66.22727272727273,15,4.511921765337795,0.1222458871915394,descending,True,3.7050340136054434,PHRASE_08
58,Charlie Parker,4,2.2320181405895667,7,3.1361752275682737,69.85714285714286,10,3.602720060833855,0.036410923276981,descending,False,1.1160090702947834,PHRASE_03
58,Charlie Parker,5,3.84253968253968,13,3.383179114342368,69.61538461538461,11,3.101822331331685,0.0969927296761381,ascending,False,1.92126984126984,PHRASE_00
58,Charlie Parker,6,6.938140589569159,25,3.6032708875321937,64.04,14,3.538135101999357,0.0540310878119567,flat,False,3.4690702947845793,PHRASE_07
58,Charlie Parker,7,4.516281179138325,14,3.099895565552697,64.21428571428571,9,2.5684506566236003,0.0437017994858618,arch,False,2.2581405895691624,PHRASE_25
58,Charlie Parker,8,5.032925170068019,7,1.390841262975781,71.14285714285714,7,2.030381486221699,0.0566068339100333,flat,False,2.5164625850340094,PHRASE_49
58,Charlie Parker,9,8.343673469387753,20,2.3970257313374432,70.6,18,4.953786430600334,0.0643229081738023,descending,False,4.171836734693876,PHRASE_55
58,Charlie Parker,10,7.30512471655328,15,2.0533530339338726,64.73333333333333,21,5.79041353349559,0.0318479246079509,descending,True,3.65256235827664,PHRASE_55
58,Charlie Parker,11,6.087981859410434,11,1.8068384982121568,65.18181818181819,13,4.3236807093069505,0.0427592371871261,descending,True,3.043990929705217,PHRASE_17
58,Charlie Parker,12,5.416054421768706,11,2.030998794212219,63.72727272727273,16,4.574452954694227,0.0942189174705218,descending,False,2.708027210884353,PHRASE_17
58,Charlie Parker,13,9.48625850340136,18,1.8974814984797204,63.94444444444444,19,5.060437203578168,0.1030156999980854,descending,False,4.74312925170068,PHRASE_30
58,Charlie Parker,14,5.491519274376429,12,2.185187632135302,59.833333333333336,7,1.818118685772619,0.0856236786469378,descending,True,2.7457596371882147,PHRASE_25
59,Charlie Parker,1,3.2507936507936535,13,3.999023437499997,70.15384615384616,15,5.260098768393464,0.112499999999999,ascending,True,1.6253968253968267,PHRASE_31
59,Charlie Parker,2,3.395918367346937,11,3.2391826923076943,68.18181818181819,15,5.30554053142359,0.0837606837606885,ascending,False,1.6979591836734684,PHRASE_31
59,Charlie Parker,3,2.4729251700680237,12,4.852552816901415,70.75,12,3.677068578818368,0.1150234741784046,flat,False,1.236462585034012,PHRASE_36
59,Charlie Parker,4,1.991111111111124,9,4.520089285714256,74.33333333333333,10,3.018461712712472,0.0932944606414007,arch,False,0.995555555555562,PHRASE_36
59,Charlie Parker,5,11.180408163265298,51,4.561550817757013,67.25490196078431,22,5.940367511093813,0.1142263759086164,descending,False,5.590204081632649,PHRASE_54
59,Charlie Parker,6,5.056145124716551,25,4.9444783295063175,64.4,19,5.578530272392541,0.1389207807118185,ascending,False,2.5280725623582754,PHRASE_20
59,Charlie Parker,7,8.375510204081635,40,4.775828460038984,65.6,18,5.068530358989674,0.1120857699805084,descending,False,4.187755102040818,PHRASE_59
59,Charlie Parker,8,3.355283446712022,2,0.5960748269896187,64.0,2,1.0,0.0034602076124586,arch,False,1.677641723356011,PHRASE_27
59,Charlie Parker,9,9.395918367346937,44,4.682884448305822,65.20454545454545,25,6.036177091860172,0.1372719374456993,ascending,True,4.697959183673468,PHRASE_54
59,Charlie Parker,10,8.400000000000006,37,4.4047619047619015,66.45945945945945,20,5.400673604606337,0.0855199222546162,flat,False,4.200000000000003,PHRASE_59
59,Charlie Parker,11,3.7616326530612127,18,4.785156250000015,64.61111111111111,26,6.550139005216174,0.0648148148148132,ascending,False,1.8808163265306064,PHRASE_43
59,Charlie Parker,12,2.5193650793650875,12,4.763104838709662,72.91666666666667,10,2.9285472318009296,0.0921658986175173,flat,True,1.2596825396825435,PHRASE_36
59,Charlie Parker,13,5.259319727891153,25,4.753466473509937,63.28,17,4.728805345962128,0.1059602649006563,ascending,False,2.6296598639455766,PHRASE_20
59,Charlie Parker,14,3.3436734693877384,12,3.5888671875000178,66.5,14,4.112987559751022,0.0434027777777851,descending,False,1.6718367346938692,PHRASE_31
59,Charlie Parker,15,4.115736961451262,17,4.13048748236952,61.64705882352941,14,3.5800291893418676,0.071932299012706,flat,False,2.057868480725631,PHRASE_07
59,Charlie Parker,16,4.609160997732431,23,4.990062185138534,64.73913043478261,15,4.285642271426646,0.0692695214105807,descending,False,2.3045804988662155,PHRASE_20
59,Charlie Parker,17,5.439274376417245,24,4.412353255069361,66.0,12,3.5355339059327378,0.0800426894343727,flat,False,2.7196371882086225,PHRASE_45
59,Charlie Parker,18,5.43346938775511,22,4.048978365384609,65.63636363636364,14,3.9375286959468574,0.0352564102564298,descending,True,2.716734693877555,PHRASE_20
59,Charlie Parker,19,2.867664399092945,13,4.533305921052672,72.76923076923077,12,3.82610157398335,0.0850202429149881,descending,False,1.4338321995464725,PHRASE_36
59,Charlie Parker,20,2.8154195011337606,13,4.617429123711383,65.61538461538461,13,3.773153374901761,0.0680412371134001,flat,False,1.4077097505668803,PHRASE_31
59,Charlie Parker,21,9.276371882086153,45,4.8510344962453145,66.37777777777778,22,6.096588805367178,0.1038798498122681,flat,True,4.638185941043076,PHRASE_54
59,Charlie Parker,22,2.7515646258503352,10,3.634295886075956,72.2,10,3.4583232931581165,0.0400843881856453,ascending,False,1.3757823129251676,PHRASE_36
59,Charlie Parker,23,8.14439909297053,36,4.420215609408405,67.0,20,5.441609239104836,0.0769779044903751,flat,False,4.072199546485265,PHRASE_59
59,Charlie Parker,24,6.077823129251698,24,3.948782234957022,65.45833333333333,18,4.760769954067888,0.0582617000955106,descending,False,3.038911564625849,PHRASE_20
60,Charlie Parker,1,6.4868027210884325,12,1.8499098116531745,64.5,11,3.3291640592396967,0.0626005005802811,ascending,False,3.243401360544216,PHRASE_17
60,Charlie Parker,2,5.13015873015873,13,2.534034653465347,68.38461538461539,13,3.584978522378783,0.1458981612446953,ascending,False,2.565079365079365,PHRASE_00
60,Charlie Parker,3,9.892426303854876,26,2.628273307415829,65.26923076923077,20,5.35334325666388,0.1070747451037932,flat,True,4.946213151927438,PHRASE_37
60,Charlie Parker,4,3.7101133786848095,6,1.617201251711323,71.16666666666667,7,2.1921577396609844,0.0463524349696859,arch,False,1.8550566893424048,PHRASE_03
60,Charlie Parker,5,10.279183673469385,43,4.183211562897079,64.23255813953489,17,4.533273417137639,0.2114923055202613,arch,True,5.1395918367346916,PHRASE_15
60,Charlie Parker,6,6.524081632653065,29,4.445070070070067,63.86206896551724,18,5.544330051447306,0.1586586586586585,descending,True,3.2620408163265324,PHRASE_59
60,Charlie Parker,7,3.271111111111104,17,5.197010869565229,67.76470588235294,21,5.84636047433339,0.1221994232475569,ascending,False,1.635555555555552,PHRASE_20
60,Charlie Parker,8,10.367346938775512,27,2.6043307086614167,66.74074074074075,16,4.239082645281332,0.1257130358705201,flat,True,5.183673469387756,PHRASE_48
60,Charlie Parker,9,4.020408163265316,12,2.984771573604054,70.25,9,2.6180463454008347,0.0892724196277473,descending,False,2.010204081632658,PHRASE_03
60,Charlie Parker,10,9.451065759637189,19,2.010355285130233,63.05263157894737,14,3.5314181467823693,0.1270273901610372,arch,False,4.725532879818594,PHRASE_53
60,Charlie Parker,11,11.24444444444444,39,3.4683794466403177,67.7948717948718,22,5.330990609727177,0.1765185125433602,flat,True,5.62222222222222,PHRASE_54
60,Charlie Parker,12,4.540952380952376,8,1.761744966442955,65.25,12,3.526683994916471,0.0316794503036094,descending,False,2.270476190476188,PHRASE_17
60,Charlie Parker,13,0.9714285714285608,5,5.147058823529468,67.8,5,1.7204650534085253,0.0462184873949713,descending,False,0.4857142857142804,PHRASE_12
61,Charlie Parker,1,3.742857142857144,12,3.2061068702290068,67.33333333333333,12,3.8369548110737792,0.0992366412213743,flat,False,1.871428571428572,PHRASE_00
61,Charlie Parker,2,2.7805895691609983,8,2.877087682672234,69.5,5,1.8027756377319943,0.0695459290187894,flat,False,1.3902947845804992,PHRASE_03
61,Charlie Parker,3,6.634920634920636,20,3.0143540669856455,64.2,13,3.7094473981982814,0.1460355434039646,flat,True,3.317460317460318,PHRASE_08
61,Charlie Parker,4,6.507845804988662,24,3.687856276742533,66.20833333333333,22,6.304622422388901,0.1290331572565468,flat,True,3.253922902494331,PHRASE_43
61,Charlie Parker,5,2.6876190476190516,7,2.6045357902196984,66.42857142857143,8,2.8713930346059686,0.0867672370152879,flat,False,1.3438095238095258,PHRASE_03
61,Charlie Parker,6,8.624489795918365,32,3.710364410790347,64.90625,17,4.54394772609677,0.120155650207712,descending,False,4.312244897959182,PHRASE_15
61,Charlie Parker,7,3.2603174603174594,13,3.9873417721519,60.46153846153846,10,3.713082580352975,0.1284740575879822,flat,False,1.6301587301587297,PHRASE_07
61,Charlie Parker,8,5.906122448979588,19,3.2170006910850057,69.26315789473684,16,4.363027742328991,0.1317668739921676,ascending,True,2.953061224489794,PHRASE_08
61,Charlie Parker,9,7.285351473922901,26,3.5688051692583516,67.1923076923077,16,4.394220249103717,0.1494129804160804,descending,False,3.64267573696145,PHRASE_08
61,Charlie Parker,10,4.159183673469386,13,3.1256133464180587,69.84615384615384,17,5.361488797915884,0.1069894231817623,descending,False,2.079591836734693,PHRASE_55
61,Charlie Parker,11,5.126530612244892,20,3.901273885350323,66.25,15,4.624662149822406,0.1286624203821652,descending,False,2.563265306122446,PHRASE_20
62,Charlie Parker,1,8.587755102040816,9,1.048003802281369,65.11111111111111,7,2.0245407953654,0.0304182509505703,flat,False,4.293877551020408,PHRASE_49
62,Charlie Parker,2,7.93469387755102,17,2.1424897119341564,64.47058823529412,11,3.219748749036237,0.0721536351165979,descending,False,3.96734693877551,PHRASE_53
62,Charlie Parker,3,1.7240816326530606,7,4.060132575757577,67.28571428571429,17,5.799366608624126,0.0471380471380465,ascending,True,0.8620408163265303,PHRASE_31
62,Charlie Parker,4,1.683446712018139,6,3.5641163793103487,72.33333333333333,5,1.9720265943665387,0.1551724137931033,flat,False,0.8417233560090693,PHRASE_44
62,Charlie Parker,5,12.567800453514735,48,3.819284064665128,63.666666666666664,27,6.465721580423608,0.0786229792147805,flat,True,6.283900226757368,PHRASE_54
62,Charlie Parker,6,1.8401814058956916,8,4.347397476340694,68.375,12,3.6721077053920954,0.1892744479495278,descending,False,0.9200907029478458,PHRASE_40
62,Charlie Parker,7,0.9171882086167784,2,2.1805775316455733,67.5,3,1.5,0.0126582278481005,flat,True,0.4585941043083892,PHRASE_14
62,Charlie Parker,8,13.50240362811791,29,2.1477657459157355,66.34482758620689,18,5.194664783376575,0.1074537833190023,descending,False,6.751201814058955,PHRASE_09
62,Charlie Parker,9,12.196281179138325,47,3.8536336863398377,67.42553191489361,21,6.242424109239915,0.107984293193712,descending,False,6.098140589569162,PHRASE_54
62,Charlie Parker,10,13.368888888888875,34,2.5432180851063855,64.20588235294117,13,3.763441883394585,0.1254884932696469,descending,False,6.684444444444438,PHRASE_48
62,Charlie Parker,11,2.7805895691609948,12,4.315631524008356,68.5,17,5.251983752196243,0.0459290187891491,ascending,True,1.3902947845804974,PHRASE_31
62,Charlie Parker,12,2.4961451247165485,11,4.406795058139544,73.54545454545455,10,3.6522380775637577,0.1604651162790568,flat,False,1.2480725623582742,PHRASE_36
62,Charlie Parker,13,13.206349206349202,28,2.1201923076923084,68.5,15,3.708099243547831,0.0989010989011001,descending,False,6.603174603174601,PHRASE_48
62,Charlie Parker,14,9.943945578231308,21,2.111837784588438,72.0,10,2.4688535993934706,0.1313485113835433,arch,False,4.971972789115654,PHRASE_24
62,Charlie Parker,15,9.723356009070272,21,2.159748134328363,61.523809523809526,18,5.057940928867131,0.1327052238805947,flat,True,4.861678004535136,PHRASE_53
62,Charlie Parker,16,5.242811791383247,25,4.768433618213878,63.08,25,6.052569702200876,0.0879208331891646,ascending,False,2.6214058956916233,PHRASE_43
62,Charlie Parker,17,11.987301587301571,21,1.751853813559324,64.71428571428571,14,3.781444132588918,0.105569007263922,descending,False,5.993650793650787,PHRASE_01
62,Charlie Parker,18,3.750022675736972,8,2.1333204334365266,60.0,7,2.345207879911715,0.0541795665634823,descending,False,1.8750113378684856,PHRASE_25
62,Charlie Parker,19,4.051882086167808,9,2.2211900071633197,65.0,10,2.70801280154532,0.053008595988547,ascending,False,2.025941043083904,PHRASE_17
62,Charlie Parker,20,8.277913832199545,30,3.6241015077138856,64.63333333333334,18,4.8199815582865275,0.0483870967741929,flat,False,4.138956916099772,PHRASE_37
62,Charlie Parker,21,8.27210884353741,20,2.4177631578947385,68.25,19,5.223743868146676,0.0870175438596563,descending,True,4.136054421768705,PHRASE_55
62,Charlie Parker,22,3.959002267573709,7,1.7681222507331322,66.71428571428571,5,1.4846149779161806,0.026392961876833,flat,False,1.9795011337868544,PHRASE_27
62,Charlie Parker,23,7.38975056689344,34,4.600967203456392,67.05882352941177,22,5.449992857364927,0.0989542419481515,ascending,False,3.69487528344672,PHRASE_59
62,Charlie Parker,24,6.362267573696158,20,3.1435333029197015,71.0,11,2.701851217221259,0.0556569343065823,descending,False,3.181133786848079,PHRASE_00
62,Charlie Parker,25,2.292970521541946,8,3.4889240506329178,61.75,7,2.331844763272204,0.0481012658227992,descending,False,1.146485260770973,PHRASE_25
63,Charlie Parker,1,5.511791383219956,19,3.447155140494507,69.47368421052632,18,5.4518796474014986,0.3504998560085567,descending,False,2.755895691609978,PHRASE_58
63,Charlie Parker,2,1.1212244897959174,7,6.243174372042233,58.285714285714285,8,2.813959371941744,0.4643044937912061,descending,False,0.5606122448979587,PHRASE_38
63,Charlie Parker,3,2.927210884353741,13,4.441087613293052,71.0,17,5.519197266046799,0.3452010225424097,ascending,False,1.4636054421768705,PHRASE_58
63,Charlie Parker,4,4.78893424036281,21,4.385109284442594,69.85714285714286,13,3.6811710647786073,0.349662866017654,ascending,False,2.394467120181405,PHRASE_08
63,Charlie Parker,5,3.359727891156467,12,3.5717178261925926,63.083333333333336,18,5.407684860969208,0.1751167625064103,ascending,False,1.6798639455782336,PHRASE_51
63,Charlie Parker,6,9.378503401360549,33,3.51868508094934,64.87878787878788,19,4.6040665540142305,0.2665186947523164,arch,False,4.689251700680273,PHRASE_15
63,Charlie Parker,7,2.086848072562347,5,2.3959578398348493,67.0,3,1.095445115010332,0.0848636314245316,arch,False,1.0434240362811735,PHRASE_14
63,Charlie Parker,8,5.537959183673479,24,4.333726415094332,70.0,13,3.559026084010437,0.2390592243186612,flat,False,2.7689795918367395,PHRASE_08
63,Charlie Parker,9,1.3428117913832125,8,5.957648012428686,63.75,7,2.1065374432940898,0.0795028538620024,flat,False,0.6714058956916062,PHRASE_12
63,Charlie Parker,10,5.726802721088433,18,3.1431150812505955,59.72222222222222,12,3.0515124766354353,0.1567993918084138,flat,False,2.8634013605442163,PHRASE_07
63,Charlie Parker,11,7.329523809523806,24,3.274428274428276,64.95833333333333,15,3.8021832178660486,0.1422445797445788,ascending,False,3.664761904761903,PHRASE_08
63,Charlie Parker,12,2.222857142857137,10,4.49871465295631,70.5,17,5.572252686302013,0.0829150854857875,ascending,False,1.1114285714285683,PHRASE_31
63,Charlie Parker,13,6.257052154195023,24,3.8356720398933017,69.5,15,4.0,0.0742491012408694,descending,False,3.1285260770975114,PHRASE_13
63,Charlie Parker,14,1.7916099773242564,4,2.232628781166949,64.75,11,4.14578098794425,0.0873560308821587,descending,False,0.8958049886621282,PHRASE_17
63,Charlie Parker,15,4.465215419501121,17,3.8072071340063895,66.52941176470588,13,3.5664720920527335,0.2445306628206957,descending,False,2.2326077097505603,PHRASE_08
63,Charlie Parker,16,8.627256235827673,31,3.593262927703683,62.32258064516129,18,4.747747151827896,0.1636116090437463,flat,False,4.3136281179138365,PHRASE_15
64,Charlie Parker,1,5.085714285714284,18,3.5393258426966305,59.72222222222222,13,3.1763983019828457,0.0557874085963969,descending,False,2.542857142857142,PHRASE_07
64,Charlie Parker,2,4.101224489795921,17,4.1451035031847105,71.76470588235294,12,3.2635132956894584,0.0416887827317774,flat,False,2.0506122448979607,PHRASE_00
64,Charlie Parker,3,3.783764172335598,9,2.378583756831913,71.0,10,3.265986323710904,0.1904305302521823,descending,False,1.891882086167799,PHRASE_50
64,Charlie Parker,4,10.194285714285712,39,3.8256726457399113,62.12820512820513,18,4.432858007174217,0.0976404014520595,descending,False,5.097142857142856,PHRASE_15
64,Charlie Parker,5,6.231655328798183,23,3.690833139264091,67.56521739130434,20,5.123060285793195,0.1306474149976708,flat,True,3.1158276643990916,PHRASE_37
64,Charlie Parker,6,7.0878911564625895,33,4.6558277027027,68.12121212121212,19,4.9589684640791845,0.1103219696969705,descending,False,3.5439455782312947,PHRASE_59
64,Charlie Parker,7,3.639727891156468,10,2.7474581339712874,66.8,11,3.1874754901018454,0.106858054226472,descending,False,1.8198639455782344,PHRASE_00
64,Charlie Parker,8,8.097959183673467,28,3.457661290322582,61.964285714285715,13,3.3539118190250496,0.1114695340501815,flat,False,4.0489795918367335,PHRASE_07
64,Charlie Parker,9,5.1025850340136,20,3.9195819112628025,60.05,13,3.51390096616282,0.1112592434584752,ascending,False,2.5512925170068,PHRASE_07
64,Charlie Parker,10,3.3756009070294937,12,3.5549226139294765,66.08333333333333,14,3.946693412071539,0.1203783319002654,descending,False,1.6878004535147468,PHRASE_31
64,Charlie Parker,11,2.8357369614512464,9,3.17377814738997,58.333333333333336,6,1.7638342073763935,0.0511770726714365,descending,False,1.4178684807256232,PHRASE_25
64,Charlie Parker,12,3.689795918367352,9,2.4391592920353946,71.22222222222223,12,3.9659040661277216,0.2168141592920343,ascending,True,1.844897959183676,PHRASE_28
64,Charlie Parker,13,3.3714285714285808,11,3.2627118644067705,69.9090909090909,15,4.357950841529775,0.1175141242937871,descending,False,1.6857142857142904,PHRASE_00
64,Charlie Parker,14,4.466938775510187,18,4.029605263157911,60.05555555555556,12,3.47166662221511,0.0965318388563962,descending,False,2.2334693877550933,PHRASE_07
64,Charlie Parker,15,7.418775510204085,22,2.96544894366197,68.27272727272727,21,5.162643950727522,0.1258558294209717,descending,False,3.709387755102042,PHRASE_37
64,Charlie Parker,16,5.416054421768706,24,4.431270096463024,66.91666666666667,16,4.7074114141662005,0.085543944265803,flat,True,2.708027210884353,PHRASE_20
64,Charlie Parker,17,6.1667120181406005,16,2.5945755133258763,63.125,15,4.594493987372276,0.3154086015179134,descending,False,3.0833560090703003,PHRASE_51
64,Charlie Parker,18,6.8818140589569055,24,3.487452551665969,63.0,24,5.267826876426369,0.0877266975959463,ascending,True,3.4409070294784527,PHRASE_37
64,Charlie Parker,19,1.700861678004543,9,5.291435580204754,69.11111111111111,5,1.852592444503674,0.0802047781569906,descending,True,0.8504308390022715,PHRASE_12
65,Charlie Parker,1,8.352653061224487,17,2.035281469898359,66.76470588235294,16,5.0003460087890375,0.0871340456954192,descending,True,4.1763265306122435,PHRASE_30
65,Charlie Parker,2,4.8972335600907115,14,2.8587568528670864,65.57142857142857,15,4.686062704816208,0.0321529115424569,descending,False,2.448616780045356,PHRASE_31
65,Charlie Parker,3,6.220045351473914,27,4.34080436304247,67.81481481481481,24,7.164919875166665,0.1305412972468498,ascending,True,3.110022675736957,PHRASE_43
65,Charlie Parker,4,3.4372789115646327,15,4.363917036098788,68.53333333333333,10,2.604269997949948,0.0428541270846558,flat,False,1.7186394557823164,PHRASE_12
65,Charlie Parker,5,1.9482993197278944,9,4.619413407821221,71.88888888888889,11,3.6038388311615233,0.0756052141527056,ascending,False,0.9741496598639472,PHRASE_36
65,Charlie Parker,6,11.9285260770975,25,2.0958163513595727,65.84,18,5.174398515769732,0.1313948537015602,descending,False,5.964263038548751,PHRASE_48
65,Charlie Parker,7,3.1709750566893717,16,5.045766590388969,72.0,11,3.082207001484488,0.1064073226544711,flat,False,1.585487528344686,PHRASE_36
65,Charlie Parker,8,2.169614512471668,7,3.226379598662189,65.0,14,5.0709255283711,0.0418060200668929,descending,False,1.084807256235834,PHRASE_31
65,Charlie Parker,9,1.2596825396825295,5,3.969254032258097,70.2,4,1.469693845669907,0.0627880184332038,flat,False,0.6298412698412648,PHRASE_44
65,Charlie Parker,10,4.925532879818576,9,1.8272134649381329,73.66666666666667,12,4.0,0.040070713022981,ascending,True,2.462766439909288,PHRASE_57
65,Charlie Parker,11,11.70285714285717,25,2.136230468749995,68.6,14,4.089009660052175,0.086410280257935,descending,False,5.851428571428585,PHRASE_48
65,Charlie Parker,12,2.589569160997712,5,1.9308231173380184,63.4,11,3.929376540877701,0.1116637478108525,ascending,False,1.294784580498856,PHRASE_17
65,Charlie Parker,13,2.637641723356012,9,3.412138927097658,64.66666666666667,12,3.9440531887330774,0.0514442916093551,descending,True,1.318820861678006,PHRASE_31
65,Charlie Parker,14,2.513015873015888,8,3.183425972713472,64.25,12,4.264680527307995,0.0360571717317527,descending,True,1.256507936507944,PHRASE_31
65,Charlie Parker,15,6.675736961451236,30,4.493885869565225,68.86666666666666,21,5.346234396490882,0.0957065217391401,ascending,False,3.337868480725618,PHRASE_59
65,Charlie Parker,16,1.9127437641723477,9,4.7052826251896525,72.77777777777777,8,2.528845928164676,0.0795713201820653,arch,False,0.9563718820861736,PHRASE_36
65,Charlie Parker,17,5.954467120181391,11,1.8473525469168943,69.27272727272727,8,2.415514591924804,0.2637094808676523,flat,False,2.9772335600906956,PHRASE_05
65,Charlie Parker,18,6.509750566893416,28,4.301240072453677,65.42857142857143,18,4.836088822803074,0.0751428173331433,flat,False,3.254875283446708,PHRASE_20
65,Charlie Parker,19,16.68063492063493,45,2.6977390377588293,63.2,15,4.251012951181296,0.0761266747868467,flat,False,8.340317460317465,PHRASE_04
66,Charlie Parker,1,6.733786848072563,20,2.970096982758621,60.8,13,3.789459064299283,0.0771551724137928,ascending,True,3.3668934240362813,PHRASE_07
66,Charlie Parker,2,11.40843537414966,48,4.207413061107666,63.9375,22,5.355706652721002,0.2087010446978014,ascending,False,5.70421768707483,PHRASE_54
66,Charlie Parker,3,13.95374149659864,41,2.938280031201248,65.07317073170732,22,5.981231800298285,0.0787441497659916,descending,True,6.976870748299319,PHRASE_09
66,Charlie Parker,4,4.088163265306129,7,1.7122603833865788,69.28571428571429,7,2.5475077857324298,0.072284345047926,ascending,True,2.0440816326530644,PHRASE_03
66,Charlie Parker,5,6.478367346938775,17,2.6241179435483875,67.47058823529412,15,4.313012418781967,0.0672043010752689,flat,False,3.2391836734693875,PHRASE_55
66,Charlie Parker,6,1.5020408163265344,6,3.9945652173912944,63.833333333333336,12,4.374801582802229,0.0724637681159443,ascending,True,0.7510204081632672,PHRASE_31
66,Charlie Parker,7,10.229115646258514,40,3.910406469461584,67.275,22,5.458880379711576,0.1894729375044373,flat,False,5.114557823129257,PHRASE_54
66,Charlie Parker,8,6.879455782312931,14,2.0350446958310244,60.42857142857143,12,3.040542379113252,0.1392294913377135,arch,False,3.4397278911564655,PHRASE_53
66,Charlie Parker,9,4.490884353741492,11,2.4494062045564733,73.72727272727273,14,4.024717022032483,0.0547746000969418,ascending,True,2.245442176870746,PHRASE_28
66,Charlie Parker,10,7.518911564625853,24,3.1919513607411685,67.75,20,5.0518148554092255,0.0581210191082818,descending,False,3.7594557823129264,PHRASE_37
67,Charlie Parker,1,3.7061224489795928,11,2.9680616740088097,62.18181818181818,7,2.081004207683563,0.2533039647577093,flat,True,1.8530612244897964,PHRASE_10
67,Charlie Parker,2,3.575510204081633,13,3.6358447488584473,63.0,12,4.095025124371127,0.0707762557077631,arch,False,1.7877551020408164,PHRASE_31
67,Charlie Parker,3,3.2678458049886636,12,3.672143888087042,61.583333333333336,15,4.821105221373576,0.0882091706450533,descending,False,1.6339229024943318,PHRASE_31
67,Charlie Parker,4,3.32244897959184,10,3.0098280098280066,59.1,10,2.7730849247724096,0.0663390663390657,ascending,False,1.66122448979592,PHRASE_25
67,Charlie Parker,5,2.7102040816326536,5,1.8448795180722888,73.6,7,2.4166091947189146,0.1566265060240956,flat,False,1.3551020408163268,PHRASE_06
67,Charlie Parker,6,5.779591836734696,22,3.8064971751412418,69.4090909090909,17,4.773592995076625,0.059322033898306,flat,True,2.889795918367348,PHRASE_13
67,Charlie Parker,7,4.097959183673467,16,3.904382470119524,66.6875,11,3.440907402125201,0.0498007968127481,descending,False,2.0489795918367335,PHRASE_00
67,Charlie Parker,8,7.654965986394558,24,3.1352196786577564,66.58333333333333,23,5.634097581295123,0.0507133039480529,descending,False,3.827482993197279,PHRASE_37
67,Charlie Parker,9,8.806167800453515,30,3.4067031970995383,69.1,20,5.028916384272064,0.0628707976268962,ascending,False,4.403083900226758,PHRASE_37
67,Charlie Parker,10,6.832653061224491,26,3.805256869772998,63.84615384615385,20,5.572544700392256,0.0597371565113489,flat,True,3.4163265306122454,PHRASE_37
67,Charlie Parker,11,1.730612244897955,6,3.46698113207548,63.166666666666664,12,3.933474573735315,0.0377358490566084,descending,False,0.8653061224489775,PHRASE_31
67,Charlie Parker,12,3.820408163265313,9,2.355769230769227,72.0,12,3.590109871423002,0.346153846153839,descending,False,1.9102040816326564,PHRASE_47
67,Charlie Parker,13,9.502040816326511,34,3.578178694158082,63.26470588235294,19,5.484249230239009,0.0904352806414624,descending,True,4.7510204081632565,PHRASE_15
67,Charlie Parker,14,4.808163265306135,14,2.911714770797955,61.285714285714285,10,3.282607226593159,0.0797962648556881,ascending,False,2.4040816326530674,PHRASE_07
67,Charlie Parker,15,2.8908843537415123,17,5.88055346385539,64.88235294117646,14,3.9389809512431073,0.1144578313253003,descending,True,1.4454421768707562,PHRASE_20
67,Charlie Parker,16,1.5034920634920752,5,3.3255912162161905,58.4,8,2.870540018881465,0.0540540540540647,descending,False,0.7517460317460376,PHRASE_25
67,Charlie Parker,17,3.912562358276645,13,3.3226307492581593,60.46153846153846,15,3.9732835600446026,0.0489614243323459,descending,False,1.9562811791383223,PHRASE_07
67,Charlie Parker,18,11.186213151927449,38,3.3970387908666293,65.15789473684211,20,5.645334896548018,0.0892579138557343,descending,False,5.5931065759637235,PHRASE_54
67,Charlie Parker,19,3.616507936507944,14,3.871137640449431,70.0,9,2.878491668515698,0.0834670947030527,ascending,False,1.808253968253972,PHRASE_00
67,Charlie Parker,20,3.413333333333327,11,3.222656250000006,69.0909090909091,9,2.906248611481051,0.0986394557823013,arch,False,1.7066666666666634,PHRASE_03
67,Charlie Parker,21,2.972154195011342,10,3.3645629882812456,69.5,6,1.91049731745428,0.2363281249999972,descending,False,1.486077097505671,PHRASE_10
67,Charlie Parker,22,5.636643990929713,17,3.015979016477854,60.23529411764706,10,2.7553031596777338,0.1132852729145234,descending,True,2.8183219954648564,PHRASE_07
68,Charlie Parker,1,1.892426303854876,10,5.28422162576687,66.3,8,2.570992026436488,0.092024539877301,flat,False,0.946213151927438,PHRASE_12
68,Charlie Parker,2,2.0259410430839004,9,4.442380014326647,70.55555555555556,7,2.2166597048066667,0.0888252148997146,descending,False,1.0129705215419502,PHRASE_12
68,Charlie Parker,3,7.459410430839,29,3.8877067120622577,64.3103448275862,15,3.8694510728567,0.1377431906614785,arch,False,3.7297052154195,PHRASE_15
68,Charlie Parker,4,4.9574603174603205,15,3.0257428278688505,65.4,15,3.7202150475476543,0.1135831381733021,descending,True,2.47873015873016,PHRASE_00
68,Charlie Parker,5,3.181133786848065,11,3.4578866332116873,65.18181818181819,13,3.8569460791993504,0.0802919708029198,descending,False,1.5905668934240325,PHRASE_31
68,Charlie Parker,6,6.936961451247164,21,3.0272620292887034,61.095238095238095,11,3.0222155528804633,0.1297071129707117,descending,False,3.468480725623582,PHRASE_07
68,Charlie Parker,7,1.7414965986394506,3,1.722656250000005,56.0,7,2.943920288775949,0.0733333333333294,arch,False,0.8707482993197253,PHRASE_25
68,Charlie Parker,8,7.482630385487532,23,3.0737853956555456,66.78260869565217,15,3.83299771139725,0.087664856477891,ascending,True,3.741315192743766,PHRASE_08
68,Charlie Parker,9,6.147482993197265,23,3.7413686260623313,65.26086956521739,17,4.51295132686349,0.1237016052880095,flat,True,3.0737414965986325,PHRASE_20
68,Charlie Parker,10,2.9605442176870724,9,3.039981617647061,63.0,10,3.4641016151377544,0.1823529411764761,arch,False,1.4802721088435362,PHRASE_25
68,Charlie Parker,11,3.639727891156454,11,3.022203947368428,67.0909090909091,17,4.357950841529775,0.1850079744816526,descending,False,1.819863945578227,PHRASE_51
68,Charlie Parker,12,5.06775510204082,14,2.762564432989689,65.28571428571429,13,3.749829928116197,0.2061855670103088,ascending,False,2.53387755102041,PHRASE_08
68,Charlie Parker,13,1.9388662131519256,3,1.5472960329341334,72.0,0,0.0,0.2395209580838338,flat,False,0.9694331065759628,PHRASE_33
68,Charlie Parker,14,3.0243990929705262,11,3.6370861324376142,65.9090909090909,12,4.010317272747778,0.1074856046065244,descending,False,1.5121995464852631,PHRASE_31
309,Miles Davis,1,2.562902494331065,10,3.901826160815403,64.7,10,2.9,0.283125707814269,descending,False,1.2814512471655326,PHRASE_10
309,Miles Davis,2,2.669115646258506,11,4.121215210520946,73.9090909090909,3,0.668042657122685,0.1292690386379867,flat,False,1.334557823129253,PHRASE_44
309,Miles Davis,3,2.6200453514739266,10,3.8167278266288114,70.9,13,4.72122865364515,0.1992314616077005,descending,False,1.3100226757369633,PHRASE_58
309,Miles Davis,4,3.301587301587304,15,4.543269230769227,68.73333333333333,13,3.940671121635107,0.1443681318681329,ascending,False,1.650793650793652,PHRASE_40
309,Miles Davis,5,0.3918367346938751,2,5.104166666666698,73.0,2,1.0,0.1770833333333286,arch,False,0.1959183673469375,PHRASE_44
309,Miles Davis,6,3.3428571428571416,8,2.393162393162394,73.625,3,0.9921567416492216,0.4395604395604375,arch,False,1.6714285714285708,PHRASE_19
309,Miles Davis,7,5.766984126984127,28,4.85522404491908,70.32142857142857,26,7.497873848291792,0.1836712225350333,descending,False,2.8834920634920636,PHRASE_43
309,Miles Davis,8,1.1276190476190493,2,1.773648648648646,67.0,0,0.0,0.3745173745173742,flat,False,0.5638095238095246,PHRASE_19
309,Miles Davis,9,0.6240362811791371,2,3.2049418604651225,73.0,2,1.0,0.4372093023255862,arch,False,0.3120181405895685,PHRASE_19
309,Miles Davis,10,0.4063492063491978,2,4.921875000000104,73.5,3,1.5,0.2428571428571256,arch,False,0.2031746031745989,PHRASE_44
309,Miles Davis,11,2.6383673469387787,6,2.274133663366334,71.5,8,3.304037933599835,0.2421960946094599,ascending,False,1.3191836734693894,PHRASE_50
309,Miles Davis,12,0.5630839002267578,2,3.551868556701028,71.5,1,0.5,0.4845360824742308,flat,False,0.2815419501133789,PHRASE_19
309,Miles Davis,13,4.160181405895692,13,3.124863733484498,75.61538461538461,9,3.2472109106469893,0.0791435922033755,arch,False,2.080090702947846,PHRASE_23
309,Miles Davis,14,2.1804988662131564,8,3.6688851913477465,62.375,14,5.02338282435253,0.2217970049916763,descending,False,1.0902494331065782,PHRASE_51
309,Miles Davis,15,6.006122448979596,28,4.661909616038053,71.21428571428571,17,4.923392724368771,0.1546041454298361,ascending,False,3.003061224489798,PHRASE_13
309,Miles Davis,16,8.588480725623583,17,1.9793954883406557,72.47058823529412,7,2.278225497769069,0.4352821899290288,descending,False,4.294240362811792,PHRASE_02
309,Miles Davis,17,1.5063945578231284,3,1.9915101156069377,69.33333333333333,2,0.9428090415820634,0.6107899807321776,flat,False,0.7531972789115642,PHRASE_19
309,Miles Davis,18,4.281179138322003,19,4.438029661016942,70.26315789473684,18,5.045499352087101,0.2230508474576346,ascending,True,2.1405895691610013,PHRASE_13
309,Miles Davis,19,5.894965986394553,24,4.071270310192027,70.58333333333333,19,4.654000668481068,0.1895617922205732,flat,False,2.9474829931972764,PHRASE_13
309,Miles Davis,20,5.640181405895689,24,4.255182284547225,71.375,25,6.349622692202533,0.1954875126642296,descending,False,2.8200907029478444,PHRASE_43
309,Miles Davis,21,5.602040816326522,28,4.998178506375235,71.60714285714286,17,4.624000167714142,0.1635701275045503,arch,False,2.801020408163261,PHRASE_13
309,Miles Davis,22,6.633469387755085,13,1.9597587989170615,78.07692307692308,8,2.1289773081689303,0.0964120655235589,flat,True,3.3167346938775424,PHRASE_52
309,Miles Davis,23,10.626530612244906,33,3.105434991357785,73.03030303030303,15,4.253232984126727,0.5149563621620541,descending,False,5.313265306122453,PHRASE_34
309,Miles Davis,24,1.6965079365079418,7,4.126122754491005,73.85714285714286,3,0.832993127835043,0.215568862275451,flat,False,0.8482539682539709,PHRASE_44
309,Miles Davis,25,1.24081632653062,6,4.835526315789443,74.16666666666667,1,0.3726779962499649,0.1184210526315925,flat,False,0.62040816326531,PHRASE_44
309,Miles Davis,26,9.327709750566896,34,3.6450533849355287,65.41176470588235,22,5.876762048945898,0.1797244209339002,flat,False,4.663854875283448,PHRASE_54
309,Miles Davis,27,20.16943310657598,20,0.9915995107209664,73.65,7,1.5256146302392355,0.1164915815225239,descending,True,10.08471655328799,PHRASE_26
309,Miles Davis,28,4.556916099773218,8,1.7555732484076527,68.625,3,1.4086784586980805,0.3133757961783452,flat,False,2.278458049886609,PHRASE_33
309,Miles Davis,29,12.891791383219925,16,1.2410998227000285,73.0625,15,4.038389994787527,0.6667393690372364,descending,False,6.445895691609962,PHRASE_32
309,Miles Davis,30,4.236734693877565,6,1.416184971098261,78.33333333333333,11,3.636237371545238,0.0433526011560794,ascending,False,2.1183673469387827,PHRASE_23
309,Miles Davis,31,6.0604081632652935,27,4.45514547413794,64.55555555555556,25,6.83852557930183,0.2943157327586228,descending,False,3.0302040816326468,PHRASE_43
310,Miles Davis,1,8.2140589569161,17,2.0696223498233217,69.0,13,3.725902969908968,0.3773851590106008,flat,False,4.10702947845805,PHRASE_18
310,Miles Davis,2,4.580136054421768,8,1.7466730038022815,71.375,13,4.270172713134681,0.335868187579214,flat,False,2.290068027210884,PHRASE_47
310,Miles Davis,3,5.334784580498866,20,3.7489798694232865,68.9,15,3.9484174044799265,0.1741022850924927,ascending,False,2.667392290249433,PHRASE_08
310,Miles Davis,4,2.5019501133786832,8,3.197505800464039,74.0,11,3.6742346141747673,0.0533642691415297,descending,False,1.2509750566893416,PHRASE_23
310,Miles Davis,5,2.819773242630383,12,4.255661348430266,68.58333333333333,12,3.522743564641375,0.1456510550694806,ascending,False,1.4098866213151915,PHRASE_40
310,Miles Davis,6,1.4067120181405883,4,2.8435102198723348,74.25,5,1.920286436967152,0.2023986072603033,descending,False,0.7033560090702942,PHRASE_06
310,Miles Davis,7,2.420408163265307,8,3.3052276559865077,65.75,12,3.992179855667828,0.0657672849915703,descending,True,1.2102040816326536,PHRASE_31
310,Miles Davis,8,6.322448979591833,20,3.1633311814073615,67.85,12,3.3656351555092834,0.1316978695932862,ascending,False,3.1612244897959165,PHRASE_08
310,Miles Davis,9,1.4485260770975046,6,4.142141515341268,70.0,8,2.768874620972692,0.045898559799624,descending,False,0.7242630385487523,PHRASE_12
310,Miles Davis,10,4.448979591836732,10,2.24770642201835,65.1,16,5.281098370604357,0.1981651376146774,descending,True,2.224489795918366,PHRASE_51
310,Miles Davis,11,3.2224489795918387,7,2.172260924635844,68.85714285714286,11,4.085814184592883,0.2830905636478782,flat,False,1.6112244897959194,PHRASE_47
310,Miles Davis,12,2.4693877551020336,7,2.8347107438016614,69.42857142857143,6,2.0603150145508513,0.0495867768595045,ascending,True,1.2346938775510168,PHRASE_03
310,Miles Davis,13,3.2326530612244824,8,2.47474747474748,68.25,11,3.929058411375428,0.2803030303030296,flat,False,1.6163265306122412,PHRASE_47
310,Miles Davis,14,1.9510204081632592,9,4.612970711297085,69.44444444444444,11,3.0590888662080453,0.0302649930264989,descending,False,0.9755102040816296,PHRASE_12
310,Miles Davis,15,3.726530612244901,12,3.220153340635266,71.83333333333333,10,2.9953667926019047,0.0898138006571696,descending,False,1.8632653061224504,PHRASE_00
310,Miles Davis,16,1.5265306122448976,6,3.930481283422461,67.16666666666667,8,2.5440562537456244,0.2085561497326176,ascending,True,0.7632653061224488,PHRASE_40
310,Miles Davis,17,5.551020408163268,13,2.341911764705882,70.0,11,3.088439984597651,0.0139705882352996,ascending,False,2.775510204081634,PHRASE_57
310,Miles Davis,18,1.2897959183673322,3,2.325949367088634,71.66666666666667,3,1.247219128924647,0.0221518987341746,flat,False,0.6448979591836661,PHRASE_22
310,Miles Davis,19,3.8897959183673407,13,3.342077649527812,70.38461538461539,12,3.5634568682770675,0.0682056663168932,arch,True,1.9448979591836704,PHRASE_00
310,Miles Davis,20,1.4734693877551024,4,2.7146814404432127,68.0,4,2.0,0.2936288088642627,descending,True,0.7367346938775512,PHRASE_10
310,Miles Davis,21,4.028571428571425,10,2.4822695035461018,69.3,9,2.8301943396169813,0.0577507598784211,arch,False,2.0142857142857125,PHRASE_03
310,Miles Davis,22,2.755102040816326,11,3.9925925925925942,65.36363636363636,11,3.053246477044848,0.1940740740740744,ascending,False,1.377551020408163,PHRASE_40
310,Miles Davis,23,5.044897959183672,14,2.7750809061488684,68.42857142857143,13,3.519624284215691,0.0736245954692575,arch,True,2.522448979591836,PHRASE_00
310,Miles Davis,24,0.9714285714285752,3,3.0882352941176356,66.66666666666667,8,3.7712361663282534,0.1638655462184846,ascending,True,0.4857142857142875,PHRASE_40
310,Miles Davis,25,2.702040816326516,7,2.5906344410876274,71.28571428571429,5,1.577908716741037,0.2386706948640469,descending,True,1.351020408163258,PHRASE_10
310,Miles Davis,26,7.012244897959192,15,2.1391152502910336,71.4,16,4.062839729384691,0.388242142025614,flat,True,3.506122448979596,PHRASE_18
310,Miles Davis,27,5.338775510204101,20,3.7461773700305674,70.4,14,3.760319135392633,0.1429663608562659,ascending,False,2.6693877551020506,PHRASE_08
310,Miles Davis,28,5.171428571428578,16,3.0939226519336978,67.0,11,3.588175023601831,0.3109707971586439,descending,True,2.585714285714289,PHRASE_47
310,Miles Davis,29,5.195918367346934,11,2.1170463472113137,65.9090909090909,8,2.3531234737354154,0.0054988216810703,arch,False,2.597959183673467,PHRASE_03
310,Miles Davis,30,2.787029478458038,5,1.7940247990366855,67.6,5,1.624807680927192,0.0131480456927078,arch,True,1.393514739229019,PHRASE_14
310,Miles Davis,31,4.371428571428567,12,2.7450980392156894,65.41666666666667,16,5.468978169843268,0.0513538748832945,descending,False,2.1857142857142833,PHRASE_31
310,Miles Davis,32,3.962267573696153,16,4.038091749839751,66.875,13,4.121210380458634,0.1100173976742137,arch,True,1.9811337868480765,PHRASE_00
310,Miles Davis,33,1.5483900226757328,3,1.9374963388202264,68.33333333333333,4,1.699673171197595,0.0229629195712062,arch,True,0.7741950113378664,PHRASE_14
310,Miles Davis,34,4.620408163265296,15,3.2464664310954134,67.4,11,2.9844039047465856,0.0578720062818941,flat,True,2.310204081632648,PHRASE_00
310,Miles Davis,35,1.848979591836752,6,3.245033112582751,69.16666666666667,10,3.8042374035044424,0.3664459161148081,arch,False,0.924489795918376,PHRASE_47
310,Miles Davis,36,3.987755102040836,14,3.5107471852609855,71.42857142857143,9,2.5274008589934476,0.1136131013306045,arch,True,1.993877551020418,PHRASE_00
310,Miles Davis,37,2.7354195011337765,7,2.5590224815969327,70.0,8,2.5634797778466227,0.0910206247098597,descending,False,1.3677097505668885,PHRASE_03
310,Miles Davis,38,2.9183673469387656,7,2.3986013986014068,69.28571428571429,8,3.1036515689143473,0.2069930069930132,descending,False,1.4591836734693828,PHRASE_50
310,Miles Davis,39,5.376870748299325,10,1.8598178137651804,70.6,11,3.352610922848042,0.1657388663967602,flat,True,2.6884353741496625,PHRASE_57
310,Miles Davis,40,7.179591836734716,10,1.3928368391131285,69.0,12,4.123105625617661,0.1256395679363373,descending,True,3.589795918367358,PHRASE_57
310,Miles Davis,41,3.7673469387755176,14,3.716143011917653,68.0,12,3.625307868699863,0.0585048754062794,arch,False,1.8836734693877588,PHRASE_00
310,Miles Davis,42,3.46122448979591,10,2.8891509433962335,65.7,10,2.758622844826744,0.0436320754717014,ascending,False,1.730612244897955,PHRASE_03
311,Miles Davis,1,4.614603174603172,4,0.8668134287286742,70.0,5,1.8708286933869709,0.0848730246088531,flat,False,2.307301587301586,PHRASE_49
311,Miles Davis,2,3.4249433106575964,3,0.875926906779661,72.0,4,1.632993161855452,0.0237288135593217,arch,False,1.7124716553287982,PHRASE_22
311,Miles Davis,3,2.56580498866213,3,1.169223699095023,77.66666666666667,3,1.247219128924647,0.0497737556561086,flat,False,1.282902494331065,PHRASE_22
311,Miles Davis,4,6.284263038548758,9,1.4321488366722464,67.66666666666667,12,4.163331998932265,0.2727902546042375,descending,False,3.142131519274379,PHRASE_05
311,Miles Davis,5,2.8174149659864014,3,1.0648058721267115,84.33333333333333,6,2.494438257849294,0.0699246667954422,ascending,True,1.4087074829932007,PHRASE_62
311,Miles Davis,6,1.167346938775509,3,2.569930069930072,87.66666666666667,4,1.699673171197595,0.0769230769230741,ascending,False,0.5836734693877546,PHRASE_62
311,Miles Davis,7,9.47954648526077,25,2.6372569657072877,70.72,18,4.209703077415319,0.0702311696264507,descending,False,4.739773242630385,PHRASE_48
311,Miles Davis,8,8.074739229024942,14,1.73380212077642,70.07142857142857,16,6.111631600180637,0.2473040977713895,descending,False,4.037369614512471,PHRASE_18
311,Miles Davis,9,9.779591836734696,12,1.2270450751252084,70.83333333333333,9,3.4840908267278117,0.1594323873121858,descending,True,4.889795918367348,PHRASE_24
311,Miles Davis,10,7.905668934240367,17,2.150355667737493,72.41176470588235,11,3.896587096865693,0.0319068379990825,descending,True,3.952834467120184,PHRASE_57
311,Miles Davis,11,3.0775510204081655,6,1.9496021220159137,72.33333333333333,2,0.7453559924999299,0.4100795755968126,flat,False,1.5387755102040828,PHRASE_19
311,Miles Davis,12,7.061224489795933,6,0.8497109826589578,79.0,5,1.632993161855452,0.4928709055876754,flat,True,3.5306122448979664,PHRASE_60
311,Miles Davis,13,6.506122448979596,8,1.229611041405269,76.5,14,4.6097722286464435,0.3839397741530764,descending,False,3.253061224489798,PHRASE_60
311,Miles Davis,14,6.548027210884385,15,2.290766289893606,73.73333333333333,16,4.552898954390366,0.0984042553191424,ascending,True,3.2740136054421924,PHRASE_55
311,Miles Davis,15,4.260861678004517,3,0.7040829359673055,74.66666666666667,5,2.0548046676563256,0.3051771117166188,descending,True,2.1304308390022584,PHRASE_56
311,Miles Davis,16,8.391836734693868,12,1.429961089494165,70.83333333333333,9,2.733536577809454,0.419260700389107,ascending,False,4.195918367346934,PHRASE_02
311,Miles Davis,17,6.342857142857156,3,0.472972972972972,78.0,5,2.160246899469287,0.4195624195624156,ascending,True,3.171428571428578,PHRASE_56
311,Miles Davis,18,12.179591836734687,15,1.2315683646112607,72.8,15,4.846992194478276,0.0764075067024081,descending,True,6.089795918367344,PHRASE_30
311,Miles Davis,19,8.33614512471658,8,0.9596761908906896,70.0,5,1.7320508075688772,0.0531194916545182,descending,True,4.16807256235829,PHRASE_49
311,Miles Davis,20,6.9795918367346985,6,0.859649122807017,75.5,6,1.8929694486000912,0.1567251461988329,arch,False,3.4897959183673493,PHRASE_46
311,Miles Davis,21,12.457142857142884,22,1.7660550458715558,78.18181818181819,24,7.395553723422815,0.1087811271297547,descending,False,6.228571428571442,PHRASE_41
311,Miles Davis,22,8.481632653061212,7,0.8253128007699724,75.28571428571429,5,1.4846149779161806,0.0096246390760391,flat,True,4.240816326530606,PHRASE_46
311,Miles Davis,23,6.5061224489796246,6,0.9222082810539476,75.5,5,1.5,0.3023839397741596,flat,False,3.2530612244898123,PHRASE_56
311,Miles Davis,24,8.122448979591809,10,1.2311557788944765,71.9,14,4.1340053217188775,0.0753768844221076,descending,True,4.061224489795904,PHRASE_57
311,Miles Davis,25,5.537959183673479,24,4.333726415094332,71.83333333333333,18,5.096294950473552,0.0880503144653857,ascending,False,2.7689795918367395,PHRASE_13
311,Miles Davis,26,6.954376417233561,9,1.2941491026711185,72.22222222222223,10,3.3259176771323924,0.3931552587645973,arch,True,3.4771882086167807,PHRASE_02
311,Miles Davis,27,7.819319727891127,8,1.0231069042316296,72.75,12,4.085033659592048,0.1091314031180357,arch,False,3.909659863945563,PHRASE_57
312,Miles Davis,1,3.6107029478458057,3,0.8308631430868166,69.66666666666667,5,2.0548046676563256,0.1221864951768489,arch,True,1.8053514739229024,PHRASE_33
312,Miles Davis,2,3.4946031746031707,3,0.8584665697674428,76.33333333333333,3,1.247219128924647,0.0697674418604653,arch,True,1.7473015873015854,PHRASE_22
312,Miles Davis,3,9.465215419501137,17,1.796049983709297,71.58823529411765,15,4.703675953342072,0.0812187362247743,arch,True,4.732607709750567,PHRASE_30
312,Miles Davis,4,2.8331972789115696,4,1.4118325009604278,74.5,17,6.18465843842649,0.1763349980791418,ascending,False,1.4165986394557848,PHRASE_58
312,Miles Davis,5,9.148662131519288,7,0.7651391973350242,65.71428571428571,9,3.282607226593159,0.0452688769035554,descending,False,4.574331065759644,PHRASE_49
312,Miles Davis,6,2.1362358276644073,3,1.404339334239125,77.33333333333333,7,3.2998316455372216,0.1657608695652224,ascending,True,1.0681179138322037,PHRASE_06
312,Miles Davis,7,5.712108843537422,8,1.4005335365853642,70.25,9,3.3819373146171707,0.0497014735772328,descending,False,2.856054421768711,PHRASE_57
312,Miles Davis,8,2.217505668934237,5,2.2547856675392706,75.2,10,3.54400902933387,0.209383180628268,ascending,False,1.1087528344671185,PHRASE_06
312,Miles Davis,9,18.343764172335597,31,1.6899475870253169,75.12903225806451,24,6.694927957326959,0.1061609968354441,descending,False,9.171882086167798,PHRASE_09
312,Miles Davis,10,4.025487528344655,4,0.9936684617291224,74.0,5,2.1213203435596424,0.0346770014195197,ascending,False,2.0127437641723276,PHRASE_46
312,Miles Davis,11,12.294965986394573,13,1.057343307365438,69.61538461538461,13,4.179408525294192,0.1058486779981129,descending,False,6.147482993197286,PHRASE_01
312,Miles Davis,12,13.804263038548754,17,1.2315036269974768,72.29411764705883,13,4.321828396875739,0.2420363751051305,descending,True,6.902131519274377,PHRASE_24
312,Miles Davis,13,10.681179138321994,10,0.936226222826087,62.2,12,3.893584466786357,0.0760869565217362,descending,True,5.340589569160997,PHRASE_01
312,Miles Davis,14,10.17034013605442,16,1.573202054794521,70.8125,17,5.113936228581659,0.0520833333333315,ascending,True,5.08517006802721,PHRASE_30
312,Miles Davis,15,8.678458049886643,16,1.843645484949828,76.9375,10,2.7492896809903464,0.6047763377926426,flat,True,4.339229024943322,PHRASE_32
312,Miles Davis,16,8.6378231292517,16,1.852318548387097,76.9375,10,2.7492896809903464,0.6131447412634365,flat,True,4.31891156462585,PHRASE_32
312,Miles Davis,17,2.658684807256236,5,1.8806290938864627,79.6,4,1.3564659966250536,0.1746724890829703,arch,True,1.329342403628118,PHRASE_06
312,Miles Davis,18,8.626213151927402,16,1.8548115746971812,76.9375,10,2.7492896809903464,0.6091647039030978,flat,False,4.313106575963701,PHRASE_32
312,Miles Davis,19,4.782766439909295,8,1.6726721031670782,78.375,7,2.057759704144291,0.4133510335672319,flat,False,2.3913832199546476,PHRASE_60
312,Miles Davis,20,7.2000000000000455,17,2.361111111111096,76.6470588235294,11,2.785280141588639,0.3798185941043064,arch,True,3.6000000000000227,PHRASE_60
312,Miles Davis,21,7.134693877551001,13,1.822082379862705,77.23076923076923,10,2.8053203890477643,0.4221967963386671,arch,False,3.567346938775501,PHRASE_60
312,Miles Davis,22,3.338775510204073,10,2.9951100244498856,75.3,7,2.1,0.0709046454767771,descending,False,1.6693877551020364,PHRASE_23
312,Miles Davis,23,7.395918367346951,14,1.8929359823399527,77.78571428571429,5,1.7393993802694174,0.4330880549423532,arch,False,3.697959183673475,PHRASE_60
312,Miles Davis,24,5.620408163265324,9,1.6013071895424784,71.33333333333333,13,4.898979485566356,0.0777051561365492,descending,False,2.810204081632662,PHRASE_57
312,Miles Davis,25,7.203990929705242,12,1.6657433521353686,84.66666666666667,11,3.4480268109295333,0.1823630136986233,descending,False,3.601995464852621,PHRASE_52
312,Miles Davis,26,3.523446712018142,7,1.986691036400143,78.0,6,2.0,0.0171703650311485,descending,False,1.761723356009071,PHRASE_23
312,Miles Davis,27,3.681632653061172,5,1.358093126385829,67.2,9,3.655133376499413,0.1352549889135244,descending,False,1.840816326530586,PHRASE_17
312,Miles Davis,28,2.167346938775495,4,1.8455743879472823,74.0,3,1.224744871391589,0.2241054613935895,flat,False,1.0836734693877474,PHRASE_33
312,Miles Davis,29,8.383673469387816,10,1.1927945472249184,68.3,13,5.21632054229799,0.0275073028237561,descending,False,4.191836734693908,PHRASE_30
313,Miles Davis,1,1.6747392290249437,3,1.7913236568457536,70.0,0,0.0,0.5180350953206244,flat,True,0.8373696145124718,PHRASE_19
313,Miles Davis,2,2.9085714285714293,6,2.0628683693516696,72.33333333333333,4,1.699673171197595,0.2081891040633676,flat,False,1.4542857142857146,PHRASE_33
313,Miles Davis,3,2.5439002267573727,5,1.965485889504927,69.2,7,2.785677655436824,0.2343964487547467,ascending,True,1.2719501133786864,PHRASE_50
313,Miles Davis,4,3.967709750566893,7,1.7642419531821507,68.0,7,2.5071326821120348,0.3299881126554511,flat,True,1.9838548752834464,PHRASE_47
313,Miles Davis,5,3.8031746031746,7,1.8405676126878143,72.28571428571429,10,3.1036515689143473,0.2155735750059623,descending,True,1.9015873015873,PHRASE_50
313,Miles Davis,6,3.9731065759637154,7,1.761845514627828,69.14285714285714,16,5.303060340934453,0.2307920599952049,descending,False,1.9865532879818577,PHRASE_51
313,Miles Davis,7,1.4640816326530626,3,2.049066071926399,69.33333333333333,8,3.2998316455372216,0.2248242108849881,ascending,False,0.7320408163265313,PHRASE_50
313,Miles Davis,8,4.609206349206346,8,1.7356567256698132,71.5,9,2.692582403567252,0.245510808497241,ascending,True,2.304603174603173,PHRASE_50
313,Miles Davis,9,1.677641723356011,4,2.3842993079584747,67.0,9,3.24037034920393,0.1793901384083045,ascending,True,0.8388208616780055,PHRASE_50
313,Miles Davis,10,4.589977324263039,12,2.614392000711399,67.91666666666667,9,2.7525240941522906,0.2533569148988738,arch,True,2.2949886621315194,PHRASE_47
313,Miles Davis,11,3.043401360544216,7,2.3000581161428775,67.28571428571429,7,2.864276807966203,0.2099631931095112,descending,False,1.521700680272108,PHRASE_50
313,Miles Davis,12,3.0265759637188125,8,2.6432510189403096,70.375,9,3.42554740151118,0.1001258690961413,descending,False,1.5132879818594065,PHRASE_03
313,Miles Davis,13,5.1626303854875175,14,2.711795916933138,68.85714285714286,7,2.065261756400137,0.1893777012544362,flat,False,2.5813151927437588,PHRASE_10
313,Miles Davis,14,1.2775056689342392,2,1.5655507827753927,71.0,2,1.0,0.1127125563562749,arch,False,0.6387528344671196,PHRASE_22
313,Miles Davis,15,6.8913378684807185,15,2.1766455637890436,68.66666666666667,7,2.2110831935702664,0.1395224870684572,descending,False,3.4456689342403592,PHRASE_49
313,Miles Davis,16,5.4943310657596385,14,2.548080891456871,70.92857142857143,17,4.7126620580590535,0.2937185307470133,flat,False,2.7471655328798192,PHRASE_58
313,Miles Davis,17,1.0073469387755123,2,1.9854132901134476,78.0,2,1.0,0.1910228705204367,arch,False,0.5036734693877563,PHRASE_06
313,Miles Davis,18,0.9337868480725576,3,3.212724623603708,76.0,2,0.816496580927726,0.0713453132588531,flat,True,0.4668934240362787,PHRASE_44
313,Miles Davis,19,1.3800453514739246,2,1.4492277357870504,73.0,0,0.0,0.312783437397305,flat,False,0.6900226757369623,PHRASE_19
313,Miles Davis,20,0.6608163265306075,2,3.0265596046942775,72.0,4,2.0,0.1218859378217047,descending,True,0.3304081632653037,PHRASE_44
313,Miles Davis,21,5.708888888888893,16,2.8026469443363156,76.9375,18,5.129190360086083,0.2470190100174003,ascending,False,2.8544444444444466,PHRASE_58
313,Miles Davis,22,1.9303854875283548,4,2.072124985316564,65.0,8,3.082207001484488,0.2210501585810009,descending,False,0.9651927437641774,PHRASE_50
313,Miles Davis,23,9.494058956916106,19,2.00125152858453,69.3157894736842,11,3.3881004083012805,0.1455260241516362,ascending,True,4.747029478458053,PHRASE_24
313,Miles Davis,24,5.460634920634931,11,2.014417766408926,81.9090909090909,9,2.5745095015465993,0.3246572043153596,descending,True,2.730317460317466,PHRASE_60
313,Miles Davis,25,2.2552834467120135,8,3.5472259647288373,72.625,4,1.2183492931011204,0.1278328540690511,flat,False,1.1276417233560068,PHRASE_44
313,Miles Davis,26,2.1962811791383388,7,3.1872057487403738,75.42857142857143,8,3.3319725113401715,0.1684149665482942,descending,False,1.0981405895691694,PHRASE_06
313,Miles Davis,27,5.2041723356009015,10,1.9215351366425009,69.9,8,2.913760456866693,0.1633087005019576,descending,True,2.6020861678004508,PHRASE_50
313,Miles Davis,28,3.6264852607710054,11,3.033239957981066,72.72727272727273,18,5.327303754175858,0.1612100445200471,ascending,True,1.8132426303855027,PHRASE_58
313,Miles Davis,29,2.211609977324258,6,2.71295574785712,73.0,7,2.581988897471611,0.198519460279701,descending,False,1.105804988662129,PHRASE_06
313,Miles Davis,30,1.6422675736961594,3,1.8267425162929256,73.0,0,0.0,0.2394786258698873,flat,False,0.8211337868480797,PHRASE_33
313,Miles Davis,31,2.0811791383219997,4,1.9219873610808416,69.5,2,0.8660254037844386,0.2721725866201818,flat,True,1.040589569161,PHRASE_33
313,Miles Davis,32,1.4196825396825543,4,2.8175313059033695,72.25,3,1.299038105676658,0.212113467927447,flat,False,0.7098412698412773,PHRASE_44
313,Miles Davis,33,1.412471655328801,4,2.8319152351902335,68.25,5,2.0463381929681126,0.0290897415315256,flat,False,0.7062358276644005,PHRASE_03
313,Miles Davis,34,1.3483446712018292,4,2.966600517977835,69.5,8,2.8722813232690143,0.0,flat,False,0.6741723356009146,PHRASE_03
313,Miles Davis,35,1.3717006802720846,5,3.6451100972030006,73.6,2,0.8,0.3040402036632952,flat,False,0.6858503401360423,PHRASE_44
313,Miles Davis,36,1.4396371882086214,4,2.778477822580636,73.5,1,0.5,0.0400075604838696,flat,False,0.7198185941043107,PHRASE_22
313,Miles Davis,37,3.578775510204082,6,1.676551094890511,66.66666666666667,8,3.4480268109295333,0.1976252027575079,flat,False,1.789387755102041,PHRASE_50
313,Miles Davis,38,3.616235827664383,6,1.6591838270335422,70.66666666666667,2,0.9428090415820634,0.1796759386992427,flat,True,1.8081179138321912,PHRASE_33
313,Miles Davis,39,1.0216780045351186,3,2.936345880681901,79.33333333333333,5,2.0548046676563256,0.0956587357954243,descending,True,0.5108390022675593,PHRASE_23
313,Miles Davis,40,1.9512925170068056,3,1.537442476642028,74.66666666666667,3,1.247219128924647,0.1427044112862071,flat,True,0.9756462585034028,PHRASE_22
313,Miles Davis,41,1.500226757369603,5,3.3328295042321896,68.4,7,2.4166091947189146,0.0390870616686915,flat,False,0.7501133786848015,PHRASE_03
313,Miles Davis,42,2.8551927437641496,4,1.4009562082056115,64.75,4,1.479019945774904,0.0272566990167784,descending,True,1.4275963718820748,PHRASE_27
313,Miles Davis,43,3.480090702947848,10,2.8734883236030004,69.2,12,4.093897898091744,0.1630916388657153,ascending,False,1.740045351473924,PHRASE_28
313,Miles Davis,44,4.244625850340128,10,2.3559202512981643,66.6,16,4.6946778377222005,0.1780456012137535,descending,False,2.122312925170064,PHRASE_51
313,Miles Davis,45,3.149206349206338,7,2.222782258064524,67.71428571428571,9,3.010186786529354,0.0852246543778788,descending,False,1.574603174603169,PHRASE_03
313,Miles Davis,46,2.7202267573696304,5,1.8380820593187737,67.6,8,3.006659275674582,0.1376936029742794,descending,False,1.3601133786848152,PHRASE_50
313,Miles Davis,47,1.200997732426316,3,2.49792311758928,67.0,4,1.632993161855452,0.0157087833245308,ascending,False,0.6004988662131581,PHRASE_14
313,Miles Davis,48,10.12208616780046,28,2.7662281802215114,73.25,15,4.171544763548117,0.0642585755761883,arch,False,5.0610430839002305,PHRASE_48
313,Miles Davis,49,5.337687074829944,3,0.562041190864599,73.66666666666667,2,0.9428090415820634,0.0613274877650914,flat,False,2.668843537414972,PHRASE_46
313,Miles Davis,50,6.064263038548717,17,2.8033084798492505,75.23529411764706,12,3.7499711648257006,0.1874555965210092,arch,True,3.0321315192743583,PHRASE_52
313,Miles Davis,51,6.297052154195001,10,1.5880446525027034,66.3,4,1.268857754044952,0.0746128916096302,flat,False,3.1485260770975003,PHRASE_49
314,Miles Davis,1,2.806893424036282,7,2.4938602727331474,78.57142857142857,7,2.6649654437396615,0.4114909842952247,ascending,True,1.403446712018141,PHRASE_60
314,Miles Davis,2,12.82448979591837,49,3.820814767663908,70.24489795918367,18,4.942653225541422,0.1941297121437165,arch,False,6.412244897959185,PHRASE_54
314,Miles Davis,3,9.539954648526075,36,3.773602844701363,68.5,17,3.700600551862419,0.1435756527030352,flat,False,4.7699773242630386,PHRASE_15
314,Miles Davis,4,11.813151927437636,53,4.486524877149879,69.32075471698113,18,5.200774923774414,0.1039926289926297,ascending,False,5.906575963718819,PHRASE_54
314,Miles Davis,5,1.1668027210884375,2,1.7140858208955192,79.0,0,0.0,0.0248756218905488,flat,False,0.5834013605442188,PHRASE_22
314,Miles Davis,6,1.851791383219954,3,1.6200528996865209,78.33333333333333,2,0.9428090415820634,0.0376175548589359,arch,True,0.925895691609977,PHRASE_22
314,Miles Davis,7,2.7065759637188194,5,1.847352546916891,78.4,7,2.33238075793812,0.137801608579089,ascending,False,1.3532879818594097,PHRASE_06
314,Miles Davis,8,9.920725623582776,35,3.527967744294906,68.37142857142857,25,6.778477343920301,0.1251371416032755,descending,False,4.960362811791388,PHRASE_54
314,Miles Davis,9,5.812244897959175,18,3.0969101123595553,72.61111111111111,13,3.817196308067085,0.1408239700374534,ascending,False,2.9061224489795876,PHRASE_00
314,Miles Davis,10,6.3158276643990945,29,4.59163890165441,70.44827586206897,16,4.537857666318126,0.1074577780330876,flat,False,3.1579138321995472,PHRASE_13
314,Miles Davis,11,1.16099773242631,5,4.306640624999978,66.6,9,3.261901286060018,0.1600000000000024,descending,True,0.5804988662131549,PHRASE_40
314,Miles Davis,12,7.022131519274382,30,4.2722070809491175,64.96666666666667,20,5.141227696010188,0.194112556349212,ascending,False,3.511065759637191,PHRASE_59
314,Miles Davis,13,1.811156462585032,3,1.6564002403846172,75.66666666666667,4,1.699673171197595,0.1698717948717953,descending,False,0.905578231292516,PHRASE_06
314,Miles Davis,14,12.323990929705218,33,2.677704015544041,66.54545454545455,22,6.937342557715122,0.179172309232216,flat,False,6.161995464852609,PHRASE_09
314,Miles Davis,15,2.0491609977324146,6,2.9280276203966173,66.5,7,2.4324199198877374,0.1048158640226663,descending,False,1.0245804988662073,PHRASE_03
314,Miles Davis,16,3.094058956916101,12,3.8784005628517817,67.66666666666667,10,3.009245014211298,0.1069418386491554,ascending,False,1.5470294784580505,PHRASE_40
314,Miles Davis,17,11.151383219954669,41,3.676673932847469,68.0,23,5.108577196794599,0.2333257418011487,flat,False,5.5756916099773335,PHRASE_54
314,Miles Davis,18,2.86185941043081,5,1.747115872210971,77.0,4,1.2649110640673518,0.1906693711967632,arch,False,1.430929705215405,PHRASE_06
314,Miles Davis,19,2.40326530612245,6,2.496603260869565,74.16666666666667,12,4.099457958749614,0.2198067632850162,descending,False,1.201632653061225,PHRASE_28
314,Miles Davis,20,4.376961451247155,20,4.569379973474812,72.15,16,4.339066719929529,0.1512143567639286,descending,False,2.1884807256235774,PHRASE_13
314,Miles Davis,21,1.9954648526077392,9,4.510227272727207,75.0,9,3.197221015541813,0.1316363636363779,flat,False,0.9977324263038696,PHRASE_36
314,Miles Davis,22,7.145941043083894,20,2.798791632818849,66.1,8,2.567099530598687,0.4232331437855452,flat,True,3.572970521541947,PHRASE_02
314,Miles Davis,23,9.717551020408166,37,3.8075436827956977,69.16216216216216,23,4.885242606570812,0.1681600955794502,descending,False,4.858775510204083,PHRASE_54
315,Miles Davis,1,2.7836734693877556,7,2.51466275659824,66.28571428571429,4,1.27775312999988,0.2111436950146633,flat,False,1.3918367346938778,PHRASE_33
315,Miles Davis,2,5.294693877551019,15,2.8330249768732663,65.93333333333334,4,1.2892719737209144,0.2406893479973964,arch,False,2.6473469387755095,PHRASE_10
315,Miles Davis,3,5.599999999999998,18,3.2142857142857153,69.05555555555556,13,3.865405285955324,0.0670553935860057,ascending,False,2.799999999999999,PHRASE_00
315,Miles Davis,4,1.6163265306122447,3,1.8560606060606064,72.66666666666667,6,2.494438257849294,0.0151515151515147,descending,False,0.8081632653061224,PHRASE_23
315,Miles Davis,5,7.421859410430844,34,4.581062254051276,69.61764705882354,13,3.153100303271583,0.1361669884877691,flat,True,3.710929705215422,PHRASE_45
315,Miles Davis,6,5.799183673469393,24,4.13851351351351,68.16666666666667,13,3.3747427885527643,0.1039789789789791,ascending,False,2.8995918367346967,PHRASE_08
315,Miles Davis,7,1.7647165532879825,11,6.233295641447366,78.27272727272727,19,6.031597241963044,0.1513157894736837,ascending,True,0.8823582766439912,PHRASE_42
315,Miles Davis,8,4.307301587301588,5,1.160819575471698,86.6,3,1.019803902718557,0.0444743935309972,arch,False,2.153650793650794,PHRASE_62
315,Miles Davis,9,8.852607709750565,36,4.066598360655739,73.63888888888889,25,6.803401019497437,0.1409016393442628,descending,False,4.426303854875282,PHRASE_41
315,Miles Davis,10,4.614965986394552,17,3.6836674528301936,71.82352941176471,15,4.901803919058743,0.2465408805031465,ascending,True,2.307482993197276,PHRASE_58
315,Miles Davis,11,4.121541950113382,11,2.6689040492957723,66.0909090909091,17,5.0534334944317445,0.3084507042253509,descending,False,2.060770975056691,PHRASE_51
315,Miles Davis,12,5.985850340136054,19,3.174152195654151,66.84210526315789,11,3.013358991220976,0.1329817862229927,flat,True,2.992925170068027,PHRASE_08
315,Miles Davis,13,4.394376417233573,21,4.7788350396301045,69.19047619047619,13,4.112918644131273,0.1189729194187512,ascending,True,2.1971882086167867,PHRASE_13
315,Miles Davis,14,1.311927437641728,6,4.5734236725663555,74.16666666666667,1,0.3726779962499649,0.1460176991150382,flat,False,0.655963718820864,PHRASE_44
315,Miles Davis,15,1.2117913832199605,5,4.126122754490998,77.8,5,1.9390719429665315,0.0616017964071858,descending,False,0.6058956916099802,PHRASE_44
315,Miles Davis,16,1.8750113378684716,9,4.799970975232221,72.55555555555556,9,3.1308895119123044,0.084462074303398,descending,True,0.9375056689342358,PHRASE_36
315,Miles Davis,17,2.7225396825396757,14,5.1422574626865805,65.5,9,2.3222526010012654,0.0861207356076711,flat,True,1.361269841269838,PHRASE_12
315,Miles Davis,18,1.1609977324262957,6,5.167968750000036,65.83333333333333,6,2.3392781412696997,0.1449999999999959,flat,False,0.5804988662131478,PHRASE_12
315,Miles Davis,19,2.5541950113378675,13,5.08966619318182,71.23076923076923,8,2.3584168795009064,0.1151633522727225,ascending,False,1.2770975056689338,PHRASE_12
315,Miles Davis,20,2.796371882086177,14,5.00648718780407,75.92857142857143,12,3.4941642310385737,0.1383068439831335,ascending,False,1.3981859410430886,PHRASE_36
315,Miles Davis,21,3.117278911564611,5,1.6039629888268232,75.4,7,2.4166091947189146,0.0883379888268082,arch,False,1.5586394557823056,PHRASE_23
315,Miles Davis,22,1.4512471655328767,5,3.4453125000000075,76.4,8,2.8705400188814645,0.167999999999986,descending,False,0.7256235827664383,PHRASE_06
315,Miles Davis,23,11.840090702947847,38,3.209434872871293,68.6842105263158,13,3.1464705637126578,0.0840681186177065,ascending,True,5.920045351473924,PHRASE_48
315,Miles Davis,24,4.5859410430839205,19,4.143097310126564,70.73684210526316,9,2.711420394187633,0.2025316455696328,arch,True,2.29297052154196,PHRASE_40
315,Miles Davis,25,1.2422675736961537,6,4.829877336448565,69.83333333333333,11,3.8042374035044424,0.0963054906541912,ascending,True,0.6211337868480769,PHRASE_36
315,Miles Davis,26,2.983764172335583,11,3.6866184338521624,71.54545454545455,14,3.774643544004854,0.0525291828793783,descending,False,1.4918820861677915,PHRASE_00
315,Miles Davis,27,6.507392290249442,31,4.763813001784115,68.54838709677419,14,3.572644359731854,0.0549732381802027,flat,False,3.253696145124721,PHRASE_45
315,Miles Davis,28,4.837188208616794,16,3.3077067316707196,72.8125,12,2.833256739160784,0.1743108944308984,ascending,False,2.418594104308397,PHRASE_00
315,Miles Davis,29,1.1900226757369694,6,5.041920731707283,82.5,13,4.5,0.1317073170731714,ascending,False,0.5950113378684847,PHRASE_36
315,Miles Davis,30,5.706303854875273,8,1.401958290946086,84.75,4,1.1989578808281798,0.0417090539165802,flat,False,2.8531519274376365,PHRASE_62
315,Miles Davis,31,4.887800453514728,9,1.8413190320665125,84.66666666666667,5,1.4907119849998598,0.0296912114014301,flat,True,2.443900226757364,PHRASE_62
315,Miles Davis,32,2.020136054421755,6,2.970096982758641,80.5,6,1.9790570145063195,0.298850574712643,descending,False,1.0100680272108775,PHRASE_06
315,Miles Davis,33,14.344126984126971,64,4.46175637393768,70.15625,18,4.146605351067304,0.1475743626062339,descending,False,7.1720634920634865,PHRASE_29
315,Miles Davis,34,2.403265306122421,6,2.4966032608695943,76.0,7,2.160246899469287,0.0869565217391443,descending,False,1.2016326530612105,PHRASE_23
315,Miles Davis,35,2.7109297052154204,11,4.057648554603853,64.81818181818181,8,2.1242402628268953,0.161268736616695,flat,False,1.3554648526077102,PHRASE_40
315,Miles Davis,36,3.546848072562341,4,1.1277618657937862,70.75,2,0.82915619758885,0.0343698854337104,flat,False,1.7734240362811704,PHRASE_22
315,Miles Davis,37,6.588662131519271,32,4.856828193832602,69.46875,13,3.1522251565362525,0.1066079295154217,arch,True,3.2943310657596356,PHRASE_45
315,Miles Davis,38,1.6253968253968196,4,2.460937500000009,66.25,3,1.299038105676658,0.2785714285714271,flat,False,0.8126984126984098,PHRASE_33
315,Miles Davis,39,2.4729251700680095,9,3.6394146126760822,67.11111111111111,4,1.1967032904743342,0.2887323943661758,flat,False,1.2364625850340047,PHRASE_10
315,Miles Davis,40,2.4613151927437684,8,3.250294811320749,66.625,3,0.8569568250501305,0.2617924528302067,flat,False,1.2306575963718842,PHRASE_10
315,Miles Davis,41,7.6277551020408225,22,2.884203767123285,71.5,13,3.834650630050338,0.1704718417047273,ascending,False,3.8138775510204113,PHRASE_08
315,Miles Davis,42,7.448163265306135,37,4.9676676896098115,68.64864864864865,15,3.6850040611383705,0.10214818062254,arch,False,3.724081632653068,PHRASE_45
315,Miles Davis,43,3.57006802721088,14,3.9214939024390296,69.57142857142857,13,3.7742413753208304,0.2373983739837367,ascending,False,1.78503401360544,PHRASE_40
315,Miles Davis,44,2.4264852607709884,12,4.945424641148298,74.91666666666667,12,3.707162736589204,0.1379336124401897,descending,False,1.2132426303854942,PHRASE_36
315,Miles Davis,45,3.842902494331099,17,4.423739614803587,69.58823529411765,6,1.717002296391344,0.0785498489426263,flat,False,1.9214512471655496,PHRASE_12
315,Miles Davis,46,0.3889342403628006,2,5.142257462686715,71.5,7,3.5,0.1044776119403595,descending,False,0.1944671201814003,PHRASE_36
315,Miles Davis,47,3.1172789115646538,12,3.849511173184323,72.41666666666667,11,3.5463204718255352,0.1750465549348094,ascending,True,1.5586394557823269,PHRASE_36
315,Miles Davis,48,6.339047619047676,19,2.9972956730768963,80.05263157894737,13,3.203184011516408,0.1382783882783742,descending,False,3.169523809523838,PHRASE_52
315,Miles Davis,49,10.234195011337931,37,3.615330757231969,75.45945945945945,22,5.365528585807108,0.1820760068065909,flat,False,5.117097505668966,PHRASE_41
315,Miles Davis,50,5.990748299319762,30,5.007721656976716,72.66666666666667,14,3.78006466728929,0.0794573643411195,arch,True,2.995374149659881,PHRASE_45
315,Miles Davis,51,4.2619501133787026,8,1.877074997871789,69.75,3,1.0897247358851685,0.1206691070060481,flat,False,2.1309750566893513,PHRASE_33
315,Miles Davis,52,5.575691609977298,11,1.9728494273815813,69.18181818181819,4,1.192261549873091,0.2312597605413792,flat,False,2.787845804988649,PHRASE_33
315,Miles Davis,53,7.064671201814008,35,4.954229149548105,70.97142857142858,17,4.312677088940162,0.0698438783894814,ascending,False,3.532335600907004,PHRASE_45
315,Miles Davis,54,3.2780045351474314,13,3.965827338129449,69.76923076923077,23,6.506255524243231,0.096181516325408,descending,False,1.6390022675737157,PHRASE_43
315,Miles Davis,55,4.429206349206368,10,2.257740825688064,66.5,5,1.6278820596099706,0.2844036697247608,arch,False,2.214603174603184,PHRASE_10
316,Miles Davis,1,1.4713832199546475,5,3.3981629885340916,74.0,7,2.9664793948382653,0.0668228331894955,ascending,False,0.7356916099773239,PHRASE_23
316,Miles Davis,2,3.652970521541949,8,2.1899985102050956,72.125,14,5.372092236736075,0.2492923474201724,descending,True,1.8264852607709745,PHRASE_58
316,Miles Davis,3,3.795918367346939,9,2.3709677419354835,74.33333333333333,14,4.9216076867444665,0.2451612903225821,descending,False,1.8979591836734695,PHRASE_58
316,Miles Davis,4,4.195918367346938,11,2.6215953307393005,68.0,7,2.1320071635561044,0.2504539559014263,descending,False,2.097959183673469,PHRASE_10
316,Miles Davis,5,4.992834467120183,11,2.203157359299494,78.54545454545455,19,6.243012623050689,0.0527558769029533,ascending,False,2.4964172335600914,PHRASE_55
316,Miles Davis,6,3.575510204081631,8,2.2374429223744303,76.875,8,3.2572035551988456,0.0547945205479458,descending,False,1.7877551020408156,PHRASE_23
316,Miles Davis,7,2.298412698412698,5,2.175414364640885,80.0,5,1.7888543819998317,0.0525651144435689,descending,False,1.149206349206349,PHRASE_23
316,Miles Davis,8,3.142857142857146,9,2.8636363636363606,73.22222222222223,15,5.223404121574737,0.1804329004329011,descending,True,1.571428571428573,PHRASE_58
316,Miles Davis,9,4.204081632653072,10,2.378640776699023,74.8,9,2.6758176320519307,0.1786407766990316,descending,True,2.102040816326536,PHRASE_06
316,Miles Davis,10,6.191201814058957,7,1.1306367019250492,73.42857142857143,12,4.16986271980755,0.0469688534677245,descending,False,3.0956009070294783,PHRASE_57
316,Miles Davis,11,5.86122448979593,22,3.7534818941504104,74.5,26,8.78402475571938,0.0850510677808714,ascending,False,2.930612244897965,PHRASE_43
316,Miles Davis,12,6.808163265306121,17,2.4970023980815355,84.76470588235294,16,5.0003460087890375,0.3968824940047962,descending,True,3.4040816326530603,PHRASE_60
316,Miles Davis,13,3.721904761904767,7,1.8807574206755344,76.71428571428571,4,1.665986255670086,0.0310961641565531,descending,True,1.8609523809523836,PHRASE_22
316,Miles Davis,14,3.200000000000003,9,2.8124999999999973,71.0,14,4.666666666666667,0.1607142857142872,descending,True,1.6000000000000014,PHRASE_28
316,Miles Davis,15,3.808435374149667,7,1.838025150042866,75.0,7,2.32992949004287,0.0933123749642759,descending,True,1.9042176870748335,PHRASE_23
316,Miles Davis,16,4.048798185941038,17,4.198776826918774,76.41176470588235,23,7.104752539710235,0.0924772615260494,ascending,False,2.024399092970519,PHRASE_42
316,Miles Davis,17,2.8489795918367236,6,2.106017191977086,77.16666666666667,8,2.91070819942883,0.0229226361031497,descending,False,1.4244897959183618,PHRASE_23
316,Miles Davis,18,8.669387755102036,13,1.499529190207157,69.15384615384616,14,4.865042554105199,0.3187382297551807,descending,False,4.334693877551018,PHRASE_18
316,Miles Davis,19,2.9959183673469454,7,2.3365122615803764,76.28571428571429,8,2.864276807966203,0.0272479564032729,ascending,False,1.4979591836734727,PHRASE_23
316,Miles Davis,20,5.362358276643988,33,6.154008795669827,73.21212121212122,5,1.249425947156867,0.0629905277402099,arch,True,2.681179138321994,PHRASE_45
316,Miles Davis,21,7.636734693877543,20,2.6189203634420126,75.3,14,4.69148164229596,0.0525921966862719,arch,False,3.8183673469387713,PHRASE_55
316,Miles Davis,22,7.093877551020398,11,1.550632911392407,71.72727272727273,14,4.4126040361860355,0.1716660273622289,descending,False,3.546938775510199,PHRASE_57
316,Miles Davis,23,7.718820861677983,16,2.072855464159818,71.375,14,3.6550478793033614,0.2888601645123438,descending,False,3.859410430838992,PHRASE_18
316,Miles Davis,24,4.236734693877537,9,2.124277456647406,72.66666666666667,14,4.9216076867444665,0.146435452793839,descending,False,2.1183673469387685,PHRASE_28
316,Miles Davis,25,11.118367346938784,25,2.2485315712187943,69.32,8,1.95386795869117,0.074889867841411,ascending,False,5.559183673469391,PHRASE_24
316,Miles Davis,26,12.922448979591849,16,1.2381554011370803,79.625,14,3.4798527267687636,0.510739102969043,ascending,False,6.461224489795924,PHRASE_32
316,Miles Davis,27,8.577959183673471,13,1.5155119908641033,77.23076923076923,17,5.521341059977342,0.5758786955970112,descending,False,4.2889795918367355,PHRASE_32
316,Miles Davis,28,12.473469387755102,34,2.725785340314136,70.23529411764706,10,2.43816256188973,0.1528286794648101,ascending,False,6.236734693877551,PHRASE_48
316,Miles Davis,29,2.5469387755102275,3,1.1778846153846043,73.66666666666667,3,1.247219128924647,0.0176282051281875,arch,True,1.2734693877551138,PHRASE_22
316,Miles Davis,30,2.563265306122503,5,1.9506369426751184,64.0,10,3.63318042491699,0.0800424628450049,ascending,False,1.2816326530612514,PHRASE_17
317,Miles Davis,1,10.114285714285716,13,1.2853107344632766,71.61538461538461,7,2.3709284626803755,0.2484261501210654,ascending,False,5.057142857142858,PHRASE_24
317,Miles Davis,2,2.396734693877548,8,3.3378746594005495,69.125,10,2.9764702249476644,0.0844686648501373,descending,False,1.198367346938774,PHRASE_03
317,Miles Davis,3,4.623673469387754,7,1.5139477401129948,68.85714285714286,10,3.757984696561687,0.0925141242937845,descending,True,2.311836734693877,PHRASE_17
317,Miles Davis,4,9.253877551020402,17,1.8370677487649976,64.17647058823529,10,3.203587953927083,0.1474947071277353,descending,False,4.626938775510201,PHRASE_53
317,Miles Davis,5,10.844081632653058,15,1.383242999096658,76.86666666666666,12,3.263263533472111,0.2407407407407413,descending,True,5.422040816326529,PHRASE_24
317,Miles Davis,6,6.419591836734682,10,1.55773143438454,70.8,9,3.059411708155671,0.1602238046795554,arch,False,3.209795918367341,PHRASE_57
317,Miles Davis,7,1.9069387755101983,4,2.0976027397260335,77.0,9,3.391164991562634,0.0513698630136975,descending,False,0.9534693877550992,PHRASE_23
317,Miles Davis,8,5.381224489795912,9,1.6724817961165068,66.22222222222223,9,2.3934065809486684,0.1670206310679601,arch,False,2.690612244897956,PHRASE_05
317,Miles Davis,9,2.5861224489795944,6,2.320075757575755,66.16666666666667,9,2.91070819942883,0.1193181818181807,ascending,True,1.2930612244897972,PHRASE_03
317,Miles Davis,10,11.632653061224488,19,1.6333333333333335,67.42105263157895,13,4.107961326544812,0.1423157894736833,descending,True,5.816326530612244,PHRASE_01
317,Miles Davis,11,5.453061224489801,8,1.4670658682634716,72.0,9,2.8722813232690143,0.3724550898203575,ascending,False,2.7265306122449005,PHRASE_56
318,Miles Davis,1,11.359274376417233,11,0.9683717142035836,67.0909090909091,9,2.5028908905338554,0.133539876712767,descending,False,5.679637188208616,PHRASE_24
318,Miles Davis,2,0.8707482993197289,2,2.2968749999999973,56.0,0,0.0,0.0208333333333367,flat,False,0.4353741496598644,PHRASE_14
318,Miles Davis,3,4.140408163265299,4,0.9660883280757114,54.75,4,1.7853571071357126,0.0091132141605327,flat,False,2.0702040816326495,PHRASE_27
318,Miles Davis,4,0.8591383219954665,2,2.327913851351347,64.0,2,1.0,0.0675675675675636,arch,False,0.4295691609977332,PHRASE_14
318,Miles Davis,5,1.1261678004535156,3,2.663901417525771,81.0,5,2.160246899469287,0.1237113402061848,ascending,False,0.5630839002267578,PHRASE_06
318,Miles Davis,6,2.659229024943315,6,2.256293062282553,72.33333333333333,11,4.2295258468165065,0.114400709461762,descending,False,1.3296145124716574,PHRASE_28
318,Miles Davis,7,4.008163265306109,6,1.4969450101833044,66.83333333333333,3,1.3437096247164249,0.0916496945010119,flat,False,2.0040816326530546,PHRASE_27
318,Miles Davis,8,3.028571428571425,4,1.3207547169811336,64.75,1,0.4330127018922193,0.0835579514824759,flat,False,1.5142857142857125,PHRASE_27
318,Miles Davis,9,18.1966439909297,10,0.5495518846763502,65.1,13,4.437341546466758,0.1907505807056207,descending,False,9.09832199546485,PHRASE_01
318,Miles Davis,10,2.043356009070294,6,2.9363458806818192,62.5,1,0.5,0.048916903409092,flat,False,1.021678004535147,PHRASE_14
318,Miles Davis,11,19.130340136054414,21,1.097732703686846,69.33333333333333,22,7.29861913445559,0.050371719010772,descending,True,9.565170068027207,PHRASE_09
318,Miles Davis,12,3.8661224489796098,7,1.8105996621621536,69.71428571428571,7,2.710523708715754,0.3663663663663625,flat,False,1.9330612244898049,PHRASE_47
318,Miles Davis,13,1.787755102040819,4,2.237442922374426,77.5,6,2.179449471770337,0.3333333333333492,flat,False,0.8938775510204096,PHRASE_06
318,Miles Davis,14,18.56326530612245,28,1.508355321020229,75.10714285714286,37,12.160648730681288,0.1339050131926095,descending,True,9.281632653061225,PHRASE_21
318,Miles Davis,15,6.081632653061234,9,1.4798657718120782,67.77777777777777,7,2.8196838978776713,0.2228187919463025,arch,False,3.040816326530617,PHRASE_05
318,Miles Davis,16,2.75918367346938,1,0.3624260355029596,65.0,0,0.0,0.0,flat,True,1.37959183673469,PHRASE_27
318,Miles Davis,17,2.381224489795926,12,5.0394240658210325,75.91666666666667,20,7.21639722360742,0.1109968384565456,ascending,False,1.190612244897963,PHRASE_42
318,Miles Davis,18,14.244897959183676,93,6.528653295128939,67.63440860215054,9,2.5306080965690096,0.252148997134657,arch,False,7.122448979591837,PHRASE_29
318,Miles Davis,19,2.6993197278911225,5,1.85231854838712,78.6,10,3.7202150475476543,0.1956989247311782,descending,False,1.3496598639455613,PHRASE_06
318,Miles Davis,20,4.5859410430839205,5,1.09028876582278,77.4,2,0.8,0.1746835443038008,flat,False,2.29297052154196,PHRASE_46
318,Miles Davis,21,25.39102040816329,91,3.5839441872427953,71.21978021978022,26,5.496856639819673,0.108360482395976,descending,True,12.695510204081645,PHRASE_61
318,Miles Davis,22,3.604897959183688,7,1.941802536231876,77.28571428571429,6,1.979486637221574,0.557165861513664,flat,False,1.802448979591844,PHRASE_60
318,Miles Davis,23,13.116009070294751,9,0.6861843379159653,68.66666666666667,6,2.6246692913372702,0.0837597853448006,descending,True,6.558004535147376,PHRASE_26
318,Miles Davis,24,2.925714285714321,8,2.734374999999967,69.0,8,2.549509756796392,0.0634920634920397,arch,True,1.4628571428571604,PHRASE_03
318,Miles Davis,25,2.925714285714321,6,2.0507812499999756,76.66666666666667,8,2.8674417556808756,0.178571428571448,arch,False,1.4628571428571604,PHRASE_06
318,Miles Davis,26,16.811247165532905,2,0.1189679730662981,77.0,4,2.0,0.0082872928176807,descending,False,8.405623582766452,PHRASE_26
318,Miles Davis,27,1.077551020408123,2,1.8560606060606757,81.5,5,2.5,0.1969696969697017,ascending,True,0.5387755102040614,PHRASE_06
318,Miles Davis,28,7.685804988662142,9,1.1709898980362523,77.11111111111111,3,0.8748897637790901,0.0837424471299132,flat,False,3.842902494331071,PHRASE_46
318,Miles Davis,29,1.5325170068026637,5,3.2626065340910313,71.0,7,2.449489742783178,0.2651515151515241,descending,False,0.7662585034013318,PHRASE_10
318,Miles Davis,30,4.214421768707496,8,1.8982438016528869,67.5,9,3.1622776601683795,0.1818181818181744,descending,False,2.107210884353748,PHRASE_50
318,Miles Davis,31,3.186938775510157,4,1.2551229508196906,83.75,10,3.5619517121937516,0.6612021857923526,flat,True,1.5934693877550783,PHRASE_32
318,Miles Davis,32,4.469841269841254,7,1.566051136363642,69.42857142857143,12,4.562491263620375,0.1792207792207777,descending,False,2.234920634920627,PHRASE_28
318,Miles Davis,33,17.03020408163269,64,3.7580289521618178,68.125,23,5.369182898728632,0.1055507621512821,arch,True,8.515102040816345,PHRASE_61
318,Miles Davis,34,15.628843537414925,14,0.895779650393484,70.28571428571429,12,3.4106675389466634,0.2383406458202762,descending,False,7.814421768707461,PHRASE_24
318,Miles Davis,35,6.555102040816337,9,1.372976338729761,73.44444444444444,7,2.3622546250521443,0.0523038605230405,descending,True,3.2775510204081684,PHRASE_46
318,Miles Davis,36,3.6816326530612287,8,2.1729490022172926,75.875,9,2.8476964374736293,0.2594235033259386,ascending,True,1.8408163265306143,PHRASE_06
318,Miles Davis,37,16.75918367346935,33,1.9690696541646413,69.15151515151516,12,2.4999540858961016,0.1339503166098396,descending,False,8.379591836734676,PHRASE_04
319,Miles Davis,1,12.608435374149664,9,0.7138078383977898,67.55555555555556,4,1.4989708403591155,0.0595649171270713,flat,False,6.304217687074832,PHRASE_26
319,Miles Davis,2,9.077551020408166,7,0.7711330935251797,69.14285714285714,3,0.989743318610787,0.0341726618705045,flat,False,4.538775510204083,PHRASE_49
319,Miles Davis,3,13.665306122448976,10,0.7317801672640385,69.0,3,1.0,0.1426191424399293,flat,False,6.832653061224487,PHRASE_26
319,Miles Davis,4,14.824489795918367,16,1.079295154185022,66.75,20,4.710360920354193,0.1850189672050885,descending,False,7.412244897959184,PHRASE_01
319,Miles Davis,5,4.109931972789127,4,0.9732521186440652,70.5,12,4.5,0.5762711864406821,descending,False,2.0549659863945635,PHRASE_32
319,Miles Davis,6,5.97913832199545,9,1.505233616504858,67.22222222222223,4,1.617802197617893,0.1631067961165032,flat,False,2.989569160997725,PHRASE_49
319,Miles Davis,7,4.365351473922914,3,0.6872298869680833,62.333333333333336,1,0.4714045207910317,0.0212765957446828,arch,False,2.182675736961457,PHRASE_27
319,Miles Davis,8,8.486893424036282,8,0.9426299589603282,57.625,10,4.0600954422279285,0.2995896032831762,descending,False,4.243446712018141,PHRASE_05
319,Miles Davis,9,2.7515646258503637,6,2.180577531645551,76.83333333333333,7,2.3392781412697,0.320675105485232,ascending,True,1.3757823129251818,PHRASE_06
319,Miles Davis,10,1.7995464852607768,4,2.222782258064509,89.25,2,0.82915619758885,0.1741935483870983,flat,False,0.8997732426303884,PHRASE_62
319,Miles Davis,11,16.26122448979592,23,1.414407630522088,77.17391304347827,14,3.952458496474265,0.0847891566265049,descending,False,8.13061224489796,PHRASE_04
319,Miles Davis,12,3.968979591836757,17,4.283216783216759,76.76470588235294,18,6.3942015255064435,0.1052150463915194,ascending,False,1.9844897959183785,PHRASE_42
319,Miles Davis,13,33.59927437641721,28,0.8333513303386322,76.10714285714286,25,8.212965732453105,0.079296605044919,descending,False,16.799637188208607,PHRASE_39
319,Miles Davis,14,2.4264852607709884,5,2.0605936004784575,65.0,0,0.0,0.11961722488039,flat,False,1.2132426303854942,PHRASE_14
319,Miles Davis,15,11.238458049886646,10,0.8898017820247914,67.5,17,4.904079934095692,0.3553719008264458,descending,False,5.619229024943323,PHRASE_18
319,Miles Davis,16,18.83138321995466,8,0.4248227496917383,55.375,9,2.9553976043842223,0.3045622688039459,descending,False,9.41569160997733,PHRASE_63
319,Miles Davis,17,9.4273015873016,4,0.4242995689655167,60.75,10,3.766629793329841,0.0394088669950776,descending,False,4.7136507936508,PHRASE_53
319,Miles Davis,18,3.4829931972788586,6,1.7226562500000262,66.83333333333333,3,1.3437096247164249,0.2533333333333311,flat,False,1.7414965986394293,PHRASE_33
319,Miles Davis,19,50.16671201814063,101,2.0132872165008084,76.88118811881188,10,1.7193547529790096,0.5558889362994541,flat,False,25.08335600907031,PHRASE_11
319,Miles Davis,20,20.28263038548755,19,0.9367621279335996,68.63157894736842,37,11.912887874353776,0.1969089868345735,descending,False,10.141315192743775,PHRASE_21
320,Miles Davis,1,9.657142857142858,20,2.0710059171597632,66.25,14,3.6176649927819464,0.1696956889264581,descending,False,4.828571428571429,PHRASE_53
320,Miles Davis,2,2.016326530612247,4,1.9838056680161924,67.25,7,2.680951323690902,0.076923076923079,descending,False,1.0081632653061234,PHRASE_03
320,Miles Davis,3,2.213832199546484,4,1.8068216736658824,70.0,9,3.391164991562634,0.1113387278500458,descending,False,1.106916099773242,PHRASE_50
320,Miles Davis,4,6.299138321995464,15,2.381278078562378,70.0,16,4.898979485566356,0.1005644511001015,ascending,True,3.149569160997732,PHRASE_55
320,Miles Davis,5,2.5959183673469397,8,3.081761006289307,70.25,8,3.031088913245535,0.1232704402515724,descending,False,1.29795918367347,PHRASE_03
320,Miles Davis,6,4.604081632653056,17,3.692375886524827,70.3529411764706,12,4.1293950058315865,0.2346040189125288,flat,True,2.302040816326528,PHRASE_08
320,Miles Davis,7,9.983673469387751,13,1.3021259198691744,75.3076923076923,11,3.047940424024454,0.1888798037612422,arch,False,4.991836734693877,PHRASE_24
320,Miles Davis,8,11.167346938775507,52,4.656432748538013,66.48076923076923,16,3.4612713572160194,0.1182667316439253,descending,False,5.5836734693877546,PHRASE_29
320,Miles Davis,9,7.542857142857144,15,1.988636363636363,71.06666666666666,11,3.4149995932975195,0.1049783549783544,ascending,False,3.771428571428572,PHRASE_57
320,Miles Davis,10,2.137868480725615,6,2.8065337293169397,69.5,7,2.6299556396765835,0.0657615613067444,descending,False,1.0689342403628077,PHRASE_03
320,Miles Davis,11,4.918367346938766,15,3.049792531120338,70.2,11,3.0594117081556713,0.0987551867219879,flat,True,2.459183673469383,PHRASE_00
320,Miles Davis,12,4.22040816326529,12,2.843326885880088,69.75,12,4.437059837324712,0.0502901353965145,flat,False,2.110204081632645,PHRASE_00
320,Miles Davis,13,16.065306122448973,43,2.6765752032520336,71.51162790697674,20,4.288286333198877,0.1748052168021709,descending,True,8.032653061224487,PHRASE_04
321,Miles Davis,1,2.345215419501134,4,1.7056002475247525,73.0,2,1.0,0.1584158415841582,flat,False,1.172607709750567,PHRASE_22
321,Miles Davis,2,4.446621315192743,9,2.0240086488250655,69.55555555555556,7,2.1140330656044943,0.3231070496083554,ascending,True,2.2233106575963717,PHRASE_47
321,Miles Davis,3,5.294149659863946,14,2.644428453947368,70.35714285714286,12,4.3524564961663215,0.1239035087719296,descending,True,2.647074829931973,PHRASE_00
321,Miles Davis,4,3.08825396825397,10,3.238075657894736,69.6,12,4.127953488110059,0.1484962406015046,ascending,False,1.544126984126985,PHRASE_00
321,Miles Davis,5,2.0999546485260794,7,3.333405321354523,63.42857142857143,16,5.122977450583174,0.279198341395991,descending,False,1.0499773242630397,PHRASE_51
321,Miles Davis,6,5.8340136054421805,22,3.770988805970147,69.54545454545455,15,4.086866689634368,0.3134328358208954,ascending,False,2.9170068027210903,PHRASE_08
321,Miles Davis,7,16.92444444444444,52,3.0724789915966397,72.84615384615384,10,1.964929196068431,0.4223975304407472,flat,True,8.46222222222222,PHRASE_34
321,Miles Davis,8,2.18267573696145,8,3.6652260638297895,70.25,9,2.48746859276655,0.2160904255319147,ascending,True,1.091337868480725,PHRASE_10
321,Miles Davis,9,2.002721088435365,7,3.495244565217407,69.85714285714286,12,3.562846832382836,0.2231884057970988,ascending,True,1.0013605442176825,PHRASE_40
321,Miles Davis,10,1.5702494331065822,3,1.9105244916820627,66.33333333333333,4,1.8856180831641267,0.0942698706099792,descending,False,0.7851247165532911,PHRASE_14
321,Miles Davis,11,5.143219954648515,12,2.3331687358916526,70.58333333333333,21,6.277716322216402,0.097065462753952,descending,False,2.5716099773242576,PHRASE_55
321,Miles Davis,12,10.254013605442182,38,3.705865962556554,69.26315789473684,16,4.063212434867112,0.1540240865807768,descending,False,5.127006802721091,PHRASE_15
321,Miles Davis,13,4.109931972789113,4,0.9732521186440684,65.5,3,1.118033988749895,0.047117761299434,flat,False,2.0549659863945564,PHRASE_27
321,Miles Davis,14,13.844897959183667,33,2.3835495283018875,75.51515151515152,17,3.8700184959327184,0.1871495020964341,ascending,True,6.9224489795918345,PHRASE_04
322,Miles Davis,1,4.151473922902495,12,2.890539654795717,73.83333333333333,15,4.896143607189461,0.2567183744811009,ascending,False,2.0757369614512475,PHRASE_58
322,Miles Davis,2,2.887981859410427,10,3.462625628140708,69.4,8,2.576819745345025,0.3103015075376891,descending,False,1.4439909297052136,PHRASE_10
322,Miles Davis,3,5.885714285714286,26,4.417475728155339,73.15384615384616,17,4.554729644026911,0.1268685467714579,ascending,True,2.942857142857143,PHRASE_13
322,Miles Davis,4,3.089795918367347,8,2.5891677675033025,69.75,6,1.8540496217739155,0.2470277410832231,flat,False,1.5448979591836736,PHRASE_10
322,Miles Davis,5,2.698231292517004,9,3.3355183541750737,73.55555555555556,13,4.271640619275797,0.3558558558558552,ascending,True,1.349115646258502,PHRASE_58
322,Miles Davis,6,9.624489795918372,34,3.5326547921967753,74.0,19,5.246847793171238,0.1590707756102172,flat,False,4.812244897959186,PHRASE_41
322,Miles Davis,7,2.12244897959183,5,2.355769230769238,69.8,7,2.5612496949731396,0.0423076923076908,ascending,False,1.061224489795915,PHRASE_03
322,Miles Davis,8,2.432653061224485,10,4.1107382550335645,72.6,15,4.882622246293481,0.0704697986577209,ascending,False,1.2163265306122426,PHRASE_36
322,Miles Davis,9,1.9836734693877531,6,3.0246913580246946,71.66666666666667,2,0.7453559924999299,0.1028806584362157,flat,False,0.9918367346938766,PHRASE_44
322,Miles Davis,10,2.8816326530612173,13,4.511331444759218,66.15384615384616,8,2.2479444917234552,0.1336166194523135,flat,False,1.4408163265306086,PHRASE_12
322,Miles Davis,11,2.0897959183673507,9,4.306640624999992,70.88888888888889,8,2.469567863432541,0.261111111111113,ascending,False,1.0448979591836751,PHRASE_10
322,Miles Davis,12,1.3467573696145223,4,2.970096982758599,79.25,5,1.920286436967152,0.3318965517241301,ascending,True,0.6733786848072612,PHRASE_06
322,Miles Davis,13,3.5352380952380997,6,1.6971982758620667,74.0,9,3.0550504633038935,0.0361247947454843,descending,True,1.76761904761905,PHRASE_23
322,Miles Davis,14,2.681904761904761,8,2.9829545454545467,72.75,12,3.832427429188973,0.0324675324675346,ascending,False,1.3409523809523805,PHRASE_28
322,Miles Davis,15,2.548390022675733,5,1.9620230637813243,78.0,5,1.7888543819998317,0.1190916856492008,descending,False,1.2741950113378664,PHRASE_06
322,Miles Davis,16,2.2117006802721164,7,3.1649852362204616,73.28571428571429,9,2.813959371941744,0.2860892388451482,descending,False,1.1058503401360582,PHRASE_10
322,Miles Davis,17,4.523083900226752,22,4.8639380752802515,65.13636363636364,17,5.09273506214717,0.176288928549944,descending,False,2.261541950113376,PHRASE_20
322,Miles Davis,18,4.109931972789127,14,3.4063824152542277,67.64285714285714,9,2.8437184624849117,0.1508430437853064,ascending,False,2.0549659863945635,PHRASE_40
322,Miles Davis,19,3.395918367346951,7,2.0612980769230695,62.42857142857143,6,2.1285234893930487,0.3350427350427402,ascending,True,1.6979591836734755,PHRASE_47
322,Miles Davis,20,2.2977777777777817,6,2.6112185686653726,63.333333333333336,6,2.2110831935702664,0.2863853471756256,arch,False,1.1488888888888908,PHRASE_10
322,Miles Davis,21,10.315464852607704,32,3.1021384355655615,68.96875,15,3.432240294253886,0.1744952870005625,ascending,False,5.157732426303852,PHRASE_48
322,Miles Davis,22,3.1927437641723344,8,2.5056818181818192,74.625,8,2.6896793489187516,0.0287784090909089,descending,True,1.5963718820861672,PHRASE_23
322,Miles Davis,23,2.0575056689342404,9,4.374228531123259,75.66666666666667,9,2.9059326290271157,0.0484482454593513,ascending,False,1.0287528344671202,PHRASE_36
322,Miles Davis,24,9.97297052154194,39,3.910570066938305,72.38461538461539,17,4.644353531317989,0.1828252328288661,flat,False,4.986485260770969,PHRASE_41
322,Miles Davis,25,2.292970521541946,3,1.308346518987344,62.333333333333336,6,2.6246692913372702,0.179746835443039,descending,False,1.146485260770973,PHRASE_25
322,Miles Davis,26,5.76435374149662,14,2.4287197885196283,67.42857142857143,13,4.186957397072241,0.154582074521658,descending,False,2.88217687074831,PHRASE_08
322,Miles Davis,27,6.368072562358293,16,2.5125341841385533,66.0625,13,4.422509892583622,0.0562044211485841,arch,False,3.1840362811791465,PHRASE_53
323,Miles Davis,1,2.8692970521541943,3,1.0455522539040276,69.33333333333333,12,5.2493385826745405,0.0161851172788771,descending,False,1.4346485260770971,PHRASE_17
323,Miles Davis,2,3.8162358276644,6,1.5722298806864092,65.16666666666667,7,3.2360813064912666,0.3220872748015397,flat,True,1.9081179138322,PHRASE_47
323,Miles Davis,3,3.553832199546484,7,1.969704703810521,65.14285714285714,7,2.9965967090575756,0.2187922717643771,flat,True,1.776916099773242,PHRASE_50
323,Miles Davis,4,2.2280272108843526,4,1.7953102100635083,67.5,4,1.6583123951777,0.15062693372415,ascending,False,1.1140136054421763,PHRASE_33
323,Miles Davis,5,6.667437641723357,11,1.6498092057381115,68.0909090909091,10,3.502065506228768,0.1977186311787073,descending,True,3.3337188208616784,PHRASE_05
323,Miles Davis,6,2.128253968253972,4,1.8794749403341255,74.0,0,0.0,0.0954653937947522,flat,False,1.064126984126986,PHRASE_22
323,Miles Davis,7,5.616371882086163,7,1.2463562148238476,70.14285714285714,12,4.485805276602166,0.247987338603531,descending,False,2.8081859410430816,PHRASE_05
323,Miles Davis,8,8.111383219954647,15,1.8492530303708017,69.93333333333334,17,5.208539995899896,0.1514067182537917,arch,False,4.055691609977323,PHRASE_30
323,Miles Davis,9,7.660680272108834,12,1.5664405214364383,67.58333333333333,19,5.345688813323208,0.129968387028028,ascending,False,3.830340136054417,PHRASE_30
323,Miles Davis,10,1.5735147392290258,2,1.271039889324417,69.0,2,1.0,0.136730458842517,flat,False,0.7867573696145129,PHRASE_33
323,Miles Davis,11,1.8452607709750597,3,1.6257864726700724,66.33333333333333,3,1.247219128924647,0.1757766417616961,flat,False,0.9226303854875296,PHRASE_33
323,Miles Davis,12,1.151564625850341,2,1.736767485822305,63.0,0,0.0,0.001890359168243,flat,True,0.5757823129251705,PHRASE_14
323,Miles Davis,13,11.559183673469391,22,1.9032485875706209,68.72727272727273,24,5.536505446758223,0.1785349968612682,ascending,True,5.779591836734696,PHRASE_09
323,Miles Davis,14,3.1493424036281255,5,1.5876330227668698,67.8,12,4.069397989875161,0.1602897340264699,descending,False,1.5746712018140627,PHRASE_50
323,Miles Davis,15,2.2204081632653043,2,0.9007352941176476,74.0,0,0.0,0.1236928104575116,flat,False,1.1102040816326522,PHRASE_22
323,Miles Davis,16,5.361360544217689,7,1.3056387352179866,73.28571428571429,8,2.913725436338734,0.2223180903077391,descending,True,2.6806802721088445,PHRASE_50
323,Miles Davis,17,6.1069841269841305,3,0.4912408379684979,78.0,3,1.4142135623730951,0.009527770145329,flat,False,3.0534920634920653,PHRASE_46
323,Miles Davis,18,11.115419501133786,9,0.8096860401068974,72.66666666666667,15,4.496912521077347,0.0877088475897127,descending,False,5.557709750566893,PHRASE_30
323,Miles Davis,19,6.315691609977307,8,1.2666862940809018,74.0,10,3.0413812651491097,0.1080345538233918,arch,False,3.1578458049886535,PHRASE_57
323,Miles Davis,20,5.771247165532884,7,1.212909410951153,67.57142857142857,9,3.0169588688489823,0.2430926636072215,flat,False,2.885623582766442,PHRASE_05
323,Miles Davis,21,3.755827664399078,8,2.13002318392582,68.25,12,3.6996621467371855,0.3046029752704846,ascending,False,1.877913832199539,PHRASE_47
323,Miles Davis,22,3.040634920634915,6,1.973272081854253,65.16666666666667,7,3.2360813064912666,0.3679264982250906,flat,False,1.5203174603174574,PHRASE_47
323,Miles Davis,23,5.953242630385489,12,2.015708202241199,68.66666666666667,10,2.808716591058786,0.0810777868346634,ascending,False,2.9766213151927445,PHRASE_57
323,Miles Davis,24,10.553469387755117,10,0.9475556930693058,68.6,19,6.019966777316964,0.1738173817381759,descending,False,5.2767346938775574,PHRASE_30
323,Miles Davis,25,3.215963718820859,6,1.8656926895306871,65.5,5,1.5,0.2129963898917004,flat,False,1.6079818594104296,PHRASE_33
323,Miles Davis,26,2.0897959183673436,4,1.914062500000003,70.0,4,1.4142135623730951,0.150000000000002,arch,False,1.0448979591836718,PHRASE_33
323,Miles Davis,27,2.5076190476190447,4,1.5951386251424249,72.0,7,2.549509756796392,0.2916282350387953,descending,False,1.2538095238095224,PHRASE_50
323,Miles Davis,28,16.572018140589563,17,1.0258255727081416,73.70588235294117,10,3.194935438588298,0.1193745159586538,descending,False,8.286009070294782,PHRASE_26
323,Miles Davis,29,10.28643990929706,15,1.458230459932279,68.13333333333334,14,4.256237253203298,0.193002257336337,arch,True,5.143219954648529,PHRASE_30
324,Miles Davis,1,6.664126984126984,6,0.9003429878048781,70.16666666666667,6,1.8633899812498247,0.1986062717770035,descending,False,3.332063492063492,PHRASE_49
324,Miles Davis,2,7.430385487528348,9,1.2112426757812496,70.22222222222223,11,3.0469576001782417,0.1519104003906265,flat,True,3.715192743764174,PHRASE_57
324,Miles Davis,3,3.12308390022676,5,1.6009816449814112,70.6,9,3.0724582991474434,0.1078066914498148,descending,False,1.56154195011338,PHRASE_50
324,Miles Davis,4,4.7508390022675755,10,2.1048913666042988,69.7,9,3.1953090617340916,0.1719806025430507,flat,True,2.3754195011337877,PHRASE_50
324,Miles Davis,5,32.155102040816324,38,1.181772023356182,70.15789473684211,13,3.383600665356933,0.4660235254294652,arch,False,16.077551020408162,PHRASE_16
324,Miles Davis,6,9.7061224489796,11,1.1333052985702263,73.54545454545455,16,4.658591991025075,0.2809083263246426,descending,True,4.8530612244897995,PHRASE_18
324,Miles Davis,7,8.399999999999991,16,1.9047619047619069,76.9375,15,4.069225202664507,0.1875607385811459,ascending,True,4.199999999999996,PHRASE_52
324,Miles Davis,8,2.67755102040816,6,2.2408536585365884,70.0,12,4.546060565661952,0.0762195121951206,descending,False,1.33877551020408,PHRASE_28
324,Miles Davis,9,4.546938775510199,11,2.419210053859967,70.0909090909091,9,2.9681504940571832,0.1211350488729336,flat,False,2.2734693877550995,PHRASE_03
324,Miles Davis,10,6.008163265306109,11,1.830842391304352,75.18181818181819,17,4.302603478617902,0.2649456521739148,ascending,True,3.0040816326530546,PHRASE_58
324,Miles Davis,11,2.901224489795908,8,2.7574563871693965,79.0,11,3.5355339059327378,0.1288063527793395,descending,True,1.450612244897954,PHRASE_23
324,Miles Davis,12,2.9469387755102048,6,2.0360110803324094,69.33333333333333,10,3.7712361663282534,0.2493074792243778,descending,False,1.4734693877551024,PHRASE_50
324,Miles Davis,13,8.657233560090702,17,1.9636757957379043,73.76470588235294,4,0.9411764705882352,0.3059111958594485,flat,False,4.328616780045351,PHRASE_56
324,Miles Davis,14,2.1224489795918657,4,1.8846153846153588,73.25,5,1.920286436967152,0.2538461538461543,descending,False,1.0612244897959329,PHRASE_06
324,Miles Davis,15,2.8081632653061206,6,2.1366279069767455,74.16666666666667,8,2.5440562537456244,0.2093023255813904,descending,True,1.4040816326530603,PHRASE_06
324,Miles Davis,16,3.673469387755119,10,2.7222222222222094,73.3,15,4.605431575867782,0.1311111111111147,ascending,True,1.8367346938775595,PHRASE_28
324,Miles Davis,17,3.591836734693885,6,1.670454545454542,73.33333333333333,6,1.8856180831641267,0.3340909090909052,flat,False,1.7959183673469423,PHRASE_56
324,Miles Davis,18,3.83673469387756,8,2.085106382978718,70.5,11,3.968626966596886,0.10425531914893,descending,True,1.91836734693878,PHRASE_28
324,Miles Davis,19,4.969387755102048,11,2.213552361396301,69.36363636363636,11,3.1413004623947267,0.1819301848049334,ascending,True,2.484693877551024,PHRASE_50
324,Miles Davis,20,2.130612244897975,5,2.34674329501914,76.6,7,2.727636339397171,0.1570881226053617,ascending,False,1.0653061224489877,PHRASE_06
324,Miles Davis,21,3.29795918367347,7,2.1225247524752473,76.28571428571429,7,2.3733211036908783,0.1584158415841603,flat,True,1.648979591836735,PHRASE_06
324,Miles Davis,22,3.4857142857142662,7,2.008196721311487,75.42857142857143,7,2.3211538298959886,0.1475409836065556,descending,True,1.7428571428571331,PHRASE_06
324,Miles Davis,23,4.9868480725623385,9,1.8047471807930229,73.44444444444444,11,3.4354721852756236,0.1307748272098915,descending,True,2.4934240362811693,PHRASE_57
324,Miles Davis,24,13.08190476190478,35,2.675451368666274,75.22857142857143,28,6.765820462487328,0.2356927919682742,ascending,True,6.54095238095239,PHRASE_41
325,Miles Davis,1,2.5861224489795926,6,2.320075757575757,70.5,7,2.4324199198877374,0.047383557800224,descending,False,1.2930612244897963,PHRASE_03
325,Miles Davis,2,1.7285714285714295,3,1.7355371900826435,63.666666666666664,5,2.0548046676563256,0.0059556605011147,arch,False,0.8642857142857148,PHRASE_14
325,Miles Davis,3,1.2916099773242635,5,3.8711376404494366,65.6,6,2.1540659228538015,0.0314606741573015,ascending,False,0.6458049886621318,PHRASE_12
325,Miles Davis,4,2.37424036281179,11,4.6330608190709075,70.0,12,3.7416573867739418,0.1205302567237154,ascending,False,1.187120181405895,PHRASE_36
325,Miles Davis,5,2.5077551020408144,11,4.38639322916667,70.0,12,3.4902461491731755,0.1226851851851855,descending,False,1.2538775510204072,PHRASE_36
325,Miles Davis,6,3.0880272108843485,8,2.590650746794735,68.875,7,1.964529205687714,0.06407601591987,ascending,True,1.5440136054421745,PHRASE_03
325,Miles Davis,7,2.5135600907029527,12,4.7741050808314,67.66666666666667,12,3.5668224265054493,0.1004618937644389,ascending,False,1.2567800453514764,PHRASE_40
325,Miles Davis,8,4.234285714285711,8,1.889338731443996,69.125,9,3.2185982973959333,0.0413855150697251,descending,False,2.1171428571428557,PHRASE_03
325,Miles Davis,9,5.4857142857142875,20,3.645833333333332,68.2,15,4.411349000022556,0.0585648148148143,arch,False,2.742857142857144,PHRASE_00
325,Miles Davis,10,7.457687074829934,31,4.156784763016747,68.38709677419355,15,4.116664946404715,0.1309154595541279,ascending,False,3.728843537414967,PHRASE_45
325,Miles Davis,11,2.4883446712018156,11,4.420609462710503,68.0,11,3.437758254761643,0.0341911496682981,ascending,False,1.2441723356009078,PHRASE_12
325,Miles Davis,12,4.494693877551029,7,1.557391936069739,70.42857142857143,11,3.697765458727081,0.0149735641925975,descending,False,2.2473469387755145,PHRASE_57
325,Miles Davis,13,9.581133786848056,39,4.070499469857626,67.51282051282051,17,4.51704347868129,0.0948292184186647,flat,False,4.790566893424028,PHRASE_15
325,Miles Davis,14,3.652380952380966,13,3.5593220338982916,68.23076923076923,10,3.0167187001734734,0.0496926802011622,ascending,False,1.826190476190483,PHRASE_00
325,Miles Davis,15,2.200181405895691,10,4.545079770787815,67.4,10,2.973213749463701,0.0453683472812026,descending,False,1.1000907029478455,PHRASE_12
325,Miles Davis,16,5.853061224489792,17,2.9044630404463057,66.11764705882354,16,4.638488000874429,0.0543933054393298,ascending,False,2.926530612244896,PHRASE_55
325,Miles Davis,17,4.275464852607712,21,4.911746610942569,72.0,15,3.976119189552019,0.0576617094851241,ascending,False,2.137732426303856,PHRASE_13
325,Miles Davis,18,3.871927437641716,14,3.615770239880067,70.92857142857143,15,4.1997327417397425,0.2705209895052423,descending,False,1.935963718820858,PHRASE_58
325,Miles Davis,19,4.350839002267577,15,3.447610907271512,68.86666666666666,12,3.263263533472111,0.1244058539026073,ascending,False,2.1754195011337885,PHRASE_00
325,Miles Davis,20,6.906122448979588,11,1.592789598108748,70.63636363636364,10,3.59981634058606,0.121388232203833,descending,True,3.453061224489794,PHRASE_57
325,Miles Davis,21,13.607528344671197,46,3.380481659478882,70.43478260869566,17,3.926787457368901,0.1336761696539915,descending,False,6.8037641723355975,PHRASE_04
325,Miles Davis,22,3.563537414966021,16,4.489920586438564,67.25,11,3.3260336739125176,0.0643708002443641,arch,False,1.7817687074830104,PHRASE_12
325,Miles Davis,23,5.813696145124709,14,2.408106590114831,67.14285714285714,4,1.5518257844571737,0.0326697453819312,flat,False,2.9068480725623544,PHRASE_49
325,Miles Davis,24,2.417777777777758,9,3.722426470588266,64.55555555555556,8,2.266230894930126,0.2797118847538948,ascending,False,1.208888888888879,PHRASE_10
325,Miles Davis,25,2.159455782312932,11,5.0938760080645,68.9090909090909,14,4.794969816087488,0.0632350470430214,descending,False,1.079727891156466,PHRASE_36
325,Miles Davis,26,2.728979591836747,9,3.2979359856416237,69.0,10,3.3333333333333335,0.1492172699172249,descending,True,1.3644897959183735,PHRASE_40
325,Miles Davis,27,8.370793650793644,28,3.3449635922330123,69.03571428571429,19,4.459997940879913,0.0961988557558976,ascending,True,4.185396825396822,PHRASE_37
325,Miles Davis,28,1.7327891156462556,3,1.7313128140703546,63.666666666666664,5,2.0548046676563256,0.0150753768844305,descending,False,0.8663945578231278,PHRASE_14
326,Miles Davis,1,3.1245351473922898,4,1.2801904319554112,71.75,1,0.4330127018922193,0.2145843009753832,flat,True,1.5622675736961449,PHRASE_33
326,Miles Davis,2,7.17061224489796,7,0.9762067395264116,70.14285714285714,10,3.481730744843983,0.2902246508803886,descending,False,3.58530612244898,PHRASE_05
326,Miles Davis,3,10.50848072562358,11,1.0467735809971,70.27272727272727,10,3.1934851036818723,0.2464827026653777,descending,False,5.254240362811791,PHRASE_24
326,Miles Davis,4,11.084263038548755,35,3.1576298648162084,72.51428571428572,9,2.51136193638237,0.3669642564891486,descending,True,5.542131519274378,PHRASE_02
326,Miles Davis,5,3.2517460317460305,4,1.230108366689447,69.0,4,1.7320508075688772,0.2027865720143354,ascending,False,1.6258730158730152,PHRASE_33
326,Miles Davis,6,3.1869387755102068,6,1.8826844262295064,69.83333333333333,9,3.0230595245361753,0.089865095628413,descending,False,1.5934693877551034,PHRASE_03
326,Miles Davis,7,4.165442176870741,6,1.440423308074212,70.33333333333333,10,4.068851871911234,0.1920564410765575,descending,False,2.0827210884353704,PHRASE_50
326,Miles Davis,8,5.789251700680268,6,1.0364033747738015,64.0,9,2.943920288775949,0.0791520763319297,ascending,False,2.894625850340134,PHRASE_17
326,Miles Davis,9,2.0775510204081655,3,1.444007858546167,73.33333333333333,2,0.9428090415820634,0.0127701375245646,flat,False,1.0387755102040828,PHRASE_22
326,Miles Davis,10,6.170702947845811,7,1.1343926387582304,70.0,9,3.251373336211726,0.1817453551270007,descending,False,3.0853514739229055,PHRASE_05
326,Miles Davis,11,4.485578231292521,9,2.006430282993113,66.88888888888889,4,1.1967032904743342,0.1336204717562944,ascending,False,2.2427891156462607,PHRASE_33
326,Miles Davis,12,5.014829931972798,9,1.794677012398597,66.55555555555556,7,1.7069212773041351,0.1131971386454697,ascending,False,2.507414965986399,PHRASE_49
326,Miles Davis,13,8.812244897959204,9,1.021306160259377,68.88888888888889,8,2.960647243216495,0.1100046317739683,flat,False,4.406122448979602,PHRASE_49
326,Miles Davis,14,0.5572789115646231,1,1.7944335937500089,73.0,0,0.0,0.0,flat,False,0.2786394557823115,PHRASE_22
326,Miles Davis,15,6.754104308390026,7,1.036406854318865,67.85714285714286,5,1.4568627181693672,0.115599484314565,flat,True,3.377052154195013,PHRASE_49
326,Miles Davis,16,12.537324263038556,10,0.7976183586063197,69.5,5,1.5,0.0777867808774142,ascending,False,6.268662131519278,PHRASE_26
326,Miles Davis,17,11.322630385487514,12,1.059824403998976,68.91666666666667,7,2.253084305765962,0.3740306972571144,flat,True,5.661315192743757,PHRASE_02
326,Miles Davis,18,4.281179138321988,4,0.9343220338983066,66.5,3,1.118033988749895,0.056949152542378,flat,False,2.140589569160994,PHRASE_27
326,Miles Davis,19,6.83673469387756,4,0.5850746268656709,65.5,5,2.0615528128088303,0.0613333333333364,descending,False,3.41836734693878,PHRASE_49
326,Miles Davis,20,1.5897959183673152,3,1.88703465982032,64.0,2,0.816496580927726,0.0551989730423541,arch,False,0.7948979591836576,PHRASE_14
327,Miles Davis,1,5.5836734693877546,8,1.432748538011696,69.625,9,3.159806164941134,0.2178362573099414,descending,False,2.7918367346938773,PHRASE_05
327,Miles Davis,2,5.717913832199546,8,1.3991116751269037,66.375,7,2.394655507583502,0.1429965101522847,arch,False,2.858956916099773,PHRASE_49
327,Miles Davis,3,11.065396825396828,18,1.6266926784484734,67.88888888888889,17,4.829180847133496,0.3283878159939671,ascending,True,5.532698412698414,PHRASE_18
327,Miles Davis,4,3.5410430839002274,7,1.9768186475409832,70.85714285714286,9,2.849991049037143,0.1967725409836085,descending,False,1.7705215419501137,PHRASE_50
327,Miles Davis,5,7.157551020408164,16,2.2354014598540144,68.5,14,4.0155946010522525,0.2562601378751034,descending,True,3.578775510204082,PHRASE_18
327,Miles Davis,6,9.35510204081632,17,1.817190226876092,71.17647058823529,12,3.8689608593894937,0.4101221640488668,ascending,False,4.67755102040816,PHRASE_02
327,Miles Davis,7,6.8731065759637175,10,1.454946157094595,66.1,19,6.073713855624086,0.4665593327702687,descending,False,3.4365532879818588,PHRASE_18
327,Miles Davis,8,15.367800453514732,24,1.561706899604557,67.29166666666667,16,4.730038465899499,0.207247830962638,ascending,False,7.683900226757366,PHRASE_01
327,Miles Davis,9,18.45405895691609,42,2.2759220666876394,70.04761904761905,17,4.292587081804547,0.2499311890531625,descending,True,9.227029478458045,PHRASE_04
327,Miles Davis,10,18.054965986394564,49,2.7139347721244262,68.36734693877551,13,3.0685626333408167,0.2148114098545174,arch,True,9.027482993197282,PHRASE_04
327,Miles Davis,11,17.6645804988662,27,1.5284823775879075,69.44444444444444,15,4.236816881097249,0.4558720834702593,descending,True,8.8322902494331,PHRASE_34
327,Miles Davis,12,3.1591836734693857,14,4.431524547803621,70.0,11,2.878491668515698,0.1886304909560907,ascending,False,1.5795918367346928,PHRASE_40
327,Miles Davis,13,10.396734693877534,44,4.2320979899497555,69.27272727272727,12,2.588116517361229,0.1813145589056435,descending,False,5.198367346938767,PHRASE_45
327,Miles Davis,14,9.78140589569162,13,1.3290522997032628,70.07692307692308,9,2.6446328365647824,0.4401798961424325,arch,False,4.89070294784581,PHRASE_02
327,Miles Davis,15,11.108571428571423,19,1.7103909465020584,69.10526315789474,11,3.3700653881225517,0.1999150826311351,flat,True,5.554285714285712,PHRASE_24
327,Miles Davis,16,7.000816326530639,14,1.9997667910447685,71.64285714285714,11,3.4559915438294126,0.1227909929519136,descending,False,3.5004081632653197,PHRASE_57
327,Miles Davis,17,5.717913832199571,11,1.923778553299484,68.72727272727273,13,3.7195040991779607,0.2751269035533021,descending,True,2.8589569160997854,PHRASE_05
327,Miles Davis,18,3.5577324263038577,5,1.405389557413827,69.0,9,3.63318042491699,0.2755455843361259,descending,False,1.7788662131519288,PHRASE_47
327,Miles Davis,19,3.783673469387765,5,1.321467098166124,69.0,9,3.63318042491699,0.2423109193335738,descending,False,1.8918367346938825,PHRASE_50
327,Miles Davis,20,12.497959183673489,15,1.2001959503592403,67.86666666666666,14,3.383620677453205,0.2714710791784607,ascending,False,6.2489795918367435,PHRASE_24
327,Miles Davis,21,12.278458049886638,35,2.8505207948585323,66.88571428571429,10,3.527616990640149,0.1718253675112687,descending,False,6.139229024943319,PHRASE_48
327,Miles Davis,22,14.71999999999997,21,1.4266304347826115,71.0,18,5.061526214398936,0.4759594055013341,descending,False,7.359999999999985,PHRASE_34
327,Miles Davis,23,11.34875283446712,16,1.409846547314578,68.125,6,1.996089927833914,0.3360813618925836,ascending,False,5.67437641723356,PHRASE_02
327,Miles Davis,24,3.190929705215467,5,1.5669414440022509,64.4,12,4.758150901348127,0.0622512791358718,descending,False,1.5954648526077335,PHRASE_17
327,Miles Davis,25,6.436734693877554,10,1.5535827520608745,65.4,12,3.8262252939417984,0.2761643063482036,descending,True,3.218367346938777,PHRASE_05
327,Miles Davis,26,3.1230839002267885,5,1.6009816449813967,66.4,10,3.6110940170535577,0.1221828531598412,descending,False,1.5615419501133945,PHRASE_17
