solo_id,performer,phrase_number,length_beats,num_notes,note_density,pitch_mean,pitch_range,pitch_std,rest_ratio,contour,starts_on_downbeat,phrase_duration,phrase_token
47,Cannonball Adderley,1,11.164036281179138,19,1.7018934300698307,63.473684210526315,15,4.357309902277727,0.0462978384592575,descending,False,5.582018140589569,PHRASE_48
47,Cannonball Adderley,2,13.399909297052153,30,2.23882112445341,62.666666666666664,21,5.159672685570492,0.1017876724383004,descending,True,6.6999546485260755,PHRASE_26
47,Cannonball Adderley,3,3.840680272108848,7,1.8225937865315789,59.714285714285715,14,5.091008480344418,0.0067306670445282,descending,True,1.920340136054424,PHRASE_30
47,Cannonball Adderley,4,6.342312925170063,13,2.0497254161661247,61.61538461538461,12,3.89355407225962,0.0294176534523178,descending,True,3.1711564625850315,PHRASE_49
47,Cannonball Adderley,5,5.791473922902497,9,1.5540085511581645,68.0,16,4.988876515698588,0.1524878232134198,flat,False,2.8957369614512487,PHRASE_04
47,Cannonball Adderley,6,2.800680272108849,8,2.856448870536793,70.0,8,2.6457513110645907,0.0151080884138927,descending,False,1.4003401360544243,PHRASE_59
47,Cannonball Adderley,7,8.031111111111109,20,2.490315439955729,66.5,22,6.176568626672903,0.0611284912415474,ascending,False,4.015555555555554,PHRASE_63
47,Cannonball Adderley,8,4.091337868480721,17,4.155120047886141,64.11764705882354,12,3.1414188053691032,0.0269137827831585,descending,True,2.0456689342403607,PHRASE_50
47,Cannonball Adderley,9,2.921179138321989,4,1.3693100664472488,58.5,9,3.5,0.0998882195864092,descending,False,1.4605895691609945,PHRASE_17
47,Cannonball Adderley,10,2.077097505668931,7,3.3700873362445467,68.42857142857143,15,5.473498303048005,0.0522925764192144,ascending,False,1.0385487528344657,PHRASE_06
47,Cannonball Adderley,11,2.5470294784580574,7,2.748299561981403,66.71428571428571,11,3.953815000885157,0.1119618247213479,ascending,False,1.2735147392290287,PHRASE_52
47,Cannonball Adderley,12,8.360226757369603,26,3.10996349196878,66.76923076923077,20,5.590566864802038,0.0374953212218549,ascending,False,4.180113378684801,PHRASE_63
47,Cannonball Adderley,13,8.509841269841274,30,3.5253301499664236,66.06666666666666,18,5.09204172104755,0.1152460536553637,descending,False,4.254920634920637,PHRASE_63
47,Cannonball Adderley,14,10.289024943310665,21,2.041009727909446,63.714285714285715,17,4.130523512800274,0.0984118868265514,ascending,False,5.144512471655332,PHRASE_48
47,Cannonball Adderley,15,10.640362811791393,40,3.7592703094365327,62.425,17,3.85932312718176,0.0596027619128827,descending,False,5.3201814058956955,PHRASE_13
47,Cannonball Adderley,16,6.959863945578235,8,1.1494477568175148,71.5,14,5.220153254455275,0.047548300915523,arch,True,3.479931972789118,PHRASE_04
47,Cannonball Adderley,17,5.769206349206343,13,2.2533428712925794,67.61538461538461,17,5.092052050287805,0.0457822043691051,descending,False,2.8846031746031713,PHRASE_06
47,Cannonball Adderley,18,3.703038548752829,14,3.780678979081963,65.42857142857143,15,4.321280989215478,0.0404766570322788,flat,False,1.8515192743764144,PHRASE_06
47,Cannonball Adderley,19,2.5125170068027387,8,3.184058049493669,69.375,15,4.922842166878804,0.0809371671991344,ascending,False,1.2562585034013694,PHRASE_55
47,Cannonball Adderley,20,8.555646258503401,16,1.8701100438903375,71.25,18,5.379358697837503,0.020604075228467,ascending,False,4.277823129251701,PHRASE_04
47,Cannonball Adderley,21,4.649705215419516,9,1.9356065778436624,61.22222222222222,11,3.909469352390929,0.1573747147065212,descending,True,2.324852607709758,PHRASE_18
47,Cannonball Adderley,22,4.280136054421774,7,1.635462029943734,63.714285714285715,14,5.724989974146823,0.1428526017991613,ascending,False,2.140068027210887,PHRASE_52
47,Cannonball Adderley,23,8.060362811791379,21,2.60534178055601,64.95238095238095,21,5.842994914353512,0.1042586830659813,descending,False,4.030181405895689,PHRASE_63
47,Cannonball Adderley,24,9.704807256235824,36,3.7095018014776335,64.97222222222223,21,4.974859635714532,0.0623624358033677,flat,False,4.852403628117912,PHRASE_13
47,Cannonball Adderley,25,12.97192743764171,27,2.081417748425872,63.44444444444444,21,5.724109721062781,0.0549415972394581,descending,False,6.485963718820855,PHRASE_26
47,Cannonball Adderley,26,1.843628117913852,7,3.796861163042368,66.14285714285714,7,2.356060357495806,0.0,arch,False,0.921814058956926,PHRASE_41
47,Cannonball Adderley,27,2.1283900226757453,9,4.228548294304388,69.44444444444444,11,3.0590888662080453,0.0383967952952309,arch,False,1.0641950113378726,PHRASE_55
47,Cannonball Adderley,28,3.469433106575991,16,4.6117044221643795,64.5625,12,3.7243917288598953,0.0252022849374553,descending,False,1.7347165532879956,PHRASE_03
47,Cannonball Adderley,29,3.3524716553287988,16,4.77259814398961,64.125,12,3.838538133196022,0.1298260328454346,descending,True,1.6762358276643994,PHRASE_03
47,Cannonball Adderley,30,6.188117913832201,19,3.0704004455909937,60.1578947368421,11,3.7171460174757,0.0350683044090077,flat,True,3.094058956916101,PHRASE_50
47,Cannonball Adderley,31,7.826485260770994,19,2.4276542236953365,67.0,16,5.170768038237952,0.0648301598154967,flat,True,3.913242630385497,PHRASE_04
47,Cannonball Adderley,32,5.548480725623563,18,3.244131301902843,66.16666666666667,16,4.833333333333333,0.031591250899096,arch,False,2.7742403628117813,PHRASE_06
47,Cannonball Adderley,33,6.1556916099773105,9,1.462061547302428,60.77777777777778,11,3.154459903684087,0.0384873243794867,descending,False,3.0778458049886552,PHRASE_49
48,Cannonball Adderley,1,13.969614512471654,33,2.3622699087751196,64.6969696969697,17,4.379600427912647,0.1019543550952829,descending,False,6.984807256235827,PHRASE_48
48,Cannonball Adderley,2,4.664308390022676,10,2.143940572495333,66.6,21,6.102458520956943,0.0864965774735533,ascending,False,2.332154195011338,PHRASE_06
48,Cannonball Adderley,3,9.061587301587302,16,1.765695067264574,64.1875,21,5.736056463285556,0.1402646540679041,descending,True,4.530793650793651,PHRASE_63
48,Cannonball Adderley,4,15.371700680272106,49,3.187675912977289,65.87755102040816,24,5.8610880548045365,0.1865606910835346,arch,False,7.685850340136053,PHRASE_07
48,Cannonball Adderley,5,13.544126984126985,29,2.1411494468404277,66.10344827586206,24,5.9326381152018115,0.1663932120757572,ascending,True,6.7720634920634915,PHRASE_26
48,Cannonball Adderley,6,1.2124263038548833,5,4.123961995960173,76.2,4,1.469693845669907,0.0603725592877977,flat,False,0.6062131519274416,PHRASE_40
48,Cannonball Adderley,7,6.392562358276649,20,3.128635886375888,65.1,15,4.515528761950255,0.208831124606261,flat,True,3.1962811791383245,PHRASE_09
48,Cannonball Adderley,8,11.214784580498858,22,1.961696173661268,69.13636363636364,22,5.311184207495576,0.1292349748873741,descending,False,5.607392290249429,PHRASE_26
48,Cannonball Adderley,9,6.3860317460317475,13,2.035692980711871,68.61538461538461,24,7.2699429850527135,0.0653992557452518,ascending,True,3.1930158730158738,PHRASE_42
48,Cannonball Adderley,10,3.833242630385485,14,3.6522603315074034,70.64285714285714,14,4.168026988827188,0.2449865717023698,flat,False,1.9166213151927425,PHRASE_58
48,Cannonball Adderley,11,3.239183673469398,8,2.469758064516121,64.5,15,4.55521678957215,0.374257952508956,descending,False,1.619591836734699,PHRASE_43
48,Cannonball Adderley,12,3.2795011337868516,5,1.524622128801182,60.6,10,4.586937976471886,0.2158394756129652,descending,False,1.6397505668934258,PHRASE_18
48,Cannonball Adderley,13,3.612108843537414,6,1.6610795133526697,66.83333333333333,10,3.435921354681384,0.1061810237673694,ascending,False,1.806054421768707,PHRASE_52
48,Cannonball Adderley,14,12.650566893424042,40,3.1619136388893856,63.65,22,5.165026621422197,0.1675778379250365,ascending,False,6.325283446712021,PHRASE_26
48,Cannonball Adderley,15,12.176371882086158,18,1.4782728528915534,69.38888888888889,12,3.903543815686927,0.322542078073962,descending,False,6.088185941043079,PHRASE_45
48,Cannonball Adderley,16,5.949160997732406,20,3.36181858376723,73.95,12,3.138072656902641,0.2850151319952174,flat,False,2.974580498866203,PHRASE_58
48,Cannonball Adderley,17,18.048979591836712,44,2.4378109452736347,65.45454545454545,21,4.788502069135577,0.1995376652093054,descending,False,9.024489795918356,PHRASE_07
48,Cannonball Adderley,18,11.625623582766451,40,3.440675651953419,65.85,21,5.392355700433717,0.1408882560611684,ascending,False,5.812811791383226,PHRASE_26
48,Cannonball Adderley,19,3.6779138321995504,13,3.534612444203306,67.23076923076923,15,4.790276146750851,0.2660978075908217,descending,False,1.8389569160997752,PHRASE_58
48,Cannonball Adderley,20,13.053242630385512,31,2.374888820946129,62.54838709677419,17,5.339075126367375,0.164478987158824,arch,False,6.526621315192756,PHRASE_26
48,Cannonball Adderley,21,6.565442176870732,9,1.3708139920424436,61.666666666666664,12,4.163331998932265,0.2107855327144157,descending,True,3.282721088435366,PHRASE_18
49,Cannonball Adderley,1,1.3061224489795924,2,1.5312499999999991,67.0,0,0.0,0.5812499999999993,flat,True,0.6530612244897962,PHRASE_56
49,Cannonball Adderley,2,3.871746031746031,8,2.0662512299114466,65.5,8,2.7838821814150108,0.2725483765168904,descending,True,1.9358730158730155,PHRASE_24
49,Cannonball Adderley,3,2.7863945578231277,7,2.5122070312500013,59.0,5,1.6035674514745464,0.2937500000000009,flat,False,1.393197278911564,PHRASE_62
49,Cannonball Adderley,4,5.305759637188206,17,3.2040652352297605,64.41176470588235,16,4.339406621531292,0.2888402625820576,ascending,False,2.652879818594103,PHRASE_43
49,Cannonball Adderley,5,2.8291156462585043,13,4.595075502548811,61.92307692307692,11,3.2453881707275367,0.1961142637299237,descending,True,1.4145578231292522,PHRASE_53
49,Cannonball Adderley,6,4.053061224489795,14,3.454179254783485,66.42857142857143,22,6.477590885002648,0.1963746223564955,ascending,False,2.0265306122448976,PHRASE_42
49,Cannonball Adderley,7,13.816326530612244,31,2.243722304283604,67.35483870967742,22,5.965213064884548,0.1763663220088628,descending,False,6.908163265306122,PHRASE_26
49,Cannonball Adderley,8,10.314285714285717,27,2.617728531855955,69.4074074074074,20,5.383508832772333,0.3557578155916108,arch,False,5.157142857142858,PHRASE_05
49,Cannonball Adderley,9,2.244897959183674,5,2.227272727272726,67.4,5,1.743559577416269,0.2072727272727269,arch,True,1.122448979591837,PHRASE_24
49,Cannonball Adderley,10,9.661224489795927,22,2.2771440642163054,67.86363636363636,16,3.99198577317394,0.2657372201098454,descending,False,4.830612244897964,PHRASE_29
49,Cannonball Adderley,11,15.477551020408155,49,3.1658755274261616,64.55102040816327,22,5.693036292179534,0.2423523206751059,ascending,False,7.7387755102040785,PHRASE_07
49,Cannonball Adderley,12,1.4122448979591835,5,3.5404624277456644,65.6,5,1.743559577416269,0.2080924855491379,flat,False,0.7061224489795919,PHRASE_24
49,Cannonball Adderley,13,1.5959183673469397,6,3.759590792838873,66.33333333333333,7,2.2852182001336816,0.1560102301790424,flat,False,0.7979591836734699,PHRASE_16
49,Cannonball Adderley,14,4.695963718820849,12,2.555386012013991,66.91666666666667,19,6.116348765580836,0.224383365847064,ascending,False,2.3479818594104245,PHRASE_43
49,Cannonball Adderley,15,12.10612244897959,42,3.4693189480782203,68.26190476190476,25,6.11033287149346,0.2153817337229324,descending,False,6.053061224489795,PHRASE_38
49,Cannonball Adderley,16,5.428571428571416,35,6.447368421052646,65.68571428571428,21,5.873774296804051,0.2263157894736872,flat,False,2.714285714285708,PHRASE_01
49,Cannonball Adderley,17,6.730612244897955,22,3.26864766525167,67.95454545454545,23,6.832258196681073,0.2674348089751361,descending,False,3.3653061224489775,PHRASE_01
49,Cannonball Adderley,18,5.4448979591836775,18,3.3058470764617667,60.388888888888886,16,3.6989321114927343,0.2201066133599976,ascending,False,2.7224489795918387,PHRASE_18
49,Cannonball Adderley,19,6.36734693877554,17,2.6698717948717823,68.17647058823529,12,3.203587953927083,0.3538461538461637,flat,False,3.18367346938777,PHRASE_14
49,Cannonball Adderley,20,7.395918367346923,23,3.109823399558506,65.73913043478261,15,3.892215098666968,0.2519254353691467,flat,False,3.6979591836734618,PHRASE_09
49,Cannonball Adderley,21,6.212244897959181,21,3.3804204993429714,67.19047619047619,12,3.620300534999659,0.2122207621550585,flat,False,3.1061224489795904,PHRASE_09
49,Cannonball Adderley,22,3.6857142857142833,6,1.6279069767441872,65.0,14,5.0990195135927845,0.3521594684385385,descending,False,1.8428571428571416,PHRASE_43
49,Cannonball Adderley,23,4.089795918367344,7,1.7115768463073866,64.42857142857143,15,5.0950155714648595,0.3263473053892213,descending,False,2.044897959183672,PHRASE_43
49,Cannonball Adderley,24,10.599999999999994,30,2.8301886792452846,69.03333333333333,21,5.179982839954417,0.2745475548710028,arch,False,5.299999999999997,PHRASE_05
49,Cannonball Adderley,25,5.367346938775512,11,2.049429657794676,68.9090909090909,11,3.62953905048675,0.1429657794676819,ascending,False,2.683673469387756,PHRASE_39
50,Cannonball Adderley,1,2.728344671201814,7,2.565658244680851,64.57142857142857,8,2.55550625999976,0.0893617021276597,ascending,True,1.364172335600907,PHRASE_59
50,Cannonball Adderley,2,1.3583673469387758,4,2.944711538461538,63.0,5,2.1213203435596424,0.0355235042735044,arch,False,0.6791836734693879,PHRASE_27
50,Cannonball Adderley,3,3.008072562358274,9,2.991949101435294,64.66666666666667,8,2.449489742783178,0.1323724520564472,flat,False,1.504036281179137,PHRASE_59
50,Cannonball Adderley,4,2.0353287981859403,4,1.9652844314712905,69.0,9,4.06201920231798,0.0830232402682768,descending,False,1.01766439909297,PHRASE_59
50,Cannonball Adderley,5,11.826167800453517,26,2.1985143825714144,66.65384615384616,11,3.3734518693458333,0.126883386318054,ascending,False,5.9130839002267575,PHRASE_48
50,Cannonball Adderley,6,1.4302040816326596,4,2.796803652968024,63.0,5,2.1213203435596424,0.1501458650431292,arch,False,0.7151020408163298,PHRASE_24
50,Cannonball Adderley,7,5.886349206349202,17,2.88803796785676,65.82352941176471,14,3.434004592782688,0.0922076521256767,ascending,True,2.943174603174601,PHRASE_50
50,Cannonball Adderley,8,10.392471655328798,32,3.0791520113111708,62.5625,11,3.050998811864731,0.1378592562207062,flat,True,5.196235827664399,PHRASE_48
50,Cannonball Adderley,9,6.461224489795917,19,2.940619077700569,71.6842105263158,16,4.496228028247062,0.0868603916614024,descending,False,3.2306122448979586,PHRASE_04
50,Cannonball Adderley,10,2.025124716553293,6,2.962780489989691,56.0,7,2.581988897471611,0.1415998566757771,descending,False,1.0125623582766463,PHRASE_21
50,Cannonball Adderley,11,1.3436734693877668,3,2.232685297691354,59.0,3,1.4142135623730951,0.213716754421507,arch,False,0.6718367346938834,PHRASE_24
50,Cannonball Adderley,12,1.2887074829932033,3,2.3279138513513407,64.0,3,1.4142135623730951,0.1621621621621633,arch,False,0.6443537414966016,PHRASE_24
50,Cannonball Adderley,13,1.3468027210884372,4,2.9699969693908432,71.0,3,1.224744871391589,0.1235478331144632,arch,False,0.6734013605442186,PHRASE_34
50,Cannonball Adderley,14,13.595147392290244,45,3.310004570124729,68.77777777777777,24,5.811440398573562,0.1049160531468787,descending,False,6.797573696145122,PHRASE_26
50,Cannonball Adderley,15,4.133197278911567,11,2.661377925540668,56.90909090909091,12,4.077756634910146,0.162930533153387,flat,False,2.0665986394557834,PHRASE_18
50,Cannonball Adderley,16,4.016371882086176,13,3.236752069195237,63.46153846153846,13,3.774721275810861,0.1504160973792128,ascending,False,2.008185941043088,PHRASE_35
50,Cannonball Adderley,17,7.363401360544216,24,3.25936327857948,66.75,19,5.027010377285224,0.1130429962491463,flat,False,3.681700680272108,PHRASE_63
50,Cannonball Adderley,18,5.886349206349209,16,2.7181533815122414,64.9375,15,4.520353277123371,0.1502997056874772,ascending,False,2.9431746031746044,PHRASE_09
50,Cannonball Adderley,19,2.7994557823129185,14,5.000972006220851,62.714285714285715,15,4.696937777935314,0.1069044841887029,descending,True,1.3997278911564592,PHRASE_60
50,Cannonball Adderley,20,5.725668934240375,9,1.5718687376733618,72.44444444444444,6,1.7069212773041351,0.0389541468978496,flat,False,2.8628344671201873,PHRASE_00
50,Cannonball Adderley,21,9.48535147392289,28,2.951920134638927,67.17857142857143,17,4.114899507786754,0.1521142518359862,flat,False,4.742675736961445,PHRASE_09
50,Cannonball Adderley,22,3.5642630385487735,8,2.244503257328977,66.875,5,2.027159342528357,0.3370063110749191,arch,False,1.7821315192743867,PHRASE_24
50,Cannonball Adderley,23,11.931791383219943,29,2.4304816492839136,69.3103448275862,22,6.352319414990044,0.0549685285979343,descending,False,5.965895691609973,PHRASE_26
50,Cannonball Adderley,24,8.196235827664395,22,2.6841589801191863,69.22727272727273,20,5.999483448838955,0.0744548407266223,ascending,False,4.098117913832198,PHRASE_63
50,Cannonball Adderley,25,3.624988662131528,12,3.3103551813439007,64.41666666666667,12,3.861310946067698,0.1375311205915096,descending,False,1.812494331065764,PHRASE_35
50,Cannonball Adderley,26,8.304988662131507,26,3.1306484641638272,67.5,20,5.858918251428593,0.1822197952218418,ascending,False,4.152494331065753,PHRASE_63
50,Cannonball Adderley,27,5.58086167800451,33,5.9130653838027865,63.75757575757576,21,5.689066084246821,0.0888767898064467,descending,True,2.790430839002255,PHRASE_22
50,Cannonball Adderley,28,5.034693877551035,27,5.362788812322643,64.0,10,2.788866755113585,0.0782957258028197,flat,False,2.5173469387755176,PHRASE_50
50,Cannonball Adderley,29,4.2570975056689235,22,5.167840288061035,63.31818181818182,18,4.1163351267885195,0.0548210804418875,ascending,True,2.1285487528344618,PHRASE_22
50,Cannonball Adderley,30,1.4398185941043096,4,2.7781277560791207,73.25,7,2.48746859276655,0.0323799924404644,arch,False,0.7199092970521548,PHRASE_59
50,Cannonball Adderley,31,1.462857142857132,3,2.050781250000015,72.66666666666667,3,1.247219128924647,0.2063492063491866,arch,False,0.731428571428566,PHRASE_34
50,Cannonball Adderley,32,3.030249433106576,9,2.9700525315413744,67.22222222222223,13,3.880944265905107,0.0750557492853613,descending,False,1.515124716553288,PHRASE_55
50,Cannonball Adderley,33,8.345532879818592,18,2.156842499959244,67.11111111111111,12,4.293262019191479,0.0471527396627464,descending,False,4.172766439909296,PHRASE_49
50,Cannonball Adderley,34,0.4179591836734744,1,2.392578124999971,69.0,0,0.0,0.0,flat,False,0.2089795918367372,PHRASE_27
50,Cannonball Adderley,35,3.146394557823129,7,2.224768658652599,62.857142857142854,10,3.356382892705923,0.1836028712271968,ascending,False,1.5731972789115645,PHRASE_18
50,Cannonball Adderley,36,3.459047619047624,8,2.3127753303964727,63.125,11,3.4798527267687636,0.1060939794420076,ascending,False,1.729523809523812,PHRASE_52
50,Cannonball Adderley,37,2.1999999999999886,7,3.181818181818198,66.14285714285714,8,2.6954231805876008,0.1946815089672275,descending,False,1.0999999999999943,PHRASE_16
50,Cannonball Adderley,38,0.3599092970521553,1,2.778477822580636,69.0,0,0.0,0.0,flat,False,0.1799546485260776,PHRASE_27
50,Cannonball Adderley,39,3.618684807256244,8,2.210747944656101,69.75,9,3.2307119958300214,0.202451373571285,ascending,True,1.809342403628122,PHRASE_39
50,Cannonball Adderley,40,5.97274376417235,17,2.8462630695753126,68.23529411764706,15,4.796192261326943,0.1592570938275945,descending,True,2.986371882086175,PHRASE_09
50,Cannonball Adderley,41,5.216009070294774,16,3.0674793284237496,63.0,13,4.123105625617661,0.1015450427342924,descending,False,2.608004535147387,PHRASE_50
50,Cannonball Adderley,42,4.871972789115631,14,2.8735792677818517,66.35714285714286,12,3.4559915438294126,0.2580915412326556,ascending,False,2.4359863945578155,PHRASE_18
50,Cannonball Adderley,43,6.831519274376404,22,3.2203671125568487,65.36363636363636,13,3.902743260666487,0.1523085604275139,descending,True,3.415759637188202,PHRASE_09
50,Cannonball Adderley,44,8.080544217687049,28,3.4651131465517353,65.17857142857143,17,5.298608789299396,0.0771484374999866,ascending,False,4.040272108843524,PHRASE_63
50,Cannonball Adderley,45,4.0284353741496375,15,3.723530007767929,62.4,16,4.644710252893428,0.1507762279487108,descending,True,2.0142176870748187,PHRASE_35
50,Cannonball Adderley,46,3.2391836734694266,4,1.2348790322580496,69.0,7,2.549509756796392,0.0313620071684407,descending,False,1.6195918367347133,PHRASE_00
50,Cannonball Adderley,47,2.99605442176869,5,1.6688615412560834,67.8,9,3.4292856398964497,0.0082799751752271,descending,False,1.498027210884345,PHRASE_59
50,Cannonball Adderley,48,5.489841269841293,10,1.8215462904065152,71.4,12,3.4409301068170506,0.0408422896134783,descending,False,2.7449206349206463,PHRASE_49
50,Cannonball Adderley,49,6.793877551020387,14,2.060678882547318,71.35714285714286,12,3.4970833328267563,0.0366543172791276,arch,False,3.3969387755101934,PHRASE_49
50,Cannonball Adderley,50,6.806349206349239,25,3.673041044776102,68.6,24,7.177743377970544,0.1179970682302852,descending,True,3.4031746031746195,PHRASE_42
50,Cannonball Adderley,51,1.7531065759637272,4,2.281663907284757,61.75,5,2.0463381929681126,0.0436154801324713,ascending,False,0.8765532879818636,PHRASE_21
50,Cannonball Adderley,52,9.031746031746025,23,2.54657293497364,66.82608695652173,21,5.931875382849505,0.1312126537785679,flat,True,4.515873015873012,PHRASE_63
50,Cannonball Adderley,53,5.199818594104329,24,4.61554563215181,66.45833333333333,14,4.509057243174256,0.1046521769466755,flat,True,2.5999092970521644,PHRASE_22
50,Cannonball Adderley,54,6.048344671201846,22,3.6373588470824454,63.86363636363637,13,3.5839979523311745,0.1093007213232759,descending,True,3.024172335600923,PHRASE_50
50,Cannonball Adderley,55,4.059410430839023,12,2.95609429114064,70.91666666666667,8,2.6912925436591904,0.0597698581163836,arch,False,2.029705215419511,PHRASE_59
50,Cannonball Adderley,56,6.997369614512422,18,2.5723951987141445,65.22222222222223,11,2.8196838978776713,0.2252417494102252,flat,False,3.498684807256211,PHRASE_25
50,Cannonball Adderley,57,1.2673015873016311,3,2.3672344689377938,61.0,3,1.4142135623730951,0.1938162038362272,flat,False,0.6336507936508156,PHRASE_24
50,Cannonball Adderley,58,3.4292970521541974,7,2.041234659331357,58.142857142857146,10,2.996596709057576,0.2932712653406574,descending,False,1.7146485260770987,PHRASE_62
51,Cannonball Adderley,1,1.4019954648526078,3,2.139807207090638,64.0,3,1.4142135623730951,0.1859351750016175,arch,False,0.7009977324263039,PHRASE_24
51,Cannonball Adderley,2,2.2179591836734707,6,2.705189547294809,63.5,7,2.362907813126304,0.0365394839079056,ascending,False,1.1089795918367351,PHRASE_59
51,Cannonball Adderley,3,3.1000907029478473,7,2.257998449317552,64.0,8,2.8284271247461903,0.1831999648902094,ascending,False,1.5500453514739236,PHRASE_39
51,Cannonball Adderley,4,3.8400000000000034,5,1.302083333333332,70.6,10,3.6110940170535577,0.0839710884353749,ascending,False,1.9200000000000017,PHRASE_59
51,Cannonball Adderley,5,3.783900226757368,13,3.435608557559779,64.46153846153847,17,5.513834134602285,0.1620662791394485,descending,True,1.891950113378684,PHRASE_06
51,Cannonball Adderley,6,2.9776870748299373,11,3.694142374120436,70.0909090909091,12,4.294913385824624,0.216470194035759,descending,False,1.4888435374149689,PHRASE_58
51,Cannonball Adderley,7,16.703854875283447,38,2.2749239791485665,63.18421052631579,19,5.004499360616955,0.1968885751520411,descending,False,8.351927437641724,PHRASE_07
51,Cannonball Adderley,8,4.31537414965986,9,2.085566555268304,65.77777777777777,24,7.539197979416611,0.1115244761124059,ascending,False,2.15768707482993,PHRASE_42
51,Cannonball Adderley,9,15.516734693877552,39,2.513415404040404,66.56410256410257,23,5.790331781800311,0.1106405490086033,descending,True,7.758367346938776,PHRASE_26
51,Cannonball Adderley,10,3.324036281179147,8,2.406712599768054,64.375,7,2.341874249399399,0.2155808718193594,ascending,True,1.6620181405895735,PHRASE_24
51,Cannonball Adderley,11,12.64775510204082,33,2.6091586794462187,67.3030303030303,14,3.761727911195812,0.1853788147717871,flat,True,6.323877551020409,PHRASE_29
51,Cannonball Adderley,12,4.573242630385479,10,2.1866322887743,76.3,12,3.4655446902326914,0.1252380007933349,ascending,False,2.2866213151927397,PHRASE_08
51,Cannonball Adderley,13,1.8140589569160992,9,4.961250000000001,70.33333333333333,10,3.197221015541813,0.0968000000000146,descending,False,0.9070294784580496,PHRASE_03
51,Cannonball Adderley,14,3.602539682539671,13,3.608565385971107,61.15384615384615,11,2.9311629051165617,0.1335540560954706,flat,True,1.8012698412698356,PHRASE_50
51,Cannonball Adderley,15,10.704126984126988,27,2.5223916009253213,63.22222222222222,13,3.3591592128513277,0.1374806165422466,flat,False,5.352063492063493,PHRASE_48
51,Cannonball Adderley,16,5.038730158730161,11,2.1830897177419346,67.0909090909091,15,3.62953905048675,0.2161488335253404,descending,False,2.5193650793650804,PHRASE_18
51,Cannonball Adderley,17,9.293061224489804,23,2.4749648629655634,69.69565217391305,13,3.9500664012987414,0.2106318810025681,flat,True,4.646530612244902,PHRASE_25
51,Cannonball Adderley,18,11.709070294784569,33,2.818327943141549,64.60606060606061,16,4.3619525370779595,0.1747661560508926,descending,False,5.8545351473922835,PHRASE_48
51,Cannonball Adderley,19,3.3278458049886694,7,2.103462843592849,68.42857142857143,7,2.5555062599997593,0.2874119298436974,arch,True,1.6639229024943347,PHRASE_24
51,Cannonball Adderley,20,11.266485260770963,21,1.8639353368810048,70.76190476190476,19,4.352391372291372,0.1190012317551295,arch,True,5.633242630385482,PHRASE_04
51,Cannonball Adderley,21,8.852607709750544,21,2.3721823770491866,66.61904761904762,21,5.340556333390126,0.121921106557373,descending,False,4.426303854875272,PHRASE_63
51,Cannonball Adderley,22,15.548934240362795,44,2.8297759396127824,62.09090909090909,16,4.5965312109844,0.176311199519326,descending,True,7.774467120181399,PHRASE_07
52,Charlie Parker,1,8.823582766439909,20,2.266652960526316,67.25,12,3.222964473896664,0.1628289473684211,ascending,False,4.4117913832199545,PHRASE_25
52,Charlie Parker,2,9.026757369614511,26,2.8803255627009645,62.96153846153846,25,5.938665799595894,0.0604501607717041,descending,False,4.513378684807257,PHRASE_63
52,Charlie Parker,3,7.450702947845809,21,2.818526003116477,69.28571428571429,17,4.187769688746791,0.0467471756914688,flat,False,3.725351473922904,PHRASE_04
52,Charlie Parker,4,4.998095238095239,15,3.0011432926829262,69.2,6,1.9043809142780936,0.0911730545876882,ascending,True,2.4990476190476194,PHRASE_59
52,Charlie Parker,5,4.008344671201812,11,2.7442749818971777,68.81818181818181,10,3.1281182789245916,0.0325850832729927,arch,False,2.004172335600906,PHRASE_59
52,Charlie Parker,6,2.975056689342402,8,2.6890243902439037,61.875,12,4.594493987372276,0.0458536585365846,descending,False,1.487528344671201,PHRASE_52
52,Charlie Parker,7,4.641088435374151,11,2.370133677298311,71.0909090909091,8,2.2342192231717286,0.0212632895559751,flat,False,2.3205442176870754,PHRASE_59
52,Charlie Parker,8,5.784671201814064,31,5.3589908429503215,69.6774193548387,17,4.098678754649959,0.0556949322629241,flat,False,2.892335600907032,PHRASE_22
52,Charlie Parker,9,1.28580498866215,4,3.1108916478554853,61.75,3,1.0897247358851685,0.0316027088036288,flat,False,0.642902494331075,PHRASE_27
52,Charlie Parker,10,13.090249433106578,38,2.902924057649667,66.97368421052632,17,4.439575857558225,0.0589800443459014,flat,False,6.545124716553289,PHRASE_48
52,Charlie Parker,11,5.192562358276646,13,2.5035809111235316,72.84615384615384,15,4.753074371007818,0.1145891559530416,descending,False,2.596281179138323,PHRASE_08
52,Charlie Parker,12,4.466938775510215,13,2.9102704678362503,70.15384615384616,9,2.4446536280108773,0.0324886289798527,arch,False,2.2334693877551075,PHRASE_59
52,Charlie Parker,13,5.241904761904749,17,3.243095930232566,70.70588235294117,13,3.593535141012062,0.0343300110742027,descending,False,2.6209523809523745,PHRASE_55
52,Charlie Parker,14,11.659319727891171,20,1.7153659447348744,65.6,12,3.2771939216347876,0.0234005476723943,descending,True,5.8296598639455866,PHRASE_48
52,Charlie Parker,15,2.409070294784584,6,2.4905873493975865,70.66666666666667,12,3.7267799624996494,0.0771084337349412,descending,False,1.204535147392292,PHRASE_55
52,Charlie Parker,16,2.1681632653060916,5,2.306099397590394,69.8,15,4.915282290977803,0.0374832663989242,descending,False,1.0840816326530458,PHRASE_55
52,Charlie Parker,17,9.79301587301586,28,2.8591804979253146,67.96428571428571,22,4.946009523250196,0.0560165975103698,ascending,False,4.8965079365079305,PHRASE_63
52,Charlie Parker,18,7.041451247165526,16,2.2722588623248168,66.8125,12,3.660921161401867,0.0725474031327247,descending,False,3.520725623582763,PHRASE_49
53,Charlie Parker,1,8.620408163265308,24,2.7840909090909083,64.0,14,3.752776749732567,0.1044402356902362,flat,False,4.310204081632654,PHRASE_09
53,Charlie Parker,2,10.331428571428576,26,2.5165929203539816,64.26923076923077,18,4.856064347467562,0.1618731563421834,flat,False,5.165714285714287,PHRASE_48
53,Charlie Parker,3,2.9986394557823175,9,3.001361161524496,67.77777777777777,11,3.764683188021648,0.1130671506352086,ascending,False,1.4993197278911587,PHRASE_55
53,Charlie Parker,4,4.625124716553287,26,5.621470034515219,69.8076923076923,19,5.349473236247233,0.0194540320050219,flat,True,2.3125623582766437,PHRASE_22
53,Charlie Parker,5,10.383673469387752,33,3.1780660377358503,69.54545454545455,17,4.8933529998628975,0.0507337526205466,flat,False,5.191836734693876,PHRASE_48
53,Charlie Parker,6,10.674285714285707,32,2.997858672376875,64.9375,20,4.788903188622631,0.1299072091363349,ascending,True,5.3371428571428545,PHRASE_26
53,Charlie Parker,7,6.205170068027215,29,4.67352218908963,65.82758620689656,22,5.29195202572438,0.2050517453078343,ascending,False,3.1025850340136074,PHRASE_01
53,Charlie Parker,8,4.71945578231292,10,2.118888376383766,65.0,13,4.2895221179054435,0.0394372693726961,ascending,False,2.35972789115646,PHRASE_52
53,Charlie Parker,9,7.8497959183673345,19,2.420445091514147,65.15789473684211,11,3.280936289580779,0.0704381586245195,descending,False,3.9248979591836672,PHRASE_49
53,Charlie Parker,10,7.880272108843542,21,2.6648825966850813,68.19047619047619,17,3.9954622787434344,0.1665745856353614,descending,True,3.940136054421771,PHRASE_09
53,Charlie Parker,11,6.295510204081623,32,5.082987551867228,68.5,10,2.839454172900137,0.1237897648686066,flat,True,3.147755102040811,PHRASE_22
53,Charlie Parker,12,5.045986394557815,18,3.5671915444348636,62.27777777777778,10,2.5992639033976856,0.0301984469370174,flat,False,2.5229931972789075,PHRASE_50
54,Charlie Parker,1,2.8096145124716543,7,2.4914449896694224,62.57142857142857,9,2.8713930346059686,0.0867768595041324,descending,False,1.4048072562358271,PHRASE_59
54,Charlie Parker,2,7.453605442176872,8,1.073306074766355,67.375,9,2.9553976043842223,0.0451713395638625,ascending,False,3.726802721088436,PHRASE_49
54,Charlie Parker,3,14.514285714285707,37,2.5492125984251977,62.21621621621622,24,5.836210984530395,0.0540119985001875,flat,False,7.2571428571428545,PHRASE_26
54,Charlie Parker,4,5.044897959183672,15,2.973300970873787,64.73333333333333,23,6.77708557485361,0.0388349514563097,flat,False,2.522448979591836,PHRASE_42
54,Charlie Parker,5,5.4448979591836775,23,4.2241379310344795,67.82608695652173,16,4.239074693056037,0.0629685157421299,ascending,False,2.7224489795918387,PHRASE_22
54,Charlie Parker,6,2.2775510204081684,6,2.6344086021505317,70.5,10,3.8188130791298662,0.0824173636001601,ascending,False,1.1387755102040842,PHRASE_55
54,Charlie Parker,7,2.579591836734693,10,3.876582278481014,70.3,11,3.7696153649941526,0.1344936708860784,ascending,False,1.2897959183673464,PHRASE_16
54,Charlie Parker,8,11.902040816326526,40,3.360768175582992,63.975,20,5.0174071989424975,0.1433470507544564,flat,True,5.951020408163263,PHRASE_26
54,Charlie Parker,9,4.408163265306129,13,2.9490740740740695,64.23076923076923,13,3.983694577299708,0.0648148148148193,ascending,False,2.204081632653065,PHRASE_50
54,Charlie Parker,10,2.127528344671191,5,2.350144952251035,66.4,3,1.019803902718557,0.1136596180081808,flat,False,1.0637641723355955,PHRASE_27
54,Charlie Parker,11,2.990476190476187,7,2.340764331210194,67.14285714285714,17,5.642405045180428,0.0418562329390374,flat,False,1.4952380952380937,PHRASE_06
54,Charlie Parker,12,9.746938775510202,16,1.6415410385259634,63.3125,16,5.021438414438636,0.0979899497487424,flat,False,4.873469387755101,PHRASE_04
54,Charlie Parker,13,4.261224489795907,16,3.7547892720306617,64.5625,19,6.204522040415362,0.0936994465730079,descending,False,2.1306122448979536,PHRASE_06
54,Charlie Parker,14,6.432653061224499,25,3.886421319796949,68.52,16,4.29995348812054,0.1751269035533005,ascending,False,3.2163265306122497,PHRASE_09
54,Charlie Parker,15,15.346938775510196,38,2.4760638297872353,64.1842105263158,21,5.330425396068037,0.1317139479905478,descending,False,7.673469387755098,PHRASE_07
54,Charlie Parker,16,7.297959183673498,19,2.6034675615212426,64.78947368421052,12,4.6518694303124954,0.0552696992294284,ascending,True,3.648979591836749,PHRASE_49
54,Charlie Parker,17,4.928435374149672,15,3.0435622791519363,68.46666666666667,15,4.1771867194188115,0.1182825382803307,flat,False,2.464217687074836,PHRASE_55
54,Charlie Parker,18,4.841360544217679,13,2.6851955935251843,60.92307692307692,8,2.3357271462598423,0.1366812799760266,flat,True,2.4206802721088394,PHRASE_21
54,Charlie Parker,19,7.764172335600904,36,4.6366822429906565,64.66666666666667,17,4.594682917363407,0.113481308411219,ascending,True,3.882086167800452,PHRASE_13
54,Charlie Parker,20,2.664489795918371,8,3.002450980392153,72.25,7,2.1065374432940898,0.0157952069716756,descending,False,1.3322448979591854,PHRASE_59
54,Charlie Parker,21,14.908752834467125,36,2.41468890119183,65.44444444444444,24,6.584681062235135,0.0558925344803472,descending,True,7.454376417233561,PHRASE_26
54,Charlie Parker,22,5.321814058956903,10,1.87905851072896,67.4,10,2.973213749463701,0.0271163908441643,ascending,False,2.6609070294784516,PHRASE_49
54,Charlie Parker,23,9.752018140589598,21,2.153400424122915,64.14285714285714,10,2.512553515861508,0.0409985490531708,arch,False,4.876009070294799,PHRASE_49
54,Charlie Parker,24,2.069387755102042,7,3.3826429980276114,69.28571428571429,9,2.813959371941744,0.2209072978303738,descending,False,1.034693877551021,PHRASE_16
54,Charlie Parker,25,5.490068027210867,17,3.0965007930214212,62.11764705882353,12,3.1971007627532217,0.0564201691778915,descending,False,2.7450340136054336,PHRASE_50
54,Charlie Parker,26,6.240362811791414,20,3.2049418604651008,61.55,15,4.165033013074447,0.0651162790697714,ascending,False,3.120181405895707,PHRASE_50
54,Charlie Parker,27,6.7976417233560085,17,2.500867314261315,71.52941176470588,17,4.5904971800298044,0.0802732707087903,ascending,False,3.398820861678004,PHRASE_04
54,Charlie Parker,28,14.839909297052143,31,2.0889615549171823,64.19354838709677,17,4.888560411084226,0.2202432614143311,descending,False,7.419954648526073,PHRASE_07
55,Charlie Parker,1,4.64344671201814,13,2.7996444895886237,63.38461538461539,8,2.3051267790417995,0.1397234050865336,flat,False,2.32172335600907,PHRASE_50
55,Charlie Parker,2,1.8184126984126987,6,3.2995810055865915,62.0,9,3.1091263510296048,0.0670391061452525,flat,False,0.9092063492063494,PHRASE_59
55,Charlie Parker,3,4.423038548752837,18,4.06960052497744,67.38888888888889,17,4.785845900951505,0.0907226642605194,ascending,True,2.2115192743764185,PHRASE_06
55,Charlie Parker,4,0.5746938775510202,2,3.4801136363636376,60.5,1,0.5,0.0606060606060634,flat,False,0.2873469387755101,PHRASE_27
55,Charlie Parker,5,3.526530612244901,10,2.8356481481481457,68.4,12,3.8262252939417984,0.1297582304526769,flat,False,1.7632653061224506,PHRASE_55
55,Charlie Parker,6,1.7879365079365108,6,3.3558238636363584,73.5,10,3.304037933599835,0.0844155844155855,descending,False,0.8939682539682554,PHRASE_55
55,Charlie Parker,7,6.880272108843535,23,3.342891042119835,67.82608695652173,13,3.409094918941332,0.171524619339529,descending,False,3.4401360544217674,PHRASE_09
55,Charlie Parker,8,2.728707482993201,11,4.031212604706815,63.63636363636363,10,3.1986567428653054,0.1430162212471741,ascending,False,1.3643537414966005,PHRASE_16
55,Charlie Parker,9,5.927074829931968,21,3.543063079607018,61.61904761904762,10,2.6632631341161073,0.1005952927493665,flat,True,2.963537414965984,PHRASE_50
55,Charlie Parker,10,13.920362811791378,50,3.5918604045037545,63.22,20,5.441654160271488,0.1177348311092582,descending,False,6.960181405895689,PHRASE_23
55,Charlie Parker,11,2.9459410430839057,12,4.073401274669779,65.83333333333333,9,3.131382371342656,0.1659533852643309,ascending,True,1.4729705215419528,PHRASE_16
55,Charlie Parker,12,2.830294784580488,13,4.593161133188071,65.61538461538461,9,3.101822331331685,0.1541469042430454,ascending,False,1.415147392290244,PHRASE_16
55,Charlie Parker,13,7.175646258503406,26,3.6233670199654897,63.53846153846154,12,3.8752743747107687,0.1968677120266962,flat,False,3.587823129251703,PHRASE_09
55,Charlie Parker,14,11.004217687074828,40,3.634969894041865,64.975,17,4.395949840478164,0.1555783599774162,ascending,True,5.502108843537414,PHRASE_13
55,Charlie Parker,15,7.841950113378687,27,3.4430211375531323,69.48148148148148,19,4.999039688301406,0.1686724691322287,flat,False,3.9209750566893433,PHRASE_63
55,Charlie Parker,16,1.16099773242631,3,2.5839843749999867,59.666666666666664,3,1.247219128924647,0.0307812500000016,flat,False,0.5804988662131549,PHRASE_27
55,Charlie Parker,17,1.7240816326530537,6,3.480113636363652,63.166666666666664,6,2.1147629234082532,0.0959595959595838,descending,False,0.8620408163265267,PHRASE_59
55,Charlie Parker,18,4.0195011337868465,15,3.731806386099516,62.46666666666667,10,3.03021818063027,0.1017037120613845,ascending,False,2.0097505668934232,PHRASE_50
55,Charlie Parker,19,3.993832199546489,14,3.505405159883718,68.42857142857143,9,2.7957693986829892,0.0919899164244134,arch,False,1.9969160997732445,PHRASE_59
55,Charlie Parker,20,5.111746031746037,20,3.912557446279961,60.35,17,4.942418436352795,0.1173057472896003,descending,True,2.5558730158730185,PHRASE_60
55,Charlie Parker,21,8.48253968253968,31,3.654565868263474,62.70967741935484,15,4.065540065596942,0.1517857142857092,ascending,True,4.24126984126984,PHRASE_09
55,Charlie Parker,22,1.7240816326530537,4,2.320075757575768,72.0,5,1.8708286933869709,0.0875420875421036,arch,False,0.8620408163265267,PHRASE_34
56,Charlie Parker,1,23.68979591836735,43,1.8151274982770504,65.23255813953489,22,5.202133771973143,0.0954514128187456,flat,False,11.844897959183674,PHRASE_11
56,Charlie Parker,2,8.204081632653057,38,4.631840796019903,67.42105263157895,22,5.936646133383679,0.0779657269209482,descending,True,4.102040816326529,PHRASE_13
56,Charlie Parker,3,3.9755102040816297,15,3.7731006160164298,60.93333333333333,14,3.9237170585499097,0.0944558521560564,descending,False,1.9877551020408148,PHRASE_50
56,Charlie Parker,4,7.053061224489795,14,1.984953703703704,61.785714285714285,14,4.394453832934865,0.0798611111111106,ascending,False,3.5265306122448976,PHRASE_30
56,Charlie Parker,5,3.3142857142857167,15,4.525862068965514,64.8,9,2.902872140943632,0.0714285714285692,flat,False,1.6571428571428584,PHRASE_50
56,Charlie Parker,6,5.48571428571428,12,2.187500000000002,64.75,12,4.105382645584534,0.1664021164021158,descending,False,2.74285714285714,PHRASE_18
56,Charlie Parker,7,20.24326530612244,43,2.124163238970886,64.20930232558139,21,5.17398743957485,0.1496536459033453,descending,False,10.12163265306122,PHRASE_11
56,Charlie Parker,8,9.23863945578232,20,2.164820923656926,72.45,17,4.295055296500849,0.1013195098963266,flat,False,4.61931972789116,PHRASE_04
56,Charlie Parker,9,7.346938775510196,14,1.9055555555555577,59.785714285714285,14,4.2287886044616245,0.1044444444444436,ascending,True,3.673469387755098,PHRASE_30
56,Charlie Parker,10,5.32244897959184,8,1.5030674846625758,66.375,12,3.6721077053920954,0.0659509202453986,descending,False,2.66122448979592,PHRASE_49
56,Charlie Parker,11,8.53877551020409,22,2.576481835564051,70.54545454545455,15,3.6893861614005496,0.0946462715105209,descending,False,4.269387755102045,PHRASE_04
56,Charlie Parker,12,4.032653061224494,7,1.7358299595141684,64.85714285714286,9,3.440455593940656,0.0668016194332028,ascending,False,2.016326530612247,PHRASE_52
56,Charlie Parker,13,5.632653061224488,24,4.2608695652173925,61.375,17,4.688749833377763,0.1376811594202939,descending,False,2.816326530612244,PHRASE_22
56,Charlie Parker,14,16.97142857142856,33,1.9444444444444455,61.39393939393939,21,5.336775748545773,0.1353962909518458,ascending,True,8.48571428571428,PHRASE_07
56,Charlie Parker,15,8.019591836734719,25,3.117365635179143,71.88,21,4.217297712991105,0.1045285921100313,ascending,True,4.0097959183673595,PHRASE_63
56,Charlie Parker,16,5.485714285714295,22,4.01041666666666,61.0,14,3.825750075000147,0.0729166666666779,descending,False,2.7428571428571473,PHRASE_50
56,Charlie Parker,17,10.636734693877573,20,1.880276285495008,65.3,19,4.838388161361178,0.1871748955402008,descending,False,5.3183673469387855,PHRASE_48
56,Charlie Parker,18,12.636734693877544,51,4.035852713178297,65.0,22,6.016317680389936,0.1033591731266163,flat,False,6.318367346938771,PHRASE_23
56,Charlie Parker,19,9.657142857142844,24,2.4852071005917193,60.75,10,3.058458217250428,0.081994928148774,flat,False,4.828571428571422,PHRASE_57
57,Charlie Parker,1,3.9938321995464854,9,2.2534747456395348,63.77777777777778,9,3.010270485365348,0.0512808866279068,descending,False,1.9969160997732427,PHRASE_59
57,Charlie Parker,2,7.304126984126983,15,2.053633518776078,61.53333333333333,12,3.556527644893104,0.0605441585535461,ascending,False,3.6520634920634913,PHRASE_49
57,Charlie Parker,3,4.105532879818593,9,2.192163663879285,60.77777777777778,8,2.6152449546532934,0.1146950633512662,descending,False,2.0527664399092966,PHRASE_21
57,Charlie Parker,4,6.796553287981858,7,1.029933806651364,63.285714285714285,5,1.577908716741037,0.0488442854855073,ascending,False,3.398276643990929,PHRASE_00
57,Charlie Parker,5,3.924489795918369,9,2.293291731669266,67.0,18,5.617433182117573,0.0963540763852782,descending,False,1.9622448979591844,PHRASE_06
57,Charlie Parker,6,6.995011337868476,13,1.8584673236514535,68.6923076923077,11,3.313947573621234,0.0771200726141082,ascending,False,3.497505668934238,PHRASE_49
57,Charlie Parker,7,4.203900226757369,11,2.616617761284198,63.81818181818182,12,3.2702010452009,0.0761953050832816,flat,False,2.1019501133786846,PHRASE_52
57,Charlie Parker,8,6.714285714285715,7,1.0425531914893615,70.0,3,0.9258200997725514,0.0370820668693011,flat,False,3.3571428571428577,PHRASE_00
57,Charlie Parker,9,10.653061224489797,13,1.2203065134099615,71.92307692307692,6,2.268904800577327,0.0509535972754379,flat,False,5.326530612244898,PHRASE_33
57,Charlie Parker,10,6.369523809523798,16,2.5119617224880426,64.125,12,3.585997071945263,0.1292150831624494,flat,False,3.184761904761899,PHRASE_49
57,Charlie Parker,11,5.427029478458053,15,2.7639429746126702,61.46666666666667,10,2.895206766747795,0.1132318285895746,arch,False,2.7135147392290264,PHRASE_50
57,Charlie Parker,12,4.785396825396816,5,1.0448454292158704,64.0,3,1.2649110640673518,0.0727174510510013,flat,True,2.392698412698408,PHRASE_00
57,Charlie Parker,13,14.077097505668943,24,1.7048969072164937,63.75,12,2.7271780286589284,0.0877158505154659,ascending,True,7.038548752834473,PHRASE_48
57,Charlie Parker,14,3.3524716553287988,14,4.1760233759909084,64.64285714285714,9,2.767338661115788,0.1106301236438381,flat,False,1.6762358276643994,PHRASE_50
57,Charlie Parker,15,12.801904761904751,28,2.187174527600061,66.5,23,5.858449331643022,0.1349678690104211,ascending,False,6.400952380952376,PHRASE_26
57,Charlie Parker,16,6.963083900226735,19,2.728676010837858,62.473684210526315,12,3.774825489903391,0.1095117757398918,ascending,False,3.4815419501133675,PHRASE_09
57,Charlie Parker,17,5.606167800453505,27,4.816124126326697,64.85185185185185,16,5.154672125246461,0.1280902148589218,flat,False,2.8030839002267527,PHRASE_22
57,Charlie Parker,18,4.418321995464879,8,1.8106421415667489,70.375,3,1.1110243021644486,0.082792741008379,flat,False,2.2091609977324396,PHRASE_00
57,Charlie Parker,19,4.179092970521538,12,2.871436477878222,63.25,12,3.538478957593691,0.0912652334805529,descending,False,2.089546485260769,PHRASE_50
57,Charlie Parker,20,8.736099773242643,16,1.8314809142868984,66.875,11,3.75624480032918,0.0920516427781697,descending,False,4.368049886621321,PHRASE_49
57,Charlie Parker,21,10.74081632653062,26,2.4206726201786037,66.61538461538461,23,7.120268594096083,0.0613549517596666,descending,False,5.37040816326531,PHRASE_26
57,Charlie Parker,22,12.26907029478457,17,1.385598060125753,64.11764705882354,14,4.470588235294118,0.1346859717668419,descending,True,6.134535147392285,PHRASE_48
57,Charlie Parker,23,7.188027210884343,16,2.2259236826165996,64.3125,9,2.6626760505175993,0.0663045124167198,ascending,False,3.5940136054421714,PHRASE_49
57,Charlie Parker,24,11.249841269841257,32,2.8444845782656585,63.46875,18,4.100185780851887,0.1616913718107436,descending,False,5.6249206349206275,PHRASE_48
57,Charlie Parker,25,1.7531065759637272,7,3.9929118377483257,59.57142857142857,6,1.7612611437054218,0.1142384105960246,descending,False,0.8765532879818636,PHRASE_41
58,Charlie Parker,1,3.82548752834467,5,1.3070229514415783,63.8,7,2.3151673805580453,0.0295902883156294,ascending,False,1.912743764172335,PHRASE_00
58,Charlie Parker,2,7.941224489795918,16,2.0148026315789473,63.625,17,4.181432170919432,0.0883018092105259,descending,False,3.970612244897959,PHRASE_04
58,Charlie Parker,3,7.410068027210887,22,2.968933607520563,66.22727272727273,15,4.511921765337795,0.1222458871915394,descending,True,3.7050340136054434,PHRASE_09
58,Charlie Parker,4,2.2320181405895667,7,3.1361752275682737,69.85714285714286,10,3.602720060833855,0.036410923276981,descending,False,1.1160090702947834,PHRASE_55
58,Charlie Parker,5,3.84253968253968,13,3.383179114342368,69.61538461538461,11,3.101822331331685,0.0969927296761381,ascending,False,1.92126984126984,PHRASE_55
58,Charlie Parker,6,6.938140589569159,25,3.6032708875321937,64.04,14,3.538135101999357,0.0540310878119567,flat,False,3.4690702947845793,PHRASE_50
58,Charlie Parker,7,4.516281179138325,14,3.099895565552697,64.21428571428571,9,2.5684506566236003,0.0437017994858618,arch,False,2.2581405895691624,PHRASE_50
58,Charlie Parker,8,5.032925170068019,7,1.390841262975781,71.14285714285714,7,2.030381486221699,0.0566068339100333,flat,False,2.5164625850340094,PHRASE_00
58,Charlie Parker,9,8.343673469387753,20,2.3970257313374432,70.6,18,4.953786430600334,0.0643229081738023,descending,False,4.171836734693876,PHRASE_04
58,Charlie Parker,10,7.30512471655328,15,2.0533530339338726,64.73333333333333,21,5.79041353349559,0.0318479246079509,descending,True,3.65256235827664,PHRASE_63
58,Charlie Parker,11,6.087981859410434,11,1.8068384982121568,65.18181818181819,13,4.3236807093069505,0.0427592371871261,descending,True,3.043990929705217,PHRASE_49
58,Charlie Parker,12,5.416054421768706,11,2.030998794212219,63.72727272727273,16,4.574452954694227,0.0942189174705218,descending,False,2.708027210884353,PHRASE_52
58,Charlie Parker,13,9.48625850340136,18,1.8974814984797204,63.94444444444444,19,5.060437203578168,0.1030156999980854,descending,False,4.74312925170068,PHRASE_63
58,Charlie Parker,14,5.491519274376429,12,2.185187632135302,59.833333333333336,7,1.818118685772619,0.0856236786469378,descending,True,2.7457596371882147,PHRASE_21
59,Charlie Parker,1,3.2507936507936535,13,3.999023437499997,70.15384615384616,15,5.260098768393464,0.112499999999999,ascending,True,1.6253968253968267,PHRASE_06
59,Charlie Parker,2,3.395918367346937,11,3.2391826923076943,68.18181818181819,15,5.30554053142359,0.0837606837606885,ascending,False,1.6979591836734684,PHRASE_06
59,Charlie Parker,3,2.4729251700680237,12,4.852552816901415,70.75,12,3.677068578818368,0.1150234741784046,flat,False,1.236462585034012,PHRASE_03
59,Charlie Parker,4,1.991111111111124,9,4.520089285714256,74.33333333333333,10,3.018461712712472,0.0932944606414007,arch,False,0.995555555555562,PHRASE_40
59,Charlie Parker,5,11.180408163265298,51,4.561550817757013,67.25490196078431,22,5.940367511093813,0.1142263759086164,descending,False,5.590204081632649,PHRASE_23
59,Charlie Parker,6,5.056145124716551,25,4.9444783295063175,64.4,19,5.578530272392541,0.1389207807118185,ascending,False,2.5280725623582754,PHRASE_22
59,Charlie Parker,7,8.375510204081635,40,4.775828460038984,65.6,18,5.068530358989674,0.1120857699805084,descending,False,4.187755102040818,PHRASE_13
59,Charlie Parker,8,3.355283446712022,2,0.5960748269896187,64.0,2,1.0,0.0034602076124586,arch,False,1.677641723356011,PHRASE_00
59,Charlie Parker,9,9.395918367346937,44,4.682884448305822,65.20454545454545,25,6.036177091860172,0.1372719374456993,ascending,True,4.697959183673468,PHRASE_23
59,Charlie Parker,10,8.400000000000006,37,4.4047619047619015,66.45945945945945,20,5.400673604606337,0.0855199222546162,flat,False,4.200000000000003,PHRASE_13
59,Charlie Parker,11,3.7616326530612127,18,4.785156250000015,64.61111111111111,26,6.550139005216174,0.0648148148148132,ascending,False,1.8808163265306064,PHRASE_10
59,Charlie Parker,12,2.5193650793650875,12,4.763104838709662,72.91666666666667,10,2.9285472318009296,0.0921658986175173,flat,True,1.2596825396825435,PHRASE_40
59,Charlie Parker,13,5.259319727891153,25,4.753466473509937,63.28,17,4.728805345962128,0.1059602649006563,ascending,False,2.6296598639455766,PHRASE_22
59,Charlie Parker,14,3.3436734693877384,12,3.5888671875000178,66.5,14,4.112987559751022,0.0434027777777851,descending,False,1.6718367346938692,PHRASE_55
59,Charlie Parker,15,4.115736961451262,17,4.13048748236952,61.64705882352941,14,3.5800291893418676,0.071932299012706,flat,False,2.057868480725631,PHRASE_50
59,Charlie Parker,16,4.609160997732431,23,4.990062185138534,64.73913043478261,15,4.285642271426646,0.0692695214105807,descending,False,2.3045804988662155,PHRASE_22
59,Charlie Parker,17,5.439274376417245,24,4.412353255069361,66.0,12,3.5355339059327378,0.0800426894343727,flat,False,2.7196371882086225,PHRASE_50
59,Charlie Parker,18,5.43346938775511,22,4.048978365384609,65.63636363636364,14,3.9375286959468574,0.0352564102564298,descending,True,2.716734693877555,PHRASE_50
59,Charlie Parker,19,2.867664399092945,13,4.533305921052672,72.76923076923077,12,3.82610157398335,0.0850202429149881,descending,False,1.4338321995464725,PHRASE_55
59,Charlie Parker,20,2.8154195011337606,13,4.617429123711383,65.61538461538461,13,3.773153374901761,0.0680412371134001,flat,False,1.4077097505668803,PHRASE_03
59,Charlie Parker,21,9.276371882086153,45,4.8510344962453145,66.37777777777778,22,6.096588805367178,0.1038798498122681,flat,True,4.638185941043076,PHRASE_23
59,Charlie Parker,22,2.7515646258503352,10,3.634295886075956,72.2,10,3.4583232931581165,0.0400843881856453,ascending,False,1.3757823129251676,PHRASE_55
59,Charlie Parker,23,8.14439909297053,36,4.420215609408405,67.0,20,5.441609239104836,0.0769779044903751,flat,False,4.072199546485265,PHRASE_13
59,Charlie Parker,24,6.077823129251698,24,3.948782234957022,65.45833333333333,18,4.760769954067888,0.0582617000955106,descending,False,3.038911564625849,PHRASE_63
60,Charlie Parker,1,6.4868027210884325,12,1.8499098116531745,64.5,11,3.3291640592396967,0.0626005005802811,ascending,False,3.243401360544216,PHRASE_49
60,Charlie Parker,2,5.13015873015873,13,2.534034653465347,68.38461538461539,13,3.584978522378783,0.1458981612446953,ascending,False,2.565079365079365,PHRASE_52
60,Charlie Parker,3,9.892426303854876,26,2.628273307415829,65.26923076923077,20,5.35334325666388,0.1070747451037932,flat,True,4.946213151927438,PHRASE_63
60,Charlie Parker,4,3.7101133786848095,6,1.617201251711323,71.16666666666667,7,2.1921577396609844,0.0463524349696859,arch,False,1.8550566893424048,PHRASE_00
60,Charlie Parker,5,10.279183673469385,43,4.183211562897079,64.23255813953489,17,4.533273417137639,0.2114923055202613,arch,True,5.1395918367346916,PHRASE_13
60,Charlie Parker,6,6.524081632653065,29,4.445070070070067,63.86206896551724,18,5.544330051447306,0.1586586586586585,descending,True,3.2620408163265324,PHRASE_22
60,Charlie Parker,7,3.271111111111104,17,5.197010869565229,67.76470588235294,21,5.84636047433339,0.1221994232475569,ascending,False,1.635555555555552,PHRASE_60
60,Charlie Parker,8,10.367346938775512,27,2.6043307086614167,66.74074074074075,16,4.239082645281332,0.1257130358705201,flat,True,5.183673469387756,PHRASE_48
60,Charlie Parker,9,4.020408163265316,12,2.984771573604054,70.25,9,2.6180463454008347,0.0892724196277473,descending,False,2.010204081632658,PHRASE_59
60,Charlie Parker,10,9.451065759637189,19,2.010355285130233,63.05263157894737,14,3.5314181467823693,0.1270273901610372,arch,False,4.725532879818594,PHRASE_48
60,Charlie Parker,11,11.24444444444444,39,3.4683794466403177,67.7948717948718,22,5.330990609727177,0.1765185125433602,flat,True,5.62222222222222,PHRASE_26
60,Charlie Parker,12,4.540952380952376,8,1.761744966442955,65.25,12,3.526683994916471,0.0316794503036094,descending,False,2.270476190476188,PHRASE_49
60,Charlie Parker,13,0.9714285714285608,5,5.147058823529468,67.8,5,1.7204650534085253,0.0462184873949713,descending,False,0.4857142857142804,PHRASE_41
61,Charlie Parker,1,3.742857142857144,12,3.2061068702290068,67.33333333333333,12,3.8369548110737792,0.0992366412213743,flat,False,1.871428571428572,PHRASE_55
61,Charlie Parker,2,2.7805895691609983,8,2.877087682672234,69.5,5,1.8027756377319943,0.0695459290187894,flat,False,1.3902947845804992,PHRASE_59
61,Charlie Parker,3,6.634920634920636,20,3.0143540669856455,64.2,13,3.7094473981982814,0.1460355434039646,flat,True,3.317460317460318,PHRASE_09
61,Charlie Parker,4,6.507845804988662,24,3.687856276742533,66.20833333333333,22,6.304622422388901,0.1290331572565468,flat,True,3.253922902494331,PHRASE_42
61,Charlie Parker,5,2.6876190476190516,7,2.6045357902196984,66.42857142857143,8,2.8713930346059686,0.0867672370152879,flat,False,1.3438095238095258,PHRASE_59
61,Charlie Parker,6,8.624489795918365,32,3.710364410790347,64.90625,17,4.54394772609677,0.120155650207712,descending,False,4.312244897959182,PHRASE_13
61,Charlie Parker,7,3.2603174603174594,13,3.9873417721519,60.46153846153846,10,3.713082580352975,0.1284740575879822,flat,False,1.6301587301587297,PHRASE_50
61,Charlie Parker,8,5.906122448979588,19,3.2170006910850057,69.26315789473684,16,4.363027742328991,0.1317668739921676,ascending,True,2.953061224489794,PHRASE_09
61,Charlie Parker,9,7.285351473922901,26,3.5688051692583516,67.1923076923077,16,4.394220249103717,0.1494129804160804,descending,False,3.64267573696145,PHRASE_09
61,Charlie Parker,10,4.159183673469386,13,3.1256133464180587,69.84615384615384,17,5.361488797915884,0.1069894231817623,descending,False,2.079591836734693,PHRASE_06
61,Charlie Parker,11,5.126530612244892,20,3.901273885350323,66.25,15,4.624662149822406,0.1286624203821652,descending,False,2.563265306122446,PHRASE_35
62,Charlie Parker,1,8.587755102040816,9,1.048003802281369,65.11111111111111,7,2.0245407953654,0.0304182509505703,flat,False,4.293877551020408,PHRASE_00
62,Charlie Parker,2,7.93469387755102,17,2.1424897119341564,64.47058823529412,11,3.219748749036237,0.0721536351165979,descending,False,3.96734693877551,PHRASE_49
62,Charlie Parker,3,1.7240816326530606,7,4.060132575757577,67.28571428571429,17,5.799366608624126,0.0471380471380465,ascending,True,0.8620408163265303,PHRASE_06
62,Charlie Parker,4,1.683446712018139,6,3.5641163793103487,72.33333333333333,5,1.9720265943665387,0.1551724137931033,flat,False,0.8417233560090693,PHRASE_40
62,Charlie Parker,5,12.567800453514735,48,3.819284064665128,63.666666666666664,27,6.465721580423608,0.0786229792147805,flat,True,6.283900226757368,PHRASE_26
62,Charlie Parker,6,1.8401814058956916,8,4.347397476340694,68.375,12,3.6721077053920954,0.1892744479495278,descending,False,0.9200907029478458,PHRASE_16
62,Charlie Parker,7,0.9171882086167784,2,2.1805775316455733,67.5,3,1.5,0.0126582278481005,flat,True,0.4585941043083892,PHRASE_27
62,Charlie Parker,8,13.50240362811791,29,2.1477657459157355,66.34482758620689,18,5.194664783376575,0.1074537833190023,descending,False,6.751201814058955,PHRASE_48
62,Charlie Parker,9,12.196281179138325,47,3.8536336863398377,67.42553191489361,21,6.242424109239915,0.107984293193712,descending,False,6.098140589569162,PHRASE_23
62,Charlie Parker,10,13.368888888888875,34,2.5432180851063855,64.20588235294117,13,3.763441883394585,0.1254884932696469,descending,False,6.684444444444438,PHRASE_48
62,Charlie Parker,11,2.7805895691609948,12,4.315631524008356,68.5,17,5.251983752196243,0.0459290187891491,ascending,True,1.3902947845804974,PHRASE_06
62,Charlie Parker,12,2.4961451247165485,11,4.406795058139544,73.54545454545455,10,3.6522380775637577,0.1604651162790568,flat,False,1.2480725623582742,PHRASE_37
62,Charlie Parker,13,13.206349206349202,28,2.1201923076923084,68.5,15,3.708099243547831,0.0989010989011001,descending,False,6.603174603174601,PHRASE_48
62,Charlie Parker,14,9.943945578231308,21,2.111837784588438,72.0,10,2.4688535993934706,0.1313485113835433,arch,False,4.971972789115654,PHRASE_25
62,Charlie Parker,15,9.723356009070272,21,2.159748134328363,61.523809523809526,18,5.057940928867131,0.1327052238805947,flat,True,4.861678004535136,PHRASE_19
62,Charlie Parker,16,5.242811791383247,25,4.768433618213878,63.08,25,6.052569702200876,0.0879208331891646,ascending,False,2.6214058956916233,PHRASE_10
62,Charlie Parker,17,11.987301587301571,21,1.751853813559324,64.71428571428571,14,3.781444132588918,0.105569007263922,descending,False,5.993650793650787,PHRASE_48
62,Charlie Parker,18,3.750022675736972,8,2.1333204334365266,60.0,7,2.345207879911715,0.0541795665634823,descending,False,1.8750113378684856,PHRASE_21
62,Charlie Parker,19,4.051882086167808,9,2.2211900071633197,65.0,10,2.70801280154532,0.053008595988547,ascending,False,2.025941043083904,PHRASE_59
62,Charlie Parker,20,8.277913832199545,30,3.6241015077138856,64.63333333333334,18,4.8199815582865275,0.0483870967741929,flat,False,4.138956916099772,PHRASE_63
62,Charlie Parker,21,8.27210884353741,20,2.4177631578947385,68.25,19,5.223743868146676,0.0870175438596563,descending,True,4.136054421768705,PHRASE_04
62,Charlie Parker,22,3.959002267573709,7,1.7681222507331322,66.71428571428571,5,1.4846149779161806,0.026392961876833,flat,False,1.9795011337868544,PHRASE_00
62,Charlie Parker,23,7.38975056689344,34,4.600967203456392,67.05882352941177,22,5.449992857364927,0.0989542419481515,ascending,False,3.69487528344672,PHRASE_13
62,Charlie Parker,24,6.362267573696158,20,3.1435333029197015,71.0,11,2.701851217221259,0.0556569343065823,descending,False,3.181133786848079,PHRASE_49
62,Charlie Parker,25,2.292970521541946,8,3.4889240506329178,61.75,7,2.331844763272204,0.0481012658227992,descending,False,1.146485260770973,PHRASE_59
63,Charlie Parker,1,5.511791383219956,19,3.447155140494507,69.47368421052632,18,5.4518796474014986,0.3504998560085567,descending,False,2.755895691609978,PHRASE_43
63,Charlie Parker,2,1.1212244897959174,7,6.243174372042233,58.285714285714285,8,2.813959371941744,0.4643044937912061,descending,False,0.5606122448979587,PHRASE_53
63,Charlie Parker,3,2.927210884353741,13,4.441087613293052,71.0,17,5.519197266046799,0.3452010225424097,ascending,False,1.4636054421768705,PHRASE_58
63,Charlie Parker,4,4.78893424036281,21,4.385109284442594,69.85714285714286,13,3.6811710647786073,0.349662866017654,ascending,False,2.394467120181405,PHRASE_58
63,Charlie Parker,5,3.359727891156467,12,3.5717178261925926,63.083333333333336,18,5.407684860969208,0.1751167625064103,ascending,False,1.6798639455782336,PHRASE_35
63,Charlie Parker,6,9.378503401360549,33,3.51868508094934,64.87878787878788,19,4.6040665540142305,0.2665186947523164,arch,False,4.689251700680273,PHRASE_01
63,Charlie Parker,7,2.086848072562347,5,2.3959578398348493,67.0,3,1.095445115010332,0.0848636314245316,arch,False,1.0434240362811735,PHRASE_27
63,Charlie Parker,8,5.537959183673479,24,4.333726415094332,70.0,13,3.559026084010437,0.2390592243186612,flat,False,2.7689795918367395,PHRASE_58
63,Charlie Parker,9,1.3428117913832125,8,5.957648012428686,63.75,7,2.1065374432940898,0.0795028538620024,flat,False,0.6714058956916062,PHRASE_41
63,Charlie Parker,10,5.726802721088433,18,3.1431150812505955,59.72222222222222,12,3.0515124766354353,0.1567993918084138,flat,False,2.8634013605442163,PHRASE_18
63,Charlie Parker,11,7.329523809523806,24,3.274428274428276,64.95833333333333,15,3.8021832178660486,0.1422445797445788,ascending,False,3.664761904761903,PHRASE_09
63,Charlie Parker,12,2.222857142857137,10,4.49871465295631,70.5,17,5.572252686302013,0.0829150854857875,ascending,False,1.1114285714285683,PHRASE_06
63,Charlie Parker,13,6.257052154195023,24,3.8356720398933017,69.5,15,4.0,0.0742491012408694,descending,False,3.1285260770975114,PHRASE_22
63,Charlie Parker,14,1.7916099773242564,4,2.232628781166949,64.75,11,4.14578098794425,0.0873560308821587,descending,False,0.8958049886621282,PHRASE_52
63,Charlie Parker,15,4.465215419501121,17,3.8072071340063895,66.52941176470588,13,3.5664720920527335,0.2445306628206957,descending,False,2.2326077097505603,PHRASE_58
63,Charlie Parker,16,8.627256235827673,31,3.593262927703683,62.32258064516129,18,4.747747151827896,0.1636116090437463,flat,False,4.3136281179138365,PHRASE_13
64,Charlie Parker,1,5.085714285714284,18,3.5393258426966305,59.72222222222222,13,3.1763983019828457,0.0557874085963969,descending,False,2.542857142857142,PHRASE_50
64,Charlie Parker,2,4.101224489795921,17,4.1451035031847105,71.76470588235294,12,3.2635132956894584,0.0416887827317774,flat,False,2.0506122448979607,PHRASE_55
64,Charlie Parker,3,3.783764172335598,9,2.378583756831913,71.0,10,3.265986323710904,0.1904305302521823,descending,False,1.891882086167799,PHRASE_39
64,Charlie Parker,4,10.194285714285712,39,3.8256726457399113,62.12820512820513,18,4.432858007174217,0.0976404014520595,descending,False,5.097142857142856,PHRASE_13
64,Charlie Parker,5,6.231655328798183,23,3.690833139264091,67.56521739130434,20,5.123060285793195,0.1306474149976708,flat,True,3.1158276643990916,PHRASE_63
64,Charlie Parker,6,7.0878911564625895,33,4.6558277027027,68.12121212121212,19,4.9589684640791845,0.1103219696969705,descending,False,3.5439455782312947,PHRASE_22
64,Charlie Parker,7,3.639727891156468,10,2.7474581339712874,66.8,11,3.1874754901018454,0.106858054226472,descending,False,1.8198639455782344,PHRASE_59
64,Charlie Parker,8,8.097959183673467,28,3.457661290322582,61.964285714285715,13,3.3539118190250496,0.1114695340501815,flat,False,4.0489795918367335,PHRASE_09
64,Charlie Parker,9,5.1025850340136,20,3.9195819112628025,60.05,13,3.51390096616282,0.1112592434584752,ascending,False,2.5512925170068,PHRASE_50
64,Charlie Parker,10,3.3756009070294937,12,3.5549226139294765,66.08333333333333,14,3.946693412071539,0.1203783319002654,descending,False,1.6878004535147468,PHRASE_35
64,Charlie Parker,11,2.8357369614512464,9,3.17377814738997,58.333333333333336,6,1.7638342073763935,0.0511770726714365,descending,False,1.4178684807256232,PHRASE_21
64,Charlie Parker,12,3.689795918367352,9,2.4391592920353946,71.22222222222223,12,3.9659040661277216,0.2168141592920343,ascending,True,1.844897959183676,PHRASE_08
64,Charlie Parker,13,3.3714285714285808,11,3.2627118644067705,69.9090909090909,15,4.357950841529775,0.1175141242937871,descending,False,1.6857142857142904,PHRASE_55
64,Charlie Parker,14,4.466938775510187,18,4.029605263157911,60.05555555555556,12,3.47166662221511,0.0965318388563962,descending,False,2.2334693877550933,PHRASE_50
64,Charlie Parker,15,7.418775510204085,22,2.96544894366197,68.27272727272727,21,5.162643950727522,0.1258558294209717,descending,False,3.709387755102042,PHRASE_63
64,Charlie Parker,16,5.416054421768706,24,4.431270096463024,66.91666666666667,16,4.7074114141662005,0.085543944265803,flat,True,2.708027210884353,PHRASE_22
64,Charlie Parker,17,6.1667120181406005,16,2.5945755133258763,63.125,15,4.594493987372276,0.3154086015179134,descending,False,3.0833560090703003,PHRASE_43
64,Charlie Parker,18,6.8818140589569055,24,3.487452551665969,63.0,24,5.267826876426369,0.0877266975959463,ascending,True,3.4409070294784527,PHRASE_63
64,Charlie Parker,19,1.700861678004543,9,5.291435580204754,69.11111111111111,5,1.852592444503674,0.0802047781569906,descending,True,0.8504308390022715,PHRASE_41
65,Charlie Parker,1,8.352653061224487,17,2.035281469898359,66.76470588235294,16,5.0003460087890375,0.0871340456954192,descending,True,4.1763265306122435,PHRASE_04
65,Charlie Parker,2,4.8972335600907115,14,2.8587568528670864,65.57142857142857,15,4.686062704816208,0.0321529115424569,descending,False,2.448616780045356,PHRASE_06
65,Charlie Parker,3,6.220045351473914,27,4.34080436304247,67.81481481481481,24,7.164919875166665,0.1305412972468498,ascending,True,3.110022675736957,PHRASE_42
65,Charlie Parker,4,3.4372789115646327,15,4.363917036098788,68.53333333333333,10,2.604269997949948,0.0428541270846558,flat,False,1.7186394557823164,PHRASE_41
65,Charlie Parker,5,1.9482993197278944,9,4.619413407821221,71.88888888888889,11,3.6038388311615233,0.0756052141527056,ascending,False,0.9741496598639472,PHRASE_03
65,Charlie Parker,6,11.9285260770975,25,2.0958163513595727,65.84,18,5.174398515769732,0.1313948537015602,descending,False,5.964263038548751,PHRASE_48
65,Charlie Parker,7,3.1709750566893717,16,5.045766590388969,72.0,11,3.082207001484488,0.1064073226544711,flat,False,1.585487528344686,PHRASE_03
65,Charlie Parker,8,2.169614512471668,7,3.226379598662189,65.0,14,5.0709255283711,0.0418060200668929,descending,False,1.084807256235834,PHRASE_06
65,Charlie Parker,9,1.2596825396825295,5,3.969254032258097,70.2,4,1.469693845669907,0.0627880184332038,flat,False,0.6298412698412648,PHRASE_40
65,Charlie Parker,10,4.925532879818576,9,1.8272134649381329,73.66666666666667,12,4.0,0.040070713022981,ascending,True,2.462766439909288,PHRASE_55
65,Charlie Parker,11,11.70285714285717,25,2.136230468749995,68.6,14,4.089009660052175,0.086410280257935,descending,False,5.851428571428585,PHRASE_48
65,Charlie Parker,12,2.589569160997712,5,1.9308231173380184,63.4,11,3.929376540877701,0.1116637478108525,ascending,False,1.294784580498856,PHRASE_52
65,Charlie Parker,13,2.637641723356012,9,3.412138927097658,64.66666666666667,12,3.9440531887330774,0.0514442916093551,descending,True,1.318820861678006,PHRASE_55
65,Charlie Parker,14,2.513015873015888,8,3.183425972713472,64.25,12,4.264680527307995,0.0360571717317527,descending,True,1.256507936507944,PHRASE_55
65,Charlie Parker,15,6.675736961451236,30,4.493885869565225,68.86666666666666,21,5.346234396490882,0.0957065217391401,ascending,False,3.337868480725618,PHRASE_22
65,Charlie Parker,16,1.9127437641723477,9,4.7052826251896525,72.77777777777777,8,2.528845928164676,0.0795713201820653,arch,False,0.9563718820861736,PHRASE_40
65,Charlie Parker,17,5.954467120181391,11,1.8473525469168943,69.27272727272727,8,2.415514591924804,0.2637094808676523,flat,False,2.9772335600906956,PHRASE_39
65,Charlie Parker,18,6.509750566893416,28,4.301240072453677,65.42857142857143,18,4.836088822803074,0.0751428173331433,flat,False,3.254875283446708,PHRASE_22
65,Charlie Parker,19,16.68063492063493,45,2.6977390377588293,63.2,15,4.251012951181296,0.0761266747868467,flat,False,8.340317460317465,PHRASE_07
66,Charlie Parker,1,6.733786848072563,20,2.970096982758621,60.8,13,3.789459064299283,0.0771551724137928,ascending,True,3.3668934240362813,PHRASE_50
66,Charlie Parker,2,11.40843537414966,48,4.207413061107666,63.9375,22,5.355706652721002,0.2087010446978014,ascending,False,5.70421768707483,PHRASE_23
66,Charlie Parker,3,13.95374149659864,41,2.938280031201248,65.07317073170732,22,5.981231800298285,0.0787441497659916,descending,True,6.976870748299319,PHRASE_26
66,Charlie Parker,4,4.088163265306129,7,1.7122603833865788,69.28571428571429,7,2.5475077857324298,0.072284345047926,ascending,True,2.0440816326530644,PHRASE_59
66,Charlie Parker,5,6.478367346938775,17,2.6241179435483875,67.47058823529412,15,4.313012418781967,0.0672043010752689,flat,False,3.2391836734693875,PHRASE_04
66,Charlie Parker,6,1.5020408163265344,6,3.9945652173912944,63.833333333333336,12,4.374801582802229,0.0724637681159443,ascending,True,0.7510204081632672,PHRASE_03
66,Charlie Parker,7,10.229115646258514,40,3.910406469461584,67.275,22,5.458880379711576,0.1894729375044373,flat,False,5.114557823129257,PHRASE_23
66,Charlie Parker,8,6.879455782312931,14,2.0350446958310244,60.42857142857143,12,3.040542379113252,0.1392294913377135,arch,False,3.4397278911564655,PHRASE_57
66,Charlie Parker,9,4.490884353741492,11,2.4494062045564733,73.72727272727273,14,4.024717022032483,0.0547746000969418,ascending,True,2.245442176870746,PHRASE_55
66,Charlie Parker,10,7.518911564625853,24,3.1919513607411685,67.75,20,5.0518148554092255,0.0581210191082818,descending,False,3.7594557823129264,PHRASE_63
67,Charlie Parker,1,3.7061224489795928,11,2.9680616740088097,62.18181818181818,7,2.081004207683563,0.2533039647577093,flat,True,1.8530612244897964,PHRASE_24
67,Charlie Parker,2,3.575510204081633,13,3.6358447488584473,63.0,12,4.095025124371127,0.0707762557077631,arch,False,1.7877551020408164,PHRASE_50
67,Charlie Parker,3,3.2678458049886636,12,3.672143888087042,61.583333333333336,15,4.821105221373576,0.0882091706450533,descending,False,1.6339229024943318,PHRASE_35
67,Charlie Parker,4,3.32244897959184,10,3.0098280098280066,59.1,10,2.7730849247724096,0.0663390663390657,ascending,False,1.66122448979592,PHRASE_50
67,Charlie Parker,5,2.7102040816326536,5,1.8448795180722888,73.6,7,2.4166091947189146,0.1566265060240956,flat,False,1.3551020408163268,PHRASE_51
67,Charlie Parker,6,5.779591836734696,22,3.8064971751412418,69.4090909090909,17,4.773592995076625,0.059322033898306,flat,True,2.889795918367348,PHRASE_22
67,Charlie Parker,7,4.097959183673467,16,3.904382470119524,66.6875,11,3.440907402125201,0.0498007968127481,descending,False,2.0489795918367335,PHRASE_50
67,Charlie Parker,8,7.654965986394558,24,3.1352196786577564,66.58333333333333,23,5.634097581295123,0.0507133039480529,descending,False,3.827482993197279,PHRASE_63
67,Charlie Parker,9,8.806167800453515,30,3.4067031970995383,69.1,20,5.028916384272064,0.0628707976268962,ascending,False,4.403083900226758,PHRASE_63
67,Charlie Parker,10,6.832653061224491,26,3.805256869772998,63.84615384615385,20,5.572544700392256,0.0597371565113489,flat,True,3.4163265306122454,PHRASE_63
67,Charlie Parker,11,1.730612244897955,6,3.46698113207548,63.166666666666664,12,3.933474573735315,0.0377358490566084,descending,False,0.8653061224489775,PHRASE_50
67,Charlie Parker,12,3.820408163265313,9,2.355769230769227,72.0,12,3.590109871423002,0.346153846153839,descending,False,1.9102040816326564,PHRASE_02
67,Charlie Parker,13,9.502040816326511,34,3.578178694158082,63.26470588235294,19,5.484249230239009,0.0904352806414624,descending,True,4.7510204081632565,PHRASE_13
67,Charlie Parker,14,4.808163265306135,14,2.911714770797955,61.285714285714285,10,3.282607226593159,0.0797962648556881,ascending,False,2.4040816326530674,PHRASE_50
67,Charlie Parker,15,2.8908843537415123,17,5.88055346385539,64.88235294117646,14,3.9389809512431073,0.1144578313253003,descending,True,1.4454421768707562,PHRASE_03
67,Charlie Parker,16,1.5034920634920752,5,3.3255912162161905,58.4,8,2.870540018881465,0.0540540540540647,descending,False,0.7517460317460376,PHRASE_21
67,Charlie Parker,17,3.912562358276645,13,3.3226307492581593,60.46153846153846,15,3.9732835600446026,0.0489614243323459,descending,False,1.9562811791383223,PHRASE_50
67,Charlie Parker,18,11.186213151927449,38,3.3970387908666293,65.15789473684211,20,5.645334896548018,0.0892579138557343,descending,False,5.5931065759637235,PHRASE_26
67,Charlie Parker,19,3.616507936507944,14,3.871137640449431,70.0,9,2.878491668515698,0.0834670947030527,ascending,False,1.808253968253972,PHRASE_55
67,Charlie Parker,20,3.413333333333327,11,3.222656250000006,69.0909090909091,9,2.906248611481051,0.0986394557823013,arch,False,1.7066666666666634,PHRASE_59
67,Charlie Parker,21,2.972154195011342,10,3.3645629882812456,69.5,6,1.91049731745428,0.2363281249999972,descending,False,1.486077097505671,PHRASE_24
67,Charlie Parker,22,5.636643990929713,17,3.015979016477854,60.23529411764706,10,2.7553031596777338,0.1132852729145234,descending,True,2.8183219954648564,PHRASE_50
68,Charlie Parker,1,1.892426303854876,10,5.28422162576687,66.3,8,2.570992026436488,0.092024539877301,flat,False,0.946213151927438,PHRASE_41
68,Charlie Parker,2,2.0259410430839004,9,4.442380014326647,70.55555555555556,7,2.2166597048066667,0.0888252148997146,descending,False,1.0129705215419502,PHRASE_40
68,Charlie Parker,3,7.459410430839,29,3.8877067120622577,64.3103448275862,15,3.8694510728567,0.1377431906614785,arch,False,3.7297052154195,PHRASE_09
68,Charlie Parker,4,4.9574603174603205,15,3.0257428278688505,65.4,15,3.7202150475476543,0.1135831381733021,descending,True,2.47873015873016,PHRASE_50
68,Charlie Parker,5,3.181133786848065,11,3.4578866332116873,65.18181818181819,13,3.8569460791993504,0.0802919708029198,descending,False,1.5905668934240325,PHRASE_55
68,Charlie Parker,6,6.936961451247164,21,3.0272620292887034,61.095238095238095,11,3.0222155528804633,0.1297071129707117,descending,False,3.468480725623582,PHRASE_50
68,Charlie Parker,7,1.7414965986394506,3,1.722656250000005,56.0,7,2.943920288775949,0.0733333333333294,arch,False,0.8707482993197253,PHRASE_21
68,Charlie Parker,8,7.482630385487532,23,3.0737853956555456,66.78260869565217,15,3.83299771139725,0.087664856477891,ascending,True,3.741315192743766,PHRASE_09
68,Charlie Parker,9,6.147482993197265,23,3.7413686260623313,65.26086956521739,17,4.51295132686349,0.1237016052880095,flat,True,3.0737414965986325,PHRASE_22
68,Charlie Parker,10,2.9605442176870724,9,3.039981617647061,63.0,10,3.4641016151377544,0.1823529411764761,arch,False,1.4802721088435362,PHRASE_18
68,Charlie Parker,11,3.639727891156454,11,3.022203947368428,67.0909090909091,17,4.357950841529775,0.1850079744816526,descending,False,1.819863945578227,PHRASE_35
68,Charlie Parker,12,5.06775510204082,14,2.762564432989689,65.28571428571429,13,3.749829928116197,0.2061855670103088,ascending,False,2.53387755102041,PHRASE_18
68,Charlie Parker,13,1.9388662131519256,3,1.5472960329341334,72.0,0,0.0,0.2395209580838338,flat,False,0.9694331065759628,PHRASE_34
68,Charlie Parker,14,3.0243990929705262,11,3.6370861324376142,65.9090909090909,12,4.010317272747778,0.1074856046065244,descending,False,1.5121995464852631,PHRASE_35
87,Clifford Brown,1,1.3757823129251694,3,2.1805775316455707,67.66666666666667,2,0.9428090415820634,0.0717299578059064,flat,True,0.6878911564625847,PHRASE_27
87,Clifford Brown,2,5.1983673469387774,10,1.9236809045226124,63.4,10,2.8000000000000003,0.0460636515912897,descending,True,2.5991836734693887,PHRASE_49
87,Clifford Brown,3,1.7346938775510203,4,2.3058823529411767,67.75,5,1.920286436967152,0.0578300653594785,ascending,False,0.8673469387755102,PHRASE_27
87,Clifford Brown,4,4.318911564625854,16,3.704637096774191,70.0625,15,4.853719578838481,0.1075583837365606,descending,False,2.159455782312927,PHRASE_06
87,Clifford Brown,5,8.511564625850337,21,2.467231457800513,70.42857142857143,25,7.816779440173973,0.0808610400682019,descending,True,4.255782312925168,PHRASE_42
87,Clifford Brown,6,5.405170068027211,32,5.920257752718486,66.0625,9,2.6093282181435127,0.2734007920526265,flat,False,2.7025850340136053,PHRASE_58
87,Clifford Brown,7,1.0489795918367335,4,3.81322957198444,59.5,5,2.0615528128088303,0.24448767833982,ascending,True,0.5244897959183668,PHRASE_53
87,Clifford Brown,8,14.816326530612244,50,3.3746556473829203,73.48,20,5.503598822588725,0.1416957453321079,arch,True,7.408163265306122,PHRASE_44
87,Clifford Brown,9,10.072789115646266,32,3.176875801985545,75.5,13,3.427827300200522,0.1387271785867057,descending,False,5.036394557823133,PHRASE_29
87,Clifford Brown,10,4.222448979591832,13,3.0787820202996654,67.23076923076923,17,5.451236220469715,0.0909188550561177,descending,True,2.111224489795916,PHRASE_06
87,Clifford Brown,11,1.8151020408163137,8,4.407465707218381,61.0,7,2.598076211353316,0.0709342128276254,flat,True,0.9075510204081568,PHRASE_41
87,Clifford Brown,12,2.053061224489781,9,4.383697813121304,65.44444444444444,9,2.910177967490843,0.0545394300861541,arch,False,1.0265306122448905,PHRASE_41
87,Clifford Brown,13,10.190657596371892,30,2.943872828254056,69.76666666666667,15,4.447346274902472,0.1483996724579863,flat,False,5.095328798185946,PHRASE_29
87,Clifford Brown,14,1.198730158730157,3,2.502648305084749,71.0,2,0.816496580927726,0.171912832929783,flat,False,0.5993650793650787,PHRASE_34
87,Clifford Brown,15,1.2596825396825435,3,2.381552419354831,73.66666666666667,5,2.0548046676563256,0.1912442396313293,descending,False,0.6298412698412719,PHRASE_51
87,Clifford Brown,16,2.940226757369615,8,2.7208785784797627,79.0,10,3.7416573867739418,0.1085883514313894,ascending,True,1.4701133786848075,PHRASE_12
87,Clifford Brown,17,1.7153741496598656,2,1.165926395939085,85.0,2,1.0,0.0135363790186117,arch,True,0.8576870748299328,PHRASE_12
87,Clifford Brown,18,14.8162358276644,39,2.6322475191155132,73.84615384615384,30,8.244776004291854,0.2134999295985889,descending,False,7.4081179138322,PHRASE_38
87,Clifford Brown,19,1.7448979591836746,9,5.157894736842102,74.55555555555556,13,4.969039949999533,0.2339181286549662,descending,False,0.8724489795918373,PHRASE_37
87,Clifford Brown,20,4.048979591836741,15,3.704637096774188,71.06666666666666,15,4.668571040003092,0.266151433691749,ascending,True,2.0244897959183703,PHRASE_58
87,Clifford Brown,21,15.352426303854855,54,3.5173593366438167,67.70370370370371,25,5.342456189285105,0.102732179096712,descending,False,7.676213151927428,PHRASE_44
87,Clifford Brown,22,5.259319727891125,17,3.2323572019867743,67.82352941176471,19,5.533165184143457,0.16059602649007,ascending,False,2.6296598639455624,PHRASE_06
87,Clifford Brown,23,4.24979591836734,13,3.0589704187476037,74.46153846153847,14,5.001774832925802,0.0862252955990996,ascending,False,2.12489795918367,PHRASE_55
87,Clifford Brown,24,3.633922902494305,9,2.4766623402556087,82.66666666666667,13,4.109609335312651,0.0992661741213986,ascending,True,1.8169614512471528,PHRASE_12
87,Clifford Brown,25,3.8816326530612457,11,2.8338590956887333,77.45454545454545,9,3.0260576321987704,0.0599369085173552,arch,True,1.9408163265306229,PHRASE_12
87,Clifford Brown,26,3.1405895691610226,8,2.547292418772543,82.625,12,3.5333235062756425,0.1599566787003454,ascending,True,1.5702947845805113,PHRASE_12
87,Clifford Brown,27,1.714285714285694,3,1.7500000000000209,81.33333333333333,1,0.4714045207910317,0.2999999999999983,arch,False,0.857142857142847,PHRASE_51
87,Clifford Brown,28,16.68367346938774,46,2.7571865443425096,76.93478260869566,28,7.631177964551348,0.1524811416921532,descending,False,8.34183673469387,PHRASE_38
87,Clifford Brown,29,0.9491156462584912,3,3.160837155963344,65.0,7,2.943920288775949,0.0641724006116357,ascending,False,0.4745578231292455,PHRASE_59
87,Clifford Brown,30,18.42580498866212,60,3.2563027795485495,72.91666666666667,29,6.883050841660904,0.1392826288676296,descending,True,9.21290249433106,PHRASE_38
87,Clifford Brown,31,10.293877551020415,64,6.2172878667723985,66.15625,8,2.237596017492881,0.1016565336152906,flat,True,5.146938775510208,PHRASE_20
87,Clifford Brown,32,2.5448979591836576,12,4.715316760224568,77.16666666666667,8,2.266911751455907,0.0697674418604474,descending,False,1.2724489795918288,PHRASE_40
87,Clifford Brown,33,3.092789115646241,9,2.909994721098028,65.33333333333333,13,4.08248290463863,0.1156372807789233,ascending,True,1.5463945578231204,PHRASE_52
87,Clifford Brown,34,1.3018594104308363,4,3.0725283912770913,64.75,7,2.680951323690902,0.0580366473907876,descending,False,0.6509297052154182,PHRASE_59
88,Clifford Brown,1,4.987755102040816,16,3.207855973813421,69.75,16,4.548351349665063,0.3256955810147298,arch,False,2.493877551020408,PHRASE_43
88,Clifford Brown,2,5.346938775510203,21,3.927480916030535,69.38095238095238,20,5.56756072497677,0.309855810008482,descending,False,2.6734693877551017,PHRASE_01
88,Clifford Brown,3,3.549750566893426,12,3.3805192150449694,65.08333333333333,12,3.4024092770989336,0.2567457072771877,flat,True,1.774875283446713,PHRASE_18
88,Clifford Brown,4,12.085986394557825,47,3.8888013328530255,67.63829787234043,17,4.0340335757149415,0.2861206171950055,descending,False,6.042993197278912,PHRASE_29
88,Clifford Brown,5,2.18267573696145,10,4.581532579787237,71.5,13,4.006245124802026,0.1848404255319136,ascending,False,1.091337868480725,PHRASE_37
88,Clifford Brown,6,5.796281179138319,22,3.795537055583377,72.0909090909091,21,6.848417806054256,0.2724555583375037,descending,False,2.898140589569159,PHRASE_36
88,Clifford Brown,7,4.931337868480725,21,4.2584792525014725,70.85714285714286,19,5.203347954151519,0.2287374926427314,descending,True,2.4656689342403624,PHRASE_58
88,Clifford Brown,8,12.524263038548751,51,4.072095886442642,68.37254901960785,17,4.54589141936064,0.2285559096176119,ascending,False,6.2621315192743765,PHRASE_23
88,Clifford Brown,9,10.63918367346939,31,2.9137573850993626,76.41935483870968,12,4.15641124318523,0.2118468503030768,descending,False,5.319591836734695,PHRASE_29
88,Clifford Brown,10,3.1927437641723344,12,3.758522727272729,78.0,14,4.320493798938574,0.188181818181816,ascending,True,1.5963718820861672,PHRASE_37
88,Clifford Brown,11,4.68462585034014,12,2.561570631970258,79.33333333333333,11,3.4480268109295333,0.3339529120198268,descending,False,2.34231292517007,PHRASE_51
88,Clifford Brown,12,8.942585034013604,33,3.6902081304771186,69.27272727272727,18,4.308362040390104,0.2496348588120706,flat,False,4.471292517006802,PHRASE_29
88,Clifford Brown,13,1.4193197278911498,5,3.5228144171779308,73.6,7,2.576819745345025,0.2453987730061324,descending,False,0.7096598639455749,PHRASE_51
88,Clifford Brown,14,4.732244897959191,16,3.381059168535444,68.3125,12,3.459023525505428,0.242615912445136,ascending,True,2.3661224489795956,PHRASE_58
88,Clifford Brown,15,3.349478458049873,14,4.179755199306776,66.85714285714286,14,3.925323332581167,0.2911611785095339,descending,True,1.6747392290249363,PHRASE_58
88,Clifford Brown,16,9.436009070294787,39,4.133103275915102,66.66666666666667,12,2.94682213303767,0.2202976007382306,flat,True,4.718004535147394,PHRASE_29
88,Clifford Brown,17,4.951655328798211,22,4.442958675263752,66.72727272727273,15,3.319115684277943,0.2820376611957811,flat,True,2.4758276643991053,PHRASE_58
88,Clifford Brown,18,3.6661224489795927,14,3.8187486083277657,70.57142857142857,14,4.386900723652596,0.2357307207006636,descending,True,1.8330612244897964,PHRASE_58
89,Clifford Brown,1,4.684625850340137,8,1.70771375464684,63.75,12,3.8649062084350767,0.0904584882280048,descending,False,2.3423129251700683,PHRASE_52
89,Clifford Brown,2,12.543129251700678,22,1.7539482818465812,65.77272727272727,15,3.95350038437537,0.1347550040495193,descending,False,6.271564625850339,PHRASE_48
89,Clifford Brown,3,3.893877551020406,10,2.5681341719077584,63.2,8,2.5219040425836985,0.1341719077568123,descending,True,1.946938775510203,PHRASE_59
89,Clifford Brown,4,15.975510204081637,42,2.6290240163515577,67.23809523809524,20,4.622973294987523,0.1535513541134389,flat,True,7.987755102040818,PHRASE_07
89,Clifford Brown,5,4.765351473922898,14,2.937873539152616,64.78571428571429,12,3.628824513108725,0.3002207925691893,flat,False,2.382675736961449,PHRASE_18
89,Clifford Brown,6,4.24285714285714,17,4.00673400673401,70.11764705882354,11,3.1971007627532217,0.3506493506493471,ascending,True,2.12142857142857,PHRASE_02
89,Clifford Brown,7,5.424761904761915,16,2.9494382022471854,70.6875,9,2.567069097239106,0.4573635634028931,descending,True,2.7123809523809577,PHRASE_14
89,Clifford Brown,8,13.845079365079355,34,2.4557461249197483,70.61764705882354,19,4.582670078884483,0.1535619292200042,descending,False,6.9225396825396786,PHRASE_07
89,Clifford Brown,9,4.411791383219949,9,2.0399876644736867,75.66666666666667,12,4.136557881996952,0.1157894736842041,ascending,True,2.2058956916099746,PHRASE_08
89,Clifford Brown,10,12.869569160997711,25,1.942566972308953,68.08,25,7.287907793050074,0.3302310993959941,descending,True,6.434784580498857,PHRASE_05
89,Clifford Brown,11,23.70467120181405,59,2.488960909758786,68.79661016949153,20,5.017865239312091,0.2295556814007591,descending,False,11.852335600907026,PHRASE_54
89,Clifford Brown,12,14.482721088435367,38,2.6238163234631005,67.42105263157895,24,5.85181743674727,0.1652575279322594,flat,True,7.2413605442176845,PHRASE_26
89,Clifford Brown,13,5.72952380952384,13,2.2689494680850943,66.76923076923077,15,4.676518201098666,0.3566362715298914,descending,False,2.86476190476192,PHRASE_43
89,Clifford Brown,14,27.81251700680272,76,2.732582598741818,69.14473684210526,24,5.377105333992741,0.2042311166769345,descending,False,13.90625850340136,PHRASE_54
89,Clifford Brown,15,4.821043083900207,11,2.2816639072847775,69.18181818181819,10,2.7574092523823817,0.1472004816375735,flat,False,2.4105215419501036,PHRASE_39
89,Clifford Brown,16,5.33097505668934,12,2.25099533807466,72.0,19,5.84522597225006,0.1716405213189527,descending,True,2.66548752834467,PHRASE_08
89,Clifford Brown,17,9.66820861678005,23,2.378930876613629,65.43478260869566,19,4.509179882596234,0.183451853797662,descending,True,4.834104308390025,PHRASE_48
90,Clifford Brown,1,14.52244897959184,50,3.4429454749859465,70.26,26,5.694945127040295,0.2286677908937602,descending,False,7.26122448979592,PHRASE_38
90,Clifford Brown,2,3.554104308390023,14,3.939107799101673,71.85714285714286,14,3.925323332581167,0.3434054716210697,arch,False,1.7770521541950115,PHRASE_02
90,Clifford Brown,3,13.24009070294785,64,4.833803743183623,70.140625,24,6.056678100194445,0.2235771243800183,descending,False,6.620045351473925,PHRASE_44
90,Clifford Brown,4,1.8628571428571377,8,4.294478527607374,62.5,11,3.774917217635375,0.1393514460999044,descending,False,0.9314285714285688,PHRASE_35
90,Clifford Brown,5,3.1192743764172377,10,3.2058738005234035,60.7,13,3.8483762809787714,0.2486187845303891,descending,False,1.5596371882086189,PHRASE_18
90,Clifford Brown,6,2.8800000000000026,14,4.861111111111107,73.5,4,1.0522085616183026,0.170068027210885,ascending,False,1.4400000000000013,PHRASE_40
90,Clifford Brown,7,6.228571428571428,32,5.137614678899083,68.84375,14,3.4830785144036014,0.1355176933158579,flat,False,3.114285714285714,PHRASE_22
90,Clifford Brown,8,2.479818594104323,9,3.629297732260403,69.11111111111111,9,2.997941680718231,0.1234820775420592,descending,False,1.2399092970521617,PHRASE_16
90,Clifford Brown,9,0.9469387755102048,3,3.16810344827586,77.0,5,2.160246899469287,0.1310344827586184,ascending,False,0.4734693877551024,PHRASE_12
90,Clifford Brown,10,7.350204081632654,35,4.761772545535317,65.94285714285714,27,7.06275080826103,0.166999851917665,descending,False,3.675102040816327,PHRASE_01
90,Clifford Brown,11,2.661224489795927,13,4.884969325153358,62.38461538461539,8,2.2373907034229212,0.1411042944785228,flat,False,1.3306122448979636,PHRASE_41
90,Clifford Brown,12,5.4338321995464725,24,4.4167723843226385,70.375,15,4.479699580701069,0.2425051746010543,descending,True,2.716916099773236,PHRASE_58
90,Clifford Brown,13,10.334693877551018,35,3.3866508688783576,72.94285714285714,26,9.143124996076429,0.2714411093558065,descending,False,5.167346938775509,PHRASE_38
90,Clifford Brown,14,2.9326077097505703,12,4.091921316342937,68.33333333333333,6,1.8408935028645437,0.2254113571693765,flat,False,1.4663038548752851,PHRASE_16
90,Clifford Brown,15,17.6645804988662,88,4.981720341767995,69.02272727272727,24,5.898723422616873,0.1802240798554077,arch,True,8.8322902494331,PHRASE_31
90,Clifford Brown,16,2.622040816326532,13,4.957970112079699,74.23076923076923,9,2.516219574430173,0.1450809464508128,flat,False,1.311020408163266,PHRASE_40
90,Clifford Brown,17,2.297324263038547,12,5.223468098547066,74.08333333333333,12,4.009537241239803,0.2083070120025222,ascending,False,1.1486621315192735,PHRASE_37
90,Clifford Brown,18,0.6077097505668689,3,4.936567164179303,76.0,4,1.632993161855452,0.0429850746268445,descending,True,0.3038548752834344,PHRASE_40
90,Clifford Brown,19,12.93387755102043,65,5.025561726836649,70.07692307692308,20,4.962343405187303,0.1674521024432748,flat,True,6.466938775510215,PHRASE_44
90,Clifford Brown,20,5.916734693877572,13,2.1971578366445836,70.15384615384616,17,5.035965324102434,0.215415746872703,descending,False,2.958367346938786,PHRASE_08
90,Clifford Brown,21,13.129795918367336,56,4.265108182044271,71.42857142857143,16,3.750510169378593,0.2488877835806531,ascending,True,6.564897959183668,PHRASE_44
91,Clifford Brown,1,5.959183673469388,27,4.530821917808219,67.4074074074074,24,7.268701342357489,0.2617656012176554,descending,True,2.979591836734694,PHRASE_01
91,Clifford Brown,2,2.2273015873015893,6,2.6938426453819817,66.5,8,3.304037933599835,0.3876852907639679,descending,False,1.113650793650795,PHRASE_02
91,Clifford Brown,3,3.8750113378684783,16,4.12902017695801,68.0625,11,3.1118473211261506,0.2401104817190204,ascending,False,1.9375056689342391,PHRASE_58
91,Clifford Brown,4,1.768571428571427,8,4.523424878836838,66.25,9,2.817356917396161,0.2008616047388249,ascending,False,0.8842857142857135,PHRASE_16
91,Clifford Brown,5,4.284081632653059,22,5.135289634146344,66.95454545454545,18,5.20032580034675,0.2398373983739828,descending,False,2.1420408163265297,PHRASE_58
91,Clifford Brown,6,4.139002267573694,21,5.073686517284832,72.14285714285714,11,3.028212018206599,0.1949597326466866,flat,False,2.069501133786847,PHRASE_58
91,Clifford Brown,7,6.489977324263037,31,4.7765960420393565,67.93548387096774,24,6.913919964969071,0.2960783765652942,descending,True,3.2449886621315187,PHRASE_01
91,Clifford Brown,8,3.738412698412702,18,4.814877717391299,63.22222222222222,11,2.698879511442471,0.3618012422360299,arch,True,1.869206349206351,PHRASE_02
91,Clifford Brown,9,3.3030385487528378,13,3.93576999121265,70.07692307692308,14,4.6979789183392215,0.398945518453429,flat,False,1.6515192743764189,PHRASE_02
91,Clifford Brown,10,1.5963718820861672,8,5.0113636363636385,72.375,6,1.79843682124227,0.1672727272727268,flat,True,0.7981859410430836,PHRASE_40
91,Clifford Brown,11,1.9969160997732445,9,4.506949491279066,65.22222222222223,7,2.042752923427804,0.3168604651162734,arch,False,0.9984580498866222,PHRASE_02
91,Clifford Brown,12,4.208616780045347,20,4.752155172413799,67.0,11,3.3466401061363023,0.2482758620689688,descending,True,2.1043083900226733,PHRASE_58
91,Clifford Brown,13,3.279818594104313,16,4.878318584070789,71.1875,19,5.681315318656411,0.2181830752212399,ascending,False,1.6399092970521565,PHRASE_36
91,Clifford Brown,14,11.61419501133787,40,3.444061337092384,64.925,27,7.111214734488054,0.2519045815387367,descending,False,5.807097505668935,PHRASE_38
91,Clifford Brown,15,4.643990929705211,19,4.0913085937500036,71.78947368421052,9,2.504289948077962,0.4418750000000043,flat,False,2.3219954648526056,PHRASE_02
91,Clifford Brown,16,15.447074829931964,58,3.754756200676439,71.12068965517241,24,5.982957365276856,0.2960470687711376,descending,False,7.723537414965982,PHRASE_44
91,Clifford Brown,17,0.9984580498866222,6,6.009265988372087,62.0,6,2.0,0.1511627906976871,descending,False,0.4992290249433111,PHRASE_41
91,Clifford Brown,18,19.64988662131519,93,4.732851735598228,66.46236559139786,24,5.638880274315404,0.2628185007385473,descending,False,9.824943310657597,PHRASE_31
91,Clifford Brown,19,5.009705215419501,26,5.189926129779837,71.07692307692308,15,3.8622739109640594,0.2595596755504024,ascending,False,2.5048526077097506,PHRASE_58
91,Clifford Brown,20,8.028299319727893,40,4.982375271149674,69.35,21,5.841874699101308,0.3167197668112794,descending,False,4.014149659863946,PHRASE_01
91,Clifford Brown,21,11.830566893424049,59,4.987081391069671,66.86440677966101,21,4.39359173989837,0.2504331759077552,descending,False,5.915283446712024,PHRASE_23
91,Clifford Brown,22,3.720997732426298,15,4.031176872074889,70.33333333333333,15,4.5117131508503014,0.2152886115444519,ascending,False,1.860498866213149,PHRASE_58
91,Clifford Brown,23,1.3119274376417422,3,2.286711836283153,70.33333333333333,7,3.2998316455372216,0.292035398230095,descending,True,0.6559637188208711,PHRASE_02
91,Clifford Brown,24,3.332063492063469,16,4.801829268292717,68.3125,12,3.076498618559742,0.2195121951219468,ascending,False,1.6660317460317344,PHRASE_58
92,Clifford Brown,1,6.7469387755102055,18,2.667876588021778,71.5,17,4.4503433076062295,0.2873563218390806,descending,True,3.3734693877551027,PHRASE_08
92,Clifford Brown,2,16.053514739229023,35,2.180207921351489,66.02857142857142,18,4.582486625563613,0.1850274026781176,flat,False,8.026757369614511,PHRASE_07
92,Clifford Brown,3,3.070839002267576,12,3.9077268431001864,72.83333333333333,13,4.775516260631468,0.3336483931947048,descending,True,1.535419501133788,PHRASE_02
92,Clifford Brown,4,20.0562358276644,46,2.2935510130246017,66.76086956521739,23,5.779216069181971,0.1884542329956574,descending,False,10.0281179138322,PHRASE_11
92,Clifford Brown,5,8.692970521541952,22,2.5307804674457426,69.77272727272727,22,6.556965887732875,0.258743739565942,descending,False,4.346485260770976,PHRASE_05
92,Clifford Brown,6,3.680362811791398,8,2.1736987381703385,63.625,14,4.270172713134681,0.149842271293377,descending,False,1.840181405895699,PHRASE_52
92,Clifford Brown,7,6.344852607709754,30,4.72824222323879,66.86666666666666,12,2.591438896743574,0.2236962488563552,descending,True,3.172426303854877,PHRASE_58
92,Clifford Brown,8,1.9882086167800568,12,6.035583941605806,67.16666666666667,15,4.722875771768251,0.1708029197080374,ascending,True,0.9941043083900284,PHRASE_03
92,Clifford Brown,9,1.4731972789115702,6,4.072774288880664,66.0,11,3.5118845842842465,0.1626646964659434,descending,False,0.7365986394557851,PHRASE_16
92,Clifford Brown,10,5.13160997732426,7,1.3640943156108605,79.42857142857143,10,3.155817433482074,0.140253817873304,flat,False,2.56580498866213,PHRASE_12
92,Clifford Brown,11,3.8244897959183537,10,2.614727854855933,65.9,15,4.27668095606862,0.1728922091782239,descending,False,1.9122448979591768,PHRASE_52
92,Clifford Brown,12,11.792562358276626,24,2.035181097274891,69.04166666666667,24,6.412742306446509,0.1664756601262944,descending,False,5.896281179138313,PHRASE_26
92,Clifford Brown,13,16.13786848072563,73,4.523521807553955,67.26027397260275,21,5.047791860275644,0.2321942446043134,descending,True,8.068934240362815,PHRASE_44
92,Clifford Brown,14,5.688888888888869,25,4.394531250000016,68.12,17,4.283176391417939,0.2316007653061277,arch,True,2.8444444444444343,PHRASE_58
92,Clifford Brown,15,1.3090249433106464,2,1.5278547671840486,79.5,1,0.5,0.026607538802654,arch,False,0.6545124716553232,PHRASE_34
92,Clifford Brown,16,4.688253968253946,7,1.4930931744312097,83.85714285714286,8,3.2261685116103473,0.1475003869370014,flat,True,2.344126984126973,PHRASE_12
92,Clifford Brown,17,18.549841269841263,48,2.587623220153341,66.66666666666667,24,5.497474167490214,0.1764982005945877,descending,False,9.274920634920631,PHRASE_11
92,Clifford Brown,18,1.959183673469397,9,4.593749999999979,70.77777777777777,7,2.096440251568134,0.2903703703703709,arch,True,0.9795918367346984,PHRASE_02
92,Clifford Brown,19,17.890975056689342,75,4.192057714146658,67.74666666666667,20,3.9229014205757906,0.2291024497079847,descending,False,8.945487528344671,PHRASE_44
92,Clifford Brown,20,3.599092970521525,15,4.1677167338709875,67.8,11,3.409789827345179,0.3604838709677466,descending,False,1.7995464852607626,PHRASE_02
92,Clifford Brown,21,5.863038548752854,14,2.3878403465346456,73.42857142857143,3,0.8206518066482897,0.0811881188118824,flat,False,2.931519274376427,PHRASE_34
92,Clifford Brown,22,4.437913832199541,13,2.9293042838456542,73.6923076923077,7,1.5876744185038687,0.1236102027468918,arch,False,2.21895691609977,PHRASE_34
92,Clifford Brown,23,0.9926530612244732,5,5.0370065789474525,72.0,4,1.4142135623730951,0.1812865497075916,flat,False,0.4963265306122366,PHRASE_40
92,Clifford Brown,24,3.964807256235843,20,5.044381405563669,67.45,12,3.5422450508117027,0.200677159590031,ascending,True,1.9824036281179216,PHRASE_58
92,Clifford Brown,25,7.123900226757371,16,2.2459607084198057,68.5,22,6.234981956669963,0.1920016297220569,descending,True,3.5619501133786855,PHRASE_42
93,Clifford Brown,1,2.335782312925171,6,2.568732525629076,74.5,12,4.645786621588784,0.1407075178626908,ascending,False,1.1678911564625856,PHRASE_08
93,Clifford Brown,2,2.9976417233560095,8,2.6687645617113978,73.625,16,5.146297212559725,0.0309086507912496,descending,True,1.4988208616780048,PHRASE_55
93,Clifford Brown,3,4.476507936507939,12,2.6806609460321944,68.25,14,4.303583777891785,0.0493176775709929,arch,False,2.2382539682539697,PHRASE_55
93,Clifford Brown,4,1.9307936507936496,5,2.589608681354819,69.4,5,1.624807680927192,0.1098792690374402,flat,False,0.9653968253968248,PHRASE_34
93,Clifford Brown,5,4.7578684807256195,14,2.9424941140585856,67.57142857142857,11,3.5599816555363177,0.0170525493036951,ascending,False,2.3789342403628098,PHRASE_55
93,Clifford Brown,6,0.6037188208616797,2,3.3128004807692215,82.5,3,1.5,0.0673076923076942,arch,False,0.3018594104308398,PHRASE_12
93,Clifford Brown,7,7.702857142857145,20,2.5964391691394653,68.8,26,7.145628033979938,0.1605494324337059,descending,False,3.851428571428572,PHRASE_42
93,Clifford Brown,8,9.65501133786848,33,3.4179141634530024,66.45454545454545,20,4.506499744247589,0.1055459784962406,descending,False,4.82750566893424,PHRASE_13
93,Clifford Brown,9,2.9301587301587233,10,3.4127843986998996,69.7,8,2.531797780234432,0.1332611050920896,descending,True,1.4650793650793617,PHRASE_16
93,Clifford Brown,10,4.955600907029478,24,4.843005005902756,70.54166666666667,15,4.132988896939142,0.1471296135296668,descending,False,2.477800453514739,PHRASE_22
93,Clifford Brown,11,8.763038548752824,44,5.021089403545096,69.61363636363636,15,3.9555249570632736,0.138336136628278,descending,False,4.381519274376412,PHRASE_13
93,Clifford Brown,12,3.084761904761905,12,3.8900895338067305,65.75,17,5.11737237261468,0.0324468163307333,descending,False,1.5423809523809524,PHRASE_06
93,Clifford Brown,13,2.661224489795927,10,3.757668711656429,76.0,14,4.449719092257398,0.0714723926380329,descending,True,1.3306122448979636,PHRASE_55
93,Clifford Brown,14,1.493877551020418,3,2.008196721311462,80.66666666666667,7,2.8674417556808756,0.0815118397085647,ascending,True,0.746938775510209,PHRASE_12
93,Clifford Brown,15,2.678775510204076,7,2.613134237391442,83.0,5,1.8516401995451028,0.0907782687456533,flat,True,1.339387755102038,PHRASE_12
93,Clifford Brown,16,14.553922902494335,35,2.404849897480321,69.42857142857143,17,4.051706619513837,0.0222022099378687,descending,True,7.276961451247168,PHRASE_48
93,Clifford Brown,17,11.89197278911564,26,2.186348763242799,68.15384615384616,10,2.2819072267986655,0.1099695673065909,ascending,False,5.945986394557821,PHRASE_33
93,Clifford Brown,18,3.218367346938777,9,2.796448953709574,69.22222222222223,15,5.452375176171243,0.0012823222715377,descending,False,1.6091836734693885,PHRASE_06
93,Clifford Brown,19,1.7234013605442158,4,2.320991552853875,67.0,4,1.4142135623730951,0.0667877161127329,flat,False,0.8617006802721079,PHRASE_27
93,Clifford Brown,20,4.170294784580491,10,2.3979120221847685,62.3,16,5.386093203798093,0.0016312326681559,descending,False,2.0851473922902457,PHRASE_30
93,Clifford Brown,21,6.7004535147392374,19,2.8356289552945917,71.6842105263158,13,3.4800579483824294,0.0135842160479153,descending,False,3.3502267573696187,PHRASE_49
93,Clifford Brown,22,8.447210884353751,22,2.604409940889394,70.45454545454545,12,3.2012394293925475,0.0735043836337166,flat,False,4.223605442176876,PHRASE_49
93,Clifford Brown,23,2.9325623582766696,7,2.3869910149544356,69.71428571428571,17,4.89064079103534,0.3098680853038068,descending,False,1.4662811791383348,PHRASE_43
93,Clifford Brown,24,2.637777777777785,6,2.2746419545071546,62.833333333333336,10,3.7155828016013257,0.0005157918264252,ascending,False,1.3188888888888926,PHRASE_59
93,Clifford Brown,25,7.51836734693876,17,2.261129207383284,69.94117647058823,17,4.43874105409729,0.1728013029315905,descending,False,3.75918367346938,PHRASE_04
93,Clifford Brown,26,5.071065759637207,14,2.7607608860906554,67.57142857142857,17,4.593695768803865,0.002012216389284,descending,True,2.5355328798186036,PHRASE_06
93,Clifford Brown,27,5.841950113378687,12,2.0541086053642816,69.66666666666667,16,5.0387388192769915,0.0606218219927834,descending,True,2.9209750566893433,PHRASE_04
93,Clifford Brown,28,8.24081632653062,16,1.9415552253590869,66.3125,17,4.64648724844909,0.0547300643883102,descending,True,4.12040816326531,PHRASE_04
93,Clifford Brown,29,3.355102040816348,10,2.9805352798053337,67.0,12,3.687817782917155,0.1258988915923273,ascending,True,1.677551020408174,PHRASE_55
93,Clifford Brown,30,2.28331065759636,7,3.0657238762985046,66.85714285714286,12,4.15515416349971,0.0742050171807729,ascending,False,1.14165532879818,PHRASE_55
93,Clifford Brown,31,2.296643990929681,6,2.612507651902636,67.0,12,4.163331998932265,0.003870381706523,flat,False,1.1483219954648405,PHRASE_55
93,Clifford Brown,32,9.759637188208616,25,2.5615706319702607,70.32,21,4.531842892245934,0.1106644981412673,flat,False,4.879818594104307,PHRASE_04
94,Clifford Brown,1,7.751292517006801,23,2.96724706873552,64.52173913043478,12,3.6459574423020222,0.0598890683142593,ascending,False,3.8756462585034006,PHRASE_09
94,Clifford Brown,2,1.6681632653061218,4,2.397846831416688,63.5,6,2.29128784747792,0.2227115787184301,ascending,False,0.8340816326530609,PHRASE_24
94,Clifford Brown,3,4.793832199546488,8,1.6688110194505403,62.125,8,2.521780125229002,0.1023896919700298,flat,False,2.396916099773244,PHRASE_21
94,Clifford Brown,4,12.955238095238098,44,3.396309637579945,68.72727272727273,17,3.440161441531727,0.1745098245135009,descending,False,6.477619047619049,PHRASE_29
94,Clifford Brown,5,3.2848526077097517,17,5.175270257210308,66.6470588235294,16,4.56252221874478,0.0314644282144368,descending,False,1.642426303854876,PHRASE_03
94,Clifford Brown,6,7.108208616780047,17,2.391601163740302,67.23529411764706,20,6.014975544077278,0.0879504389546741,descending,False,3.554104308390023,PHRASE_63
94,Clifford Brown,7,5.73773242630385,12,2.091418544543423,69.25,11,3.344772040064913,0.1045867353794364,ascending,False,2.868866213151925,PHRASE_49
94,Clifford Brown,8,5.726848072562362,14,2.444625703809877,70.5,14,3.560698165889862,0.245444538593726,ascending,False,2.863424036281181,PHRASE_08
94,Clifford Brown,9,2.897505668934244,6,2.0707465957113764,62.0,10,4.041451884327381,0.1132258569416168,flat,False,1.448752834467122,PHRASE_52
94,Clifford Brown,10,1.2324716553287942,3,2.434133058581109,68.0,4,1.632993161855452,0.1831027377097425,arch,False,0.6162358276643971,PHRASE_24
94,Clifford Brown,11,23.333333333333343,53,2.2714285714285705,69.09433962264151,19,4.7672790029747185,0.2132128279883378,descending,False,11.666666666666671,PHRASE_54
95,Clifford Brown,1,0.8244897959183692,2,2.4257425742574203,70.0,0,0.0,0.128712871287131,flat,False,0.4122448979591846,PHRASE_34
95,Clifford Brown,2,3.791836734693879,8,2.109795479009687,70.25,9,2.7271780286589284,0.1991388589881589,descending,False,1.8959183673469395,PHRASE_39
95,Clifford Brown,3,22.93061224489796,53,2.3113207547169807,63.716981132075475,15,3.963881071700739,0.2093607847790834,flat,True,11.46530612244898,PHRASE_11
95,Clifford Brown,4,9.273469387755108,27,2.9115316901408437,63.03703703703704,16,3.8149946020201746,0.2363067292644752,ascending,False,4.636734693877553,PHRASE_09
95,Clifford Brown,5,2.8357369614512464,6,2.11585209825998,75.5,8,3.095695936834452,0.0839303991811659,descending,False,1.4178684807256232,PHRASE_12
95,Clifford Brown,6,22.000634920634916,61,2.7726472540475027,67.91803278688525,21,4.889919647893966,0.2045457356415189,descending,True,11.000317460317458,PHRASE_11
95,Clifford Brown,7,5.584399092970514,6,1.074421777546779,62.166666666666664,8,2.793842435706702,0.0449909043659033,flat,False,2.792199546485257,PHRASE_00
95,Clifford Brown,8,6.486439909297047,12,1.8500132842979613,71.33333333333333,7,2.4608038433722337,0.1467775089843798,flat,False,3.2432199546485236,PHRASE_39
95,Clifford Brown,9,1.6573242630385463,4,2.4135288966725077,82.75,5,1.920286436967152,0.10507880910682,ascending,True,0.8286621315192733,PHRASE_12
95,Clifford Brown,10,4.919727891156455,14,2.845685840707969,80.78571428571429,10,2.7302164076594844,0.1238938053097313,descending,True,2.4598639455782276,PHRASE_12
95,Clifford Brown,11,18.811065759637188,65,3.455412937818238,68.23076923076923,25,4.819094172046574,0.1937683227896909,descending,False,9.405532879818594,PHRASE_44
95,Clifford Brown,12,3.364036281179125,13,3.864405408684648,63.76923076923077,14,4.153846153846154,0.1536055650673441,descending,False,1.6820181405895624,PHRASE_35
95,Clifford Brown,13,21.68154195011337,62,2.8595752157597727,68.41935483870968,17,4.481317444165255,0.2253209727282957,descending,False,10.840770975056683,PHRASE_11
95,Clifford Brown,14,5.769387755102031,18,3.1199151043509077,68.33333333333333,12,3.590109871423002,0.1308807923593965,descending,True,2.8846938775510154,PHRASE_09
95,Clifford Brown,15,14.587981859410462,36,2.467784807175162,67.5,24,5.7614620058145345,0.2166228840563942,descending,False,7.293990929705231,PHRASE_26
95,Clifford Brown,16,6.577052154195002,11,1.6724817961165073,71.81818181818181,15,4.80185914408882,0.2739546557811176,descending,False,3.288526077097501,PHRASE_08
95,Clifford Brown,17,5.009160997732437,12,2.395610763046386,65.75,10,3.1655699855370965,0.2328251186035569,arch,False,2.5045804988662184,PHRASE_18
121,Dexter Gordon,1,8.094331065759638,16,1.9766920663379648,59.125,7,2.6427968139832467,0.1989802779022859,flat,False,4.047165532879819,PHRASE_57
121,Dexter Gordon,2,8.653968253968255,26,3.0044020542920027,58.11538461538461,19,4.6104139900624235,0.1432554239597532,descending,False,4.326984126984128,PHRASE_19
121,Dexter Gordon,3,11.925623582766445,39,3.270269242470337,61.02564102564103,18,4.376435614932571,0.1621767569212056,descending,False,5.962811791383222,PHRASE_13
121,Dexter Gordon,4,3.739727891156462,10,2.6739913413613707,60.6,8,2.2891046284519194,0.1272116515686202,descending,False,1.869863945578231,PHRASE_21
121,Dexter Gordon,5,15.911473922902497,51,3.2052341754834,60.52941176470589,16,4.045587968011623,0.1774415131338936,ascending,True,7.955736961451247,PHRASE_07
121,Dexter Gordon,6,10.453378684807262,27,2.58289695744413,63.333333333333336,20,5.422859707516635,0.2244237452114339,descending,False,5.226689342403631,PHRASE_26
121,Dexter Gordon,7,4.364580498866218,10,2.291170939016405,60.7,14,4.775981574503821,0.2104967840480462,descending,False,2.182290249433109,PHRASE_18
121,Dexter Gordon,8,11.653514739229038,42,3.604062889165625,63.61904761904762,15,3.3943396927993783,0.2262998132004988,flat,False,5.826757369614519,PHRASE_29
121,Dexter Gordon,9,6.591564625850353,27,4.096144319682951,61.48148148148148,17,4.374762388217304,0.1459434169969193,flat,True,3.2957823129251764,PHRASE_22
121,Dexter Gordon,10,1.4770975056689224,4,2.7080135093644677,57.0,11,4.301162633521313,0.0322382560638553,ascending,False,0.7385487528344612,PHRASE_17
121,Dexter Gordon,11,2.9344217687074803,7,2.3854784866468863,64.28571428571429,23,8.206518066482898,0.1493570722057329,ascending,False,1.46721088435374,PHRASE_42
121,Dexter Gordon,12,9.029659863945582,28,3.100891996142718,63.142857142857146,23,6.039833759031343,0.1505645290903239,descending,False,4.514829931972791,PHRASE_26
121,Dexter Gordon,13,14.683718820861673,29,1.974976526981618,62.62068965517241,12,3.089624384083051,0.1137854566119761,descending,True,7.3418594104308355,PHRASE_48
121,Dexter Gordon,14,6.478367346938782,12,1.852318548387095,68.83333333333333,26,7.776388764858803,0.1095430107526853,ascending,True,3.239183673469391,PHRASE_42
121,Dexter Gordon,15,8.414331065759654,19,2.258052345636422,65.36842105263158,17,5.02845091052471,0.2284408416695444,descending,False,4.207165532879827,PHRASE_43
121,Dexter Gordon,16,7.915102040816322,29,3.6638820132013223,63.86206896551724,18,5.130867627987826,0.2070040337367037,descending,True,3.957551020408161,PHRASE_01
121,Dexter Gordon,17,6.402176870748292,17,2.655346820809251,65.17647058823529,7,1.947405336146688,0.2028930069137521,flat,False,3.201088435374146,PHRASE_39
121,Dexter Gordon,18,4.993877551020404,17,3.4041683694319604,64.47058823529412,10,2.452313363020686,0.0921491168324034,flat,False,2.496938775510202,PHRASE_50
121,Dexter Gordon,19,3.6629931972789223,9,2.45700702002005,60.44444444444444,12,3.7745083892140063,0.2056110636506575,descending,False,1.8314965986394611,PHRASE_18
121,Dexter Gordon,20,8.04281179138323,25,3.1083656622158027,64.48,16,4.491057781859414,0.2272306928906527,descending,False,4.021405895691615,PHRASE_09
121,Dexter Gordon,21,3.4597732426303764,10,2.890362835570478,64.1,7,2.118962010041709,0.2470637583892601,arch,True,1.7298866213151882,PHRASE_24
121,Dexter Gordon,22,3.3262585034013625,10,3.006380890052354,62.0,5,1.8973665961010275,0.1151559773123742,ascending,True,1.6631292517006813,PHRASE_21
121,Dexter Gordon,23,7.523265306122454,17,2.259657118055554,62.47058823529411,13,4.188466616215976,0.2171645929784022,descending,False,3.761632653061227,PHRASE_18
121,Dexter Gordon,24,7.289614512471644,14,1.9205405136372715,61.92857142857143,14,3.369278975734501,0.2206661855464857,flat,True,3.644807256235822,PHRASE_18
121,Dexter Gordon,25,4.187346938775505,8,1.9105175943074395,62.375,5,1.996089927833914,0.1896871040062435,arch,True,2.093673469387753,PHRASE_24
121,Dexter Gordon,26,7.145941043083894,23,3.218610377741676,63.391304347826086,17,3.841864701630352,0.1978193541835951,ascending,False,3.572970521541947,PHRASE_09
121,Dexter Gordon,27,2.551020408163282,8,3.1359999999999792,69.625,8,2.6427968139832467,0.1408355555555542,arch,False,1.275510204081641,PHRASE_16
121,Dexter Gordon,28,7.285260770975071,21,2.8825323705179224,66.9047619047619,15,4.219058368254607,0.1659736055776848,ascending,True,3.642630385487536,PHRASE_09
121,Dexter Gordon,29,3.7779138321995447,8,2.117570795769661,71.375,17,5.429951657243368,0.1924780620145783,ascending,True,1.8889569160997723,PHRASE_08
121,Dexter Gordon,30,4.6468480725623635,9,1.936796697344405,71.44444444444444,10,3.654863156310784,0.1627221533626741,descending,True,2.3234240362811818,PHRASE_39
121,Dexter Gordon,31,8.552335600907014,16,1.8708339740904376,62.375,13,4.807221130757353,0.1397875691354831,descending,False,4.276167800453507,PHRASE_19
122,Dexter Gordon,1,8.651972789115646,23,2.658353251981381,56.130434782608695,12,3.4301013779680036,0.1332452719419633,flat,True,4.325986394557823,PHRASE_57
122,Dexter Gordon,2,12.924444444444443,33,2.553301237964237,54.57575757575758,15,4.030416949859572,0.1156135081267717,arch,True,6.462222222222222,PHRASE_19
122,Dexter Gordon,3,10.908208616780035,29,2.6585483482035226,56.758620689655174,19,5.021712665764835,0.1098758554168782,ascending,False,5.4541043083900185,PHRASE_19
122,Dexter Gordon,4,10.905759637188204,32,2.934229348947072,57.28125,17,4.396265282885008,0.0934245982900299,descending,True,5.452879818594102,PHRASE_19
122,Dexter Gordon,5,5.464126984126985,15,2.7451777829421333,64.13333333333334,12,3.3836206774532056,0.1053251884067604,ascending,False,2.7320634920634923,PHRASE_50
122,Dexter Gordon,6,7.538775510204083,23,3.0508933405522463,62.91304347826087,17,4.671030455889661,0.103543283402516,flat,False,3.7693877551020414,PHRASE_63
122,Dexter Gordon,7,10.316281179138317,16,1.5509464817957228,66.4375,12,3.427257467713799,0.1042053157723487,flat,False,5.158140589569157,PHRASE_25
122,Dexter Gordon,8,3.913197278911568,8,2.044364091509629,69.0,9,3.0,0.1978768282224272,ascending,False,1.956598639455784,PHRASE_39
122,Dexter Gordon,9,3.842721088435368,10,2.602322617193036,69.1,5,1.57797338380595,0.2770381910022137,arch,False,1.921360544217684,PHRASE_24
122,Dexter Gordon,10,3.5323356009070324,11,3.1140868940016406,66.36363636363636,8,2.67217062849074,0.0402629416598174,descending,True,1.7661678004535162,PHRASE_59
122,Dexter Gordon,11,3.0505215419501184,15,4.917191960038051,64.46666666666667,9,2.390722810272148,0.1037107516650778,flat,False,1.5252607709750592,PHRASE_41
122,Dexter Gordon,12,9.07319727891155,25,2.7553682821497163,60.2,15,3.7202150475476543,0.1142034548944348,descending,False,4.536598639455775,PHRASE_19
122,Dexter Gordon,13,2.567800453514735,6,2.336630166019078,64.5,14,4.7871355387816905,0.0947368421052592,ascending,True,1.2839002267573676,PHRASE_52
122,Dexter Gordon,14,7.262766439909299,22,3.0291487661104997,57.68181818181818,20,5.488718708209707,0.0952267958837064,descending,False,3.6313832199546496,PHRASE_19
122,Dexter Gordon,15,8.29795918367347,14,1.6871618298081652,69.0,12,3.0,0.1834727004426928,flat,True,4.148979591836735,PHRASE_25
122,Dexter Gordon,16,1.167346938775523,4,3.426573426573388,64.75,5,1.920286436967152,0.0664335664335554,descending,False,0.5836734693877617,PHRASE_27
122,Dexter Gordon,17,4.861224489795916,18,3.702770780856425,65.0,18,5.044248650140519,0.1312062692415278,ascending,False,2.430612244897958,PHRASE_06
122,Dexter Gordon,18,3.7306122448979697,12,3.216630196936534,67.25,11,3.085584763595603,0.0776805251641096,descending,False,1.8653061224489849,PHRASE_55
122,Dexter Gordon,19,5.575510204081638,12,2.152269399707172,65.0,9,2.516611478423583,0.0644216691068942,ascending,False,2.787755102040819,PHRASE_49
122,Dexter Gordon,20,2.5224489795918146,7,2.7750809061488915,64.85714285714286,5,1.6413036132965797,0.1017979144192698,arch,False,1.2612244897959073,PHRASE_27
122,Dexter Gordon,21,1.4848072562358254,5,3.367440439828961,62.4,4,1.4966629547095769,0.035552840561978,flat,False,0.7424036281179127,PHRASE_27
122,Dexter Gordon,22,2.0316553287981947,3,1.4766284209116416,58.0,5,2.160246899469287,0.1130407607482506,descending,False,1.015827664399097,PHRASE_21
122,Dexter Gordon,23,2.044897959183686,5,2.4451097804391067,54.2,9,3.1874754901018454,0.2263029496562441,ascending,False,1.022448979591843,PHRASE_17
123,Dexter Gordon,1,5.410249433106576,14,2.5876810622317596,62.57142857142857,12,3.4166459266003995,0.2403433476394851,descending,False,2.705124716553288,PHRASE_18
123,Dexter Gordon,2,2.9387755102040813,6,2.041666666666667,64.66666666666667,7,2.6246692913372702,0.15,ascending,True,1.469387755102041,PHRASE_39
123,Dexter Gordon,3,11.322448979591837,33,2.9145638067772173,64.3030303030303,14,3.204966302331699,0.2251261715933665,flat,True,5.661224489795918,PHRASE_29
123,Dexter Gordon,4,1.8669841269841283,5,2.6781159666723324,66.2,11,4.166533331199932,0.0900964364661034,ascending,False,0.9334920634920644,PHRASE_52
123,Dexter Gordon,5,1.445442176870749,5,3.4591490963855405,66.2,5,1.9390719429665315,0.1927710843373532,flat,False,0.7227210884353745,PHRASE_24
123,Dexter Gordon,6,4.452426303854871,14,3.144352998696222,63.57142857142857,13,3.353341312658715,0.2568448500651885,descending,True,2.2262131519274355,PHRASE_18
123,Dexter Gordon,7,6.106848072562357,20,3.275011882129278,61.1,9,2.6057628441590768,0.2747148288973388,arch,True,3.053424036281178,PHRASE_18
123,Dexter Gordon,8,12.248526077097502,37,3.0207716232227497,60.891891891891895,17,4.151090926516129,0.2066350710900475,ascending,False,6.124263038548751,PHRASE_19
123,Dexter Gordon,9,4.411791383219956,17,3.8533100328947354,62.76470588235294,9,2.6015699279407034,0.1263157894736819,flat,False,2.205895691609978,PHRASE_50
123,Dexter Gordon,10,5.665668934240372,15,2.6475249743852416,62.733333333333334,19,5.195724738239657,0.1834016393442636,descending,False,2.832834467120186,PHRASE_63
123,Dexter Gordon,11,3.662947845804993,7,1.9110291204437375,55.714285714285715,11,3.9175169145148825,0.0855784469096681,ascending,True,1.8314739229024968,PHRASE_17
123,Dexter Gordon,12,5.659863945578223,13,2.296875000000003,63.46153846153846,15,4.829642200720696,0.146666666666668,arch,True,2.8299319727891117,PHRASE_52
123,Dexter Gordon,13,4.2898866213151905,10,2.3310639377537226,64.4,15,4.8207883172775805,0.2855209742895738,ascending,True,2.1449433106575952,PHRASE_43
123,Dexter Gordon,14,3.529433106575965,8,2.266652960526315,66.5,12,4.153311931459037,0.1792763157894726,ascending,False,1.7647165532879825,PHRASE_52
123,Dexter Gordon,15,3.639727891156454,10,2.7474581339712985,65.4,13,4.340506882842141,0.2360446570972916,arch,False,1.819863945578227,PHRASE_18
123,Dexter Gordon,16,5.445079365079366,15,2.754780783582089,62.4,17,4.896257073860944,0.0664062499999956,descending,False,2.722539682539683,PHRASE_30
123,Dexter Gordon,17,7.430385487528355,22,2.960815429687496,64.18181818181819,19,4.498852011512226,0.1011230468750015,ascending,True,3.7151927437641774,PHRASE_63
123,Dexter Gordon,18,4.8297505668934235,17,3.519850510817308,65.6470588235294,12,3.6932558005511207,0.1502403846153799,ascending,True,2.414875283446712,PHRASE_35
123,Dexter Gordon,19,2.025941043083904,8,3.948782234957013,67.375,5,1.653594569415369,0.1346704871060146,ascending,False,1.012970521541952,PHRASE_40
123,Dexter Gordon,20,4.487346938775531,13,2.8970347462252004,66.07692307692308,7,2.0925339244208376,0.1475653386695856,arch,True,2.243673469387766,PHRASE_39
123,Dexter Gordon,21,2.478730158730144,7,2.8240266393442788,64.71428571428571,5,1.749635530559413,0.1686182669789257,arch,True,1.239365079365072,PHRASE_24
123,Dexter Gordon,22,1.015873015873041,6,5.906249999999856,65.66666666666667,4,1.247219128924647,0.0800000000000705,flat,False,0.5079365079365203,PHRASE_61
123,Dexter Gordon,23,6.344852607709754,17,2.679337259835314,69.47058823529412,14,3.3801783290726215,0.2150045745654147,descending,True,3.172426303854877,PHRASE_08
123,Dexter Gordon,24,1.654421768707465,6,3.626644736842145,69.16666666666667,9,3.337497399083464,0.1263157894736871,descending,True,0.8272108843537325,PHRASE_16
123,Dexter Gordon,25,6.077823129251698,16,2.632521489971348,60.875,20,5.158427570490837,0.1442215854823218,descending,True,3.038911564625849,PHRASE_30
123,Dexter Gordon,26,1.7589115646258335,10,5.685334158415896,59.8,13,3.867815921162743,0.1155115511551323,ascending,False,0.8794557823129168,PHRASE_03
123,Dexter Gordon,27,8.388208616780076,24,2.8611591695501626,64.16666666666667,19,5.2094998693625945,0.1550173010380665,descending,True,4.194104308390038,PHRASE_63
123,Dexter Gordon,28,1.962086167800436,6,3.05796967455624,56.166666666666664,8,3.1841621957571333,0.2928994082840153,ascending,True,0.981043083900218,PHRASE_62
123,Dexter Gordon,29,3.5178231292516955,12,3.41120049504951,56.25,8,3.112474899497183,0.3415841584158381,ascending,False,1.7589115646258475,PHRASE_62
123,Dexter Gordon,30,8.655238095238104,25,2.888424295774645,66.2,20,5.215361924162119,0.1884117203219271,ascending,False,4.327619047619052,PHRASE_63
123,Dexter Gordon,31,1.747301587301564,11,6.295421511627991,66.81818181818181,13,4.4069816885602995,0.0431893687707724,descending,False,0.873650793650782,PHRASE_03
123,Dexter Gordon,32,5.096780045351494,8,1.5696184510250508,68.0,7,2.958039891549808,0.1059225512528445,descending,False,2.548390022675747,PHRASE_49
123,Dexter Gordon,33,2.8270294784580585,7,2.476097279260773,71.0,8,2.7255405754769875,0.2053388090349105,descending,False,1.4135147392290293,PHRASE_39
123,Dexter Gordon,34,1.927256235827656,6,3.1132341867470017,71.0,14,4.864839839775475,0.1114457831325335,descending,True,0.963628117913828,PHRASE_55
123,Dexter Gordon,35,3.657142857142873,11,3.007812499999987,71.9090909090909,13,4.273694281288421,0.177777777777767,descending,False,1.8285714285714365,PHRASE_08
123,Dexter Gordon,36,3.1172789115646253,11,3.528718575418995,67.54545454545455,15,5.532772383528341,0.1452513966480616,descending,False,1.5586394557823129,PHRASE_06
123,Dexter Gordon,37,6.0604081632652935,16,2.640086206896558,70.0625,14,4.022883760438524,0.1829501915708801,ascending,False,3.0302040816326468,PHRASE_08
123,Dexter Gordon,38,2.5131972789115764,12,4.774794283239475,64.41666666666667,18,5.707572942055922,0.130774505557952,ascending,True,1.2565986394557882,PHRASE_60
123,Dexter Gordon,39,6.902131519274377,10,1.4488277964676195,64.5,3,0.9219544457292888,0.1126997476871247,arch,False,3.4510657596371885,PHRASE_00
123,Dexter Gordon,40,6.716371882086179,15,2.233348638720826,64.46666666666667,4,1.1469767022723505,0.2783059636992198,flat,True,3.3581859410430894,PHRASE_24
123,Dexter Gordon,41,8.90630385487529,29,3.2561206615610208,61.3448275862069,12,3.143420737952641,0.198305360925532,flat,False,4.453151927437645,PHRASE_09
123,Dexter Gordon,42,3.77324263038551,10,2.650240384615368,55.3,15,4.517742799230607,0.1076923076923141,descending,True,1.886621315192755,PHRASE_30
123,Dexter Gordon,43,1.7240816326531103,2,1.1600378787878458,50.5,7,3.5,0.0639730639730647,descending,True,0.8620408163265552,PHRASE_17
123,Dexter Gordon,44,1.8909750566892851,2,1.057655410590976,49.5,7,3.5,0.0299309286262195,descending,True,0.9454875283446428,PHRASE_17
123,Dexter Gordon,45,2.3360090702948355,4,1.712322118464697,54.75,12,4.9180788932265,0.0610378768758909,descending,True,1.1680045351474178,PHRASE_17
123,Dexter Gordon,46,4.922630385487537,14,2.8440079599056554,59.714285714285715,24,6.637862945993682,0.1686320754716876,ascending,False,2.4613151927437684,PHRASE_42
123,Dexter Gordon,47,0.7894784580498708,3,3.7999770220589,64.0,2,0.816496580927726,0.0882352941175538,flat,False,0.3947392290249354,PHRASE_27
123,Dexter Gordon,48,1.444308390022684,7,4.846610355763467,64.0,12,4.105745103771404,0.0725971049078756,ascending,False,0.7221541950113419,PHRASE_03
123,Dexter Gordon,49,7.7148299319727585,18,2.333168735891657,67.61111111111111,13,3.5922584800727133,0.1767071106094826,arch,False,3.8574149659863792,PHRASE_25
123,Dexter Gordon,50,8.068934240362864,22,2.726506294964011,65.72727272727273,16,4.255283541261255,0.1546762589928062,descending,False,4.034467120181432,PHRASE_09
123,Dexter Gordon,51,3.535238095238128,12,3.3943965517241064,65.75,11,3.2177890960513036,0.1412151067323449,flat,False,1.767619047619064,PHRASE_16
123,Dexter Gordon,52,4.051882086167836,12,2.9615866762177387,70.25,3,0.82915619758885,0.3553008595988519,flat,False,2.025941043083918,PHRASE_56
123,Dexter Gordon,53,6.664126984126995,20,3.0011432926829222,58.15,8,1.796524422322168,0.2020905923345044,arch,False,3.3320634920634973,PHRASE_57
124,Dexter Gordon,1,1.044897959183673,2,1.9140625000000016,68.0,2,1.0,0.0222222222222218,arch,False,0.5224489795918363,PHRASE_27
124,Dexter Gordon,2,5.834557823129252,8,1.3711407517955414,68.0,6,2.0,0.1350153903553771,flat,False,2.917278911564626,PHRASE_00
124,Dexter Gordon,3,3.262403628117916,9,2.758702179715301,69.77777777777777,5,1.7497795275581802,0.2570896352313174,arch,True,1.631201814058958,PHRASE_24
124,Dexter Gordon,4,9.595918367346943,31,3.230540195661419,62.83870967741935,19,5.2369455157627565,0.1671298265513486,flat,True,4.797959183673472,PHRASE_13
124,Dexter Gordon,5,3.8408163265306143,8,2.0828905419766195,67.125,10,3.295356581616017,0.0595111583421889,flat,False,1.9204081632653072,PHRASE_59
124,Dexter Gordon,6,8.224489795918366,28,3.4044665012406954,61.25,21,5.075325464581416,0.0843672456575672,ascending,False,4.112244897959183,PHRASE_63
124,Dexter Gordon,7,9.93877551020408,36,3.62217659137577,62.166666666666664,15,4.092676385936225,0.0948665297741266,descending,True,4.969387755102041,PHRASE_13
124,Dexter Gordon,8,4.497959183673466,14,3.112522686025411,61.785714285714285,10,2.650567902182782,0.1107078039927413,arch,False,2.248979591836733,PHRASE_50
124,Dexter Gordon,9,3.5551020408163367,10,2.8128587830080285,61.5,11,3.774917217635375,0.1245694603903616,flat,True,1.7775510204081684,PHRASE_52
124,Dexter Gordon,10,19.387755102040813,63,3.249473684210527,59.73015873015873,19,4.422906999249598,0.1696842105263158,descending,True,9.693877551020408,PHRASE_11
124,Dexter Gordon,11,5.424489795918376,11,2.0278404815650832,68.0909090909091,8,2.7453943400984544,0.1625282167042899,arch,False,2.712244897959188,PHRASE_39
124,Dexter Gordon,12,7.5836734693877474,15,1.9779332615715843,66.66666666666667,14,3.176301133219092,0.1138320775026885,descending,True,3.7918367346938737,PHRASE_49
124,Dexter Gordon,13,6.857142857142847,15,2.187500000000003,66.06666666666666,12,3.453822359196965,0.1651917989417945,flat,True,3.4285714285714235,PHRASE_25
124,Dexter Gordon,14,14.477551020408171,19,1.3123766563292916,67.84210526315789,6,2.158536489937882,0.166801365786423,flat,False,7.238775510204086,PHRASE_33
124,Dexter Gordon,15,4.375510204081621,7,1.5998134328358251,67.42857142857143,5,1.6781914463529617,0.1511194029850835,flat,False,2.1877551020408106,PHRASE_00
124,Dexter Gordon,16,6.003718820861678,11,1.8321977308093245,66.81818181818181,7,1.945539505366609,0.2472843740085512,flat,False,3.001859410430839,PHRASE_39
124,Dexter Gordon,17,6.3843990929705114,11,1.722949934647954,69.36363636363636,12,3.723945299684371,0.0774492811274615,arch,False,3.1921995464852557,PHRASE_49
124,Dexter Gordon,18,6.69850340136054,12,1.791444936426048,68.5,17,4.6097722286464435,0.1297477353048797,descending,True,3.34925170068027,PHRASE_04
124,Dexter Gordon,19,14.73061224489797,44,2.986977001939594,63.68181818181818,15,4.049538286098615,0.1371571072319256,flat,True,7.365306122448985,PHRASE_07
124,Dexter Gordon,20,2.959183673469397,8,2.7034482758620606,59.25,10,2.9047375096555625,0.0827586206896457,descending,False,1.4795918367346983,PHRASE_21
124,Dexter Gordon,21,2.746938775510216,6,2.184249628528965,63.0,5,2.160246899469287,0.1203566121842507,ascending,False,1.373469387755108,PHRASE_21
124,Dexter Gordon,22,3.4938775510204323,6,1.7172897196261565,63.0,5,2.160246899469287,0.0969626168224348,ascending,False,1.746938775510216,PHRASE_21
124,Dexter Gordon,23,6.314285714285717,12,1.900452488687782,62.083333333333336,6,2.253084305765962,0.1034259857789304,flat,False,3.1571428571428584,PHRASE_57
124,Dexter Gordon,24,2.477551020408157,5,2.0181219110378965,66.6,3,1.3564659966250536,0.1482701812191114,flat,True,1.2387755102040785,PHRASE_24
124,Dexter Gordon,25,2.6448979591836803,6,2.268518518518513,65.33333333333333,9,3.0912061651652345,0.1234567901234713,descending,True,1.3224489795918402,PHRASE_59
124,Dexter Gordon,26,23.31319727891156,71,3.0454853167748266,61.84507042253521,18,4.949456898144478,0.1291921502715676,descending,False,11.65659863945578,PHRASE_11
124,Dexter Gordon,27,11.604081632653047,39,3.360886387618716,62.82051282051282,20,5.495321062792325,0.1832844804001956,ascending,True,5.8020408163265245,PHRASE_26
124,Dexter Gordon,28,17.04081632653063,59,3.4622754491017926,61.45762711864407,18,4.342622943619561,0.1538522954091768,flat,False,8.520408163265316,PHRASE_11
124,Dexter Gordon,29,3.4897959183673493,12,3.438596491228068,62.916666666666664,8,2.3964673074247345,0.0976608187134508,flat,False,1.7448979591836746,PHRASE_50
124,Dexter Gordon,30,13.0,43,3.3076923076923075,59.81395348837209,20,5.035944353616349,0.1503645560788369,flat,False,6.5,PHRASE_23
124,Dexter Gordon,31,9.485714285714325,33,3.478915662650589,66.21212121212122,22,5.3470896969970365,0.1370481927710969,flat,False,4.7428571428571615,PHRASE_13
124,Dexter Gordon,32,3.2040816326530717,8,2.4968152866241957,70.5,17,6.18465843842649,0.0458598726114792,ascending,True,1.6020408163265358,PHRASE_06
124,Dexter Gordon,33,2.6000000000000227,8,3.07692307692305,64.0,21,6.946221994724902,0.079679051107636,ascending,False,1.3000000000000114,PHRASE_06
124,Dexter Gordon,34,6.714920634920645,16,2.3827534039334304,64.1875,9,2.8111107680061274,0.0525313377998759,descending,True,3.3574603174603226,PHRASE_49
124,Dexter Gordon,35,7.775510204081627,27,3.4724409448818925,65.85185185185185,16,4.979243611334465,0.0829454651501748,ascending,True,3.8877551020408134,PHRASE_63
124,Dexter Gordon,36,6.272925170068049,6,0.956491562920224,68.33333333333333,7,2.2852182001336816,0.0647638051446687,flat,False,3.1364625850340246,PHRASE_00
124,Dexter Gordon,37,3.767528344671178,6,1.5925560343789975,68.83333333333333,9,2.9674156357941426,0.0998868478705704,descending,True,1.883764172335589,PHRASE_59
124,Dexter Gordon,38,10.753106575963727,22,2.0459203900365224,65.68181818181819,14,3.7463480840602825,0.0585898290216221,descending,True,5.376553287981864,PHRASE_48
124,Dexter Gordon,39,17.531065759637215,56,3.1943294701986704,60.19642857142857,22,5.764483754785304,0.1274834437086118,ascending,True,8.765532879818608,PHRASE_11
124,Dexter Gordon,40,3.297233560090717,14,4.245983714788714,65.21428571428571,14,4.585358241629724,0.0889084507042226,flat,True,1.6486167800453586,PHRASE_35
124,Dexter Gordon,41,1.7747392290249309,9,5.071167556793535,68.22222222222223,12,4.288946459026397,0.111006056269679,descending,False,0.8873696145124654,PHRASE_03
124,Dexter Gordon,42,3.1898412698412812,7,2.194466560509546,67.42857142857143,12,3.6589281356759136,0.3730664240218302,ascending,True,1.5949206349206406,PHRASE_02
124,Dexter Gordon,43,24.009433106575955,75,3.1237722134912973,60.42666666666667,24,5.436109720092936,0.1396276595744747,descending,False,12.004716553287976,PHRASE_11
124,Dexter Gordon,44,5.282539682539664,12,2.2716346153846234,64.08333333333333,24,7.510640599990271,0.1049450549450383,ascending,False,2.641269841269832,PHRASE_42
124,Dexter Gordon,45,13.412426303854886,29,2.1621740424150597,69.34482758620689,17,3.7441988422456256,0.0965159056481308,descending,False,6.706213151927443,PHRASE_48
124,Dexter Gordon,46,5.021315192743771,6,1.1949060693641602,65.5,10,4.193248541803041,0.2156069364161913,descending,True,2.5106575963718853,PHRASE_39
124,Dexter Gordon,47,4.873560090702995,6,1.2311328655710738,68.0,14,5.0,0.202266847815982,ascending,True,2.4367800453514974,PHRASE_08
124,Dexter Gordon,48,8.364988662131509,31,3.7059225364330377,64.19354838709677,12,3.3927755774036146,0.1873698820263526,arch,True,4.1824943310657545,PHRASE_09
124,Dexter Gordon,49,5.146122448979554,10,1.9432106598984915,66.0,19,6.618156843109719,0.3629794134235587,ascending,False,2.573061224489777,PHRASE_43
124,Dexter Gordon,50,18.05641723356007,35,1.9383690323099203,63.91428571428571,21,5.638497411653613,0.1445105288538775,descending,True,9.028208616780034,PHRASE_07
125,Dexter Gordon,1,12.965941043083902,30,2.3137541579368937,63.0,15,3.9496835316263,0.3045690960793845,arch,False,6.482970521541951,PHRASE_45
125,Dexter Gordon,2,3.8346938775510218,11,2.8685470995210207,65.36363636363636,12,4.24848052565379,0.1230796522973213,ascending,False,1.9173469387755109,PHRASE_52
125,Dexter Gordon,3,7.437687074829928,16,2.151206395082958,66.0,16,3.824264635194589,0.3064554484423872,flat,False,3.718843537414964,PHRASE_43
125,Dexter Gordon,4,8.968707482993196,21,2.341474514563107,63.42857142857143,10,3.185853082605282,0.1765877831715192,descending,False,4.484353741496598,PHRASE_25
125,Dexter Gordon,5,4.110022675736957,12,2.919691920640879,62.916666666666664,11,3.8613109460676984,0.159777547282236,arch,True,2.0550113378684784,PHRASE_18
125,Dexter Gordon,6,4.01804988662132,9,2.23989254836452,64.55555555555556,14,4.597369081239378,0.1526219553488785,ascending,False,2.00902494331066,PHRASE_52
125,Dexter Gordon,7,4.7491156462585025,12,2.526786225863749,60.166666666666664,14,3.6016971308290513,0.2130483775473152,arch,False,2.3745578231292512,PHRASE_18
125,Dexter Gordon,8,10.18793650793652,28,2.7483484980680513,63.25,15,4.1800974014625885,0.173300867149799,flat,True,5.09396825396826,PHRASE_48
125,Dexter Gordon,9,4.360907029478454,15,3.439651407059218,62.666666666666664,14,4.728166193732572,0.1699286590819302,descending,True,2.180453514739227,PHRASE_35
125,Dexter Gordon,10,12.624126984126974,33,2.6140421465573627,61.39393939393939,15,3.7573313703518263,0.2738412570681329,descending,True,6.312063492063487,PHRASE_45
125,Dexter Gordon,11,12.50521541950114,21,1.6792993399579303,59.714285714285715,14,3.7561740557933367,0.3124465075796063,flat,True,6.252607709750571,PHRASE_45
125,Dexter Gordon,12,1.68290249433106,8,4.753691926269284,67.125,14,4.702060718451007,0.0989005066292913,ascending,False,0.84145124716553,PHRASE_03
125,Dexter Gordon,13,7.934603174603168,18,2.2685444506681622,62.333333333333336,23,6.879922480183431,0.1207832736999751,descending,False,3.967301587301584,PHRASE_42
125,Dexter Gordon,14,4.943129251700682,24,4.855224044919077,55.041666666666664,14,3.7246830588506303,0.2499816507027805,flat,True,2.471564625850341,PHRASE_53
125,Dexter Gordon,15,2.936145124716546,13,4.427574063204731,56.07692307692308,14,4.141005794983006,0.2485249142751182,ascending,False,1.468072562358273,PHRASE_53
125,Dexter Gordon,16,2.265306122448976,6,2.6486486486486527,63.666666666666664,3,1.1055415967851332,0.2240240240240336,flat,True,1.132653061224488,PHRASE_24
125,Dexter Gordon,17,5.07755102040818,15,2.954180064308672,63.0,12,3.794733192202055,0.1830385852090111,ascending,False,2.53877551020409,PHRASE_18
125,Dexter Gordon,18,2.2654875283446643,6,2.648436561636714,60.333333333333336,7,2.6246692913372702,0.1297994154622398,arch,False,1.132743764172332,PHRASE_21
125,Dexter Gordon,19,8.172970521541941,18,2.2023816129712475,67.61111111111111,9,3.0393509703533175,0.2548081725060234,ascending,False,4.086485260770971,PHRASE_25
125,Dexter Gordon,20,5.481043083900232,12,2.18936429002871,63.083333333333336,17,5.908444991892725,0.3040949220980065,descending,False,2.740521541950116,PHRASE_43
125,Dexter Gordon,21,10.29795918367347,27,2.6218787158145065,64.18518518518519,16,4.611073925181012,0.2341128286431494,ascending,False,5.148979591836735,PHRASE_29
125,Dexter Gordon,22,8.138775510204113,21,2.5802407221664896,61.523809523809526,14,3.7874359666948902,0.1950518221330692,descending,True,4.069387755102056,PHRASE_09
125,Dexter Gordon,23,3.642176870748301,9,2.471049682480387,53.77777777777778,15,4.4416657980681515,0.1326111318640201,ascending,False,1.8210884353741503,PHRASE_30
125,Dexter Gordon,24,5.975056689342409,15,2.5104364326375688,65.8,15,4.995998398718719,0.2299051233396668,ascending,False,2.9875283446712046,PHRASE_43
125,Dexter Gordon,25,2.2933333333333223,6,2.6162790697674545,65.0,12,5.131601439446884,0.1546037019458845,ascending,True,1.1466666666666612,PHRASE_52
125,Dexter Gordon,26,9.204535147392278,22,2.3901261332282253,71.54545454545455,7,2.588914702890571,0.3470536066219943,ascending,True,4.602267573696139,PHRASE_14
125,Dexter Gordon,27,6.736689342403622,13,1.9297312580784165,70.76923076923077,12,4.135286170989419,0.1074967686342144,descending,False,3.368344671201811,PHRASE_49
125,Dexter Gordon,28,10.309931972789087,27,2.618833962363754,62.333333333333336,15,3.620926830400072,0.1825199926099898,descending,True,5.154965986394544,PHRASE_48
125,Dexter Gordon,29,1.96698412698413,3,1.5251775338928315,55.0,0,0.0,0.0786682652402528,flat,False,0.983492063492065,PHRASE_21
125,Dexter Gordon,30,1.352562358276657,3,2.2180123390557727,55.0,0,0.0,0.0944206008583576,flat,False,0.6762811791383285,PHRASE_21
125,Dexter Gordon,31,2.0549659863945635,3,1.4598781779660976,55.0,0,0.0,0.0748587570621468,flat,False,1.0274829931972818,PHRASE_21
125,Dexter Gordon,32,2.424308390022702,12,4.949865309787435,53.5,9,2.661453237111885,0.1574004788985319,ascending,True,1.212154195011351,PHRASE_32
125,Dexter Gordon,33,2.307482993197283,12,5.200471698113199,54.666666666666664,7,1.8408935028645437,0.1413128930817631,arch,False,1.1537414965986414,PHRASE_32
125,Dexter Gordon,34,3.0081632653061092,16,5.318860244233402,55.875,20,5.9041828393097715,0.1920247248605373,ascending,True,1.5040816326530546,PHRASE_10
125,Dexter Gordon,35,1.4802721088435078,9,6.079963235294239,58.22222222222222,13,3.880944265905107,0.3457107843137014,ascending,False,0.7401360544217539,PHRASE_53
125,Dexter Gordon,36,12.455147392290256,30,2.408642712535864,65.23333333333333,12,3.747740059763424,0.3194045937167798,descending,False,6.227573696145129,PHRASE_45
125,Dexter Gordon,37,5.600816326530605,6,1.0712724092697872,67.33333333333333,19,6.649979114420002,0.0946816952501394,ascending,True,2.8004081632653026,PHRASE_04
125,Dexter Gordon,38,0.3346938775510466,1,2.9878048780485464,76.0,0,0.0,0.0,flat,True,0.1673469387755233,PHRASE_34
125,Dexter Gordon,39,6.741496598639458,13,1.9283551967709376,75.23076923076923,14,4.002957486540827,0.1864446686848332,descending,True,3.370748299319729,PHRASE_08
125,Dexter Gordon,40,2.7762358276644363,7,2.521399634082559,70.71428571428571,11,3.7688302737922625,0.1038127286983709,descending,False,1.3881179138322182,PHRASE_55
125,Dexter Gordon,41,11.132653061224516,27,2.4252978918423405,64.74074074074075,20,6.269222839145113,0.16088400040739,flat,False,5.566326530612258,PHRASE_26
125,Dexter Gordon,42,4.477551020408157,10,2.2333637192342786,69.8,12,4.019950248448356,0.2999088422971774,descending,True,2.2387755102040785,PHRASE_43
125,Dexter Gordon,43,4.359274376417261,11,2.523355735419555,59.90909090909091,12,3.175318035740542,0.21616279311707,descending,True,2.1796371882086305,PHRASE_18
125,Dexter Gordon,44,2.787845804988706,14,5.021798542425741,63.357142857142854,13,3.791101288490171,0.1109122852680927,flat,False,1.393922902494353,PHRASE_03
125,Dexter Gordon,45,0.6770975056689394,2,2.953784326858651,64.5,1,0.5,0.0321500334896778,arch,False,0.3385487528344697,PHRASE_27
125,Dexter Gordon,46,11.193877551020364,31,2.769371011850512,64.2258064516129,12,2.090063703603234,0.151852527094072,descending,True,5.596938775510182,PHRASE_48
125,Dexter Gordon,47,4.7583219954648825,14,2.9422136655197537,62.07142857142857,10,2.939005801634426,0.2316695418457575,ascending,True,2.3791609977324413,PHRASE_18
125,Dexter Gordon,48,7.414331065759654,21,2.8323526173494913,62.38095238095238,5,1.938978387762127,0.2055466523127537,flat,True,3.707165532879827,PHRASE_25
125,Dexter Gordon,49,1.5540136054422078,3,1.9304850288915745,68.66666666666667,3,1.247219128924647,0.401155664507086,flat,True,0.7770068027211039,PHRASE_56
125,Dexter Gordon,50,9.143582766439977,17,1.8592274422664732,62.47058823529411,12,2.9128043301505757,0.2810788826283727,descending,True,4.571791383219988,PHRASE_25
125,Dexter Gordon,51,2.973605442176904,10,3.3629209370424222,65.1,18,5.575840743780259,0.0980356271351851,ascending,True,1.486802721088452,PHRASE_06
125,Dexter Gordon,52,4.658140589569143,15,3.220169016278539,70.06666666666666,13,3.974362282877035,0.1075336864241547,descending,True,2.3290702947845716,PHRASE_55
125,Dexter Gordon,53,3.416326530612253,8,2.341696535244917,71.875,12,3.6550478793033614,0.3118279569892656,descending,True,1.7081632653061265,PHRASE_02
125,Dexter Gordon,54,4.241179138321968,11,2.5936183408541837,63.27272727272727,10,3.7921188390207656,0.1188327380825044,descending,False,2.120589569160984,PHRASE_52
126,Dexter Gordon,1,1.823492063492063,3,1.6451949860724238,54.333333333333336,9,4.027681991198191,0.1234580183048154,ascending,False,0.9117460317460316,PHRASE_17
126,Dexter Gordon,2,5.894331065759637,13,2.2055089636069862,57.53846153846154,11,3.914772507692146,0.0526813880126182,ascending,False,2.9471655328798185,PHRASE_30
126,Dexter Gordon,3,1.845850340136053,3,1.625267192452275,63.333333333333336,3,1.247219128924647,0.1712488636642815,flat,False,0.9229251700680264,PHRASE_24
126,Dexter Gordon,4,6.994829931972788,13,1.8585155216680933,64.46153846153847,12,3.388110083930037,0.0611984231956229,arch,False,3.497414965986394,PHRASE_49
126,Dexter Gordon,5,3.2258956916099777,7,2.1699399699146644,64.14285714285714,12,4.015276949301485,0.0806399460150996,flat,True,1.6129478458049888,PHRASE_52
126,Dexter Gordon,6,6.530430839002264,10,1.531292535903776,65.7,5,1.676305461424021,0.14605266812967,flat,True,3.265215419501132,PHRASE_00
126,Dexter Gordon,7,2.727936507936505,6,2.1994646805539415,62.166666666666664,5,1.8633899812498247,0.1035394257784566,arch,False,1.3639682539682525,PHRASE_21
126,Dexter Gordon,8,2.801541950113382,4,1.4277851523294574,67.25,5,1.7853571071357126,0.0791109528280517,arch,True,1.400770975056691,PHRASE_00
126,Dexter Gordon,9,6.514195011337868,14,2.149152731171417,59.785714285714285,10,3.2988866396444254,0.0806889541764696,flat,False,3.257097505668934,PHRASE_57
126,Dexter Gordon,10,4.8146485260771,17,3.530891176775334,62.294117647058826,25,7.338574199412092,0.1002797584845988,ascending,False,2.40732426303855,PHRASE_42
126,Dexter Gordon,11,1.6987301587301644,2,1.1773500280321396,65.0,8,4.0,0.0880209306671671,descending,False,0.8493650793650822,PHRASE_52
126,Dexter Gordon,12,3.308888888888887,10,3.022162525184689,61.6,7,2.1540659228538015,0.0947355436466026,flat,True,1.6544444444444435,PHRASE_21
126,Dexter Gordon,13,11.206938775510196,38,3.3907564555486784,61.26315789473684,21,4.677404872735554,0.1064897435586105,descending,False,5.603469387755098,PHRASE_13
126,Dexter Gordon,14,9.489523809523815,18,1.8968285828984328,66.72222222222223,19,5.565823843936169,0.0954483760585744,descending,False,4.7447619047619085,PHRASE_04
126,Dexter Gordon,15,2.792199546485264,6,2.1488435550935523,61.0,12,4.281744192888376,0.0448447245322236,descending,False,1.396099773242632,PHRASE_52
126,Dexter Gordon,16,6.160181405895685,22,3.571323399493496,65.86363636363636,15,3.374980869244831,0.080827787266623,flat,False,3.0800907029478424,PHRASE_50
126,Dexter Gordon,17,5.568435374149672,15,2.693754886630174,59.8,17,5.576139644353729,0.0377492181391737,descending,False,2.784217687074836,PHRASE_30
126,Dexter Gordon,18,1.138866213151914,2,1.7561325262822762,60.5,5,2.5,0.1096288626951186,descending,False,0.569433106575957,PHRASE_21
126,Dexter Gordon,19,2.6790929705215376,6,2.2395639367572913,62.0,9,4.041451884327381,0.2760266784033579,descending,True,1.3395464852607688,PHRASE_18
126,Dexter Gordon,20,15.032471655328791,23,1.530021178642757,62.73913043478261,13,3.6501029324896272,0.1100474860166658,descending,False,7.516235827664396,PHRASE_48
126,Dexter Gordon,21,3.8664852607709577,10,2.586328234962947,66.3,11,3.4073450074801643,0.0756310406305807,arch,False,1.9332426303854788,PHRASE_59
126,Dexter Gordon,22,4.868390022675726,7,1.4378470022729846,63.857142857142854,12,3.602720060833855,0.2250810448261784,descending,False,2.434195011337863,PHRASE_18
126,Dexter Gordon,23,10.944943310657608,34,3.106457387211188,58.705882352941174,16,4.662298169513967,0.0829838896807696,flat,False,5.472471655328803,PHRASE_19
126,Dexter Gordon,24,7.474965986394551,26,3.4782766968202283,61.80769230769231,18,5.547135302042992,0.0892290517706939,ascending,False,3.737482993197275,PHRASE_63
126,Dexter Gordon,25,1.7497505668934252,6,3.429060183505259,67.16666666666667,8,2.5440562537456244,0.0808148877714968,ascending,False,0.8748752834467126,PHRASE_59
126,Dexter Gordon,26,4.112743764172336,14,3.4040535474053324,64.5,16,4.468141192295261,0.1459100632953283,descending,False,2.056371882086168,PHRASE_35
126,Dexter Gordon,27,1.1374603174603235,2,1.7583030979625915,61.0,2,1.0,0.0,flat,False,0.5687301587301619,PHRASE_27
126,Dexter Gordon,28,2.21324263038548,8,3.6146059587721937,60.75,12,3.992179855667828,0.1292979795909739,descending,False,1.10662131519274,PHRASE_35
126,Dexter Gordon,29,7.907165532879816,15,1.8970135300224265,58.0,11,3.2041639575194445,0.0543208318755652,descending,False,3.953582766439908,PHRASE_57
126,Dexter Gordon,30,5.292789115646258,10,1.8893630147550255,64.9,12,4.011234224026316,0.1467619488286803,ascending,True,2.646394557823129,PHRASE_52
126,Dexter Gordon,31,1.4290249433106794,3,2.099333544906347,62.333333333333336,10,4.189935029992179,0.0230085687083608,ascending,False,0.7145124716553397,PHRASE_52
126,Dexter Gordon,32,3.4734693877551024,5,1.4394829612220914,68.8,7,2.785677655436824,0.0425381903642738,arch,False,1.7367346938775512,PHRASE_59
126,Dexter Gordon,33,1.3976417233560028,5,3.5774547342462357,66.2,11,3.655133376499413,0.0233629696930394,descending,False,0.6988208616780014,PHRASE_55
126,Dexter Gordon,34,4.656190476190488,16,3.4362855389650147,63.125,13,3.6890886408434262,0.0710535799511094,descending,True,2.328095238095244,PHRASE_50
126,Dexter Gordon,35,1.8439455782312848,8,4.33852283627243,62.25,10,3.4550687402713134,0.0589537371799753,descending,False,0.9219727891156424,PHRASE_03
126,Dexter Gordon,36,3.4805895691609976,11,3.160384119248961,61.27272727272727,14,4.825894341813454,0.1144670149973208,descending,False,1.7402947845804988,PHRASE_30
126,Dexter Gordon,37,0.7442630385487519,1,1.3436109926268984,67.0,0,0.0,0.0,flat,False,0.3721315192743759,PHRASE_27
126,Dexter Gordon,38,4.826621315192739,8,1.6574741372020274,64.625,7,1.9324531042175384,0.123887735255154,flat,False,2.4133106575963694,PHRASE_00
126,Dexter Gordon,39,4.903310657596364,4,0.8157753565548765,72.5,7,2.692582403567252,0.0629404909450793,ascending,False,2.451655328798182,PHRASE_00
126,Dexter Gordon,40,2.89519274376417,6,2.072400883472487,73.0,5,2.160246899469287,0.1960243738153847,ascending,True,1.447596371882085,PHRASE_51
126,Dexter Gordon,41,2.8904761904761926,5,1.7298187808896195,68.8,4,1.469693845669907,0.0291519573232827,flat,False,1.4452380952380963,PHRASE_00
126,Dexter Gordon,42,6.474240362811798,11,1.6990410277604582,64.72727272727273,7,2.1358800226310417,0.0735585645537473,flat,True,3.237120181405899,PHRASE_00
126,Dexter Gordon,43,1.6261224489795725,5,3.0747991967871857,66.2,4,1.469693845669907,0.0356146809459887,flat,False,0.8130612244897861,PHRASE_27
126,Dexter Gordon,44,5.9427210884353485,22,3.7020078298496006,60.59090909090909,16,5.033154540454642,0.0867007028549086,descending,False,2.9713605442176743,PHRASE_63
126,Dexter Gordon,45,10.144852607709764,34,3.351453324630964,61.94117647058823,27,6.211664437693427,0.1081075040009871,descending,True,5.072426303854883,PHRASE_26
126,Dexter Gordon,46,6.836054421768665,13,1.9016817593790545,56.15384615384615,18,5.586331586266248,0.1302948883802694,ascending,False,3.4180272108843326,PHRASE_30
126,Dexter Gordon,47,6.351564625850358,25,3.936038043012584,60.8,16,4.8083261120685235,0.046225687601734,flat,False,3.175782312925179,PHRASE_63
126,Dexter Gordon,48,4.57755102040818,17,3.713776192599184,59.88235294117647,16,5.529411764705882,0.1262198444543276,arch,False,2.28877551020409,PHRASE_30
126,Dexter Gordon,49,3.1230839002267317,9,2.8817669609665666,60.666666666666664,11,3.126943839882286,0.040340381040903,arch,False,1.5615419501133658,PHRASE_50
126,Dexter Gordon,50,4.005170068027212,9,2.2470955907330654,63.111111111111114,10,2.997941680718231,0.1648209796861131,descending,False,2.002585034013606,PHRASE_18
126,Dexter Gordon,51,2.888117913832218,9,3.116216258656136,70.44444444444444,15,5.499719409228703,0.1593674921093097,ascending,False,1.444058956916109,PHRASE_06
126,Dexter Gordon,52,2.734149659863931,5,1.8287221337579715,72.8,1,0.4,0.2445594479829988,flat,True,1.3670748299319655,PHRASE_34
126,Dexter Gordon,53,7.847029478458069,12,1.5292411010998246,64.83333333333333,15,4.633812924819281,0.2044074046247117,descending,True,3.9235147392290344,PHRASE_25
126,Dexter Gordon,54,1.6874376417233634,3,1.7778434745216003,64.66666666666667,7,2.8674417556808756,0.0869705439690511,descending,False,0.8437188208616817,PHRASE_59
126,Dexter Gordon,55,1.5764625850340508,3,1.9029947354793717,62.666666666666664,7,2.8674417556808756,0.014009953683734,descending,False,0.7882312925170254,PHRASE_59
126,Dexter Gordon,56,9.584126984126954,17,1.7737661477310425,67.70588235294117,14,3.937223654278003,0.1287890976198199,flat,False,4.792063492063477,PHRASE_04
126,Dexter Gordon,57,1.8925170068027344,2,1.0567936736160963,71.0,6,3.0,0.0862209441648876,descending,True,0.9462585034013672,PHRASE_59
126,Dexter Gordon,58,3.668435374149624,7,1.908170455809832,70.14285714285714,12,3.6811710647786073,0.0481524063840342,descending,True,1.834217687074812,PHRASE_55
126,Dexter Gordon,59,2.321723356009045,7,3.015001758018551,65.0,9,2.7774602993176543,0.0572918701410413,descending,True,1.1608616780045224,PHRASE_59
126,Dexter Gordon,60,5.0146938775510534,17,3.390037440989722,60.411764705882355,10,2.829650228424869,0.0949138133738519,ascending,False,2.5073469387755267,PHRASE_50
126,Dexter Gordon,61,3.0503401360544444,9,2.9504906333630467,63.77777777777778,10,3.1894889098682944,0.0198780850431361,descending,False,1.5251700680272222,PHRASE_59
126,Dexter Gordon,62,4.448253968253994,6,1.3488438481301663,66.16666666666667,7,2.1921577396609844,0.1646445903511357,flat,False,2.224126984126997,PHRASE_39
126,Dexter Gordon,63,3.499546485260794,6,1.7145078727402208,61.666666666666664,5,1.9720265943665387,0.2199572344975234,descending,True,1.749773242630397,PHRASE_24
126,Dexter Gordon,64,3.2347845804988538,6,1.8548375790373983,69.83333333333333,5,1.8633899812498247,0.1941060187586701,descending,True,1.6173922902494269,PHRASE_24
126,Dexter Gordon,65,8.864761904761849,17,1.917705199828117,65.17647058823529,12,3.7610276148578303,0.1578007653426632,descending,True,4.4323809523809246,PHRASE_25
126,Dexter Gordon,66,6.8954195011338015,12,1.7402857067690896,62.5,10,3.593976442141304,0.2550380153113623,ascending,False,3.4477097505669008,PHRASE_18
133,Dizzy Gillespie,1,2.391655328798187,5,2.09060224514563,75.4,3,1.3564659966250536,0.1529126213592236,flat,False,1.1958276643990935,PHRASE_34
133,Dizzy Gillespie,2,2.9808616780045334,5,1.6773673320350546,75.0,3,1.095445115010332,0.2444011684518015,flat,False,1.4904308390022667,PHRASE_51
133,Dizzy Gillespie,3,4.053333333333335,15,3.700657894736841,77.93333333333334,16,4.781445620544296,0.2084340315073397,descending,True,2.0266666666666673,PHRASE_37
133,Dizzy Gillespie,4,0.8629478458049888,3,3.4764557494219037,86.33333333333333,5,2.0548046676563256,0.078200546562958,ascending,False,0.4314739229024944,PHRASE_12
133,Dizzy Gillespie,5,18.737052154195013,67,3.575802610177368,72.19402985074628,23,5.472424238295588,0.1610012779800164,flat,True,9.368526077097506,PHRASE_44
133,Dizzy Gillespie,6,5.41079365079365,17,3.1418681060783857,80.41176470588235,19,5.179811755941486,0.1502413920273591,descending,False,2.705396825396825,PHRASE_36
133,Dizzy Gillespie,7,16.292154195011335,46,2.823444920137401,75.97826086956522,24,7.470199143014521,0.2075174951703874,descending,False,8.146077097505668,PHRASE_38
134,Dizzy Gillespie,1,2.119727891156463,8,3.7740693196405632,71.0,6,2.0,0.4495507060333761,flat,True,1.0598639455782315,PHRASE_56
134,Dizzy Gillespie,2,2.195011337868481,10,4.555785123966942,70.5,8,2.6551836094703507,0.340578512396695,descending,True,1.0975056689342404,PHRASE_02
134,Dizzy Gillespie,3,4.71392290249433,22,4.667025841334591,67.27272727272727,13,2.879106840384203,0.2566816108983848,descending,False,2.356961451247165,PHRASE_58
134,Dizzy Gillespie,4,9.533968253968254,47,4.929741608950453,71.95744680851064,25,6.24314925579626,0.1936077707588099,descending,False,4.766984126984127,PHRASE_23
134,Dizzy Gillespie,5,5.968888888888884,21,3.5182427401340313,76.42857142857143,21,6.098957198699186,0.1379944382816379,descending,False,2.984444444444442,PHRASE_36
134,Dizzy Gillespie,6,3.834693877551018,16,4.1724321447578525,77.6875,17,4.454193950649208,0.1244751936609303,descending,False,1.917346938775509,PHRASE_37
134,Dizzy Gillespie,7,12.621859410430837,58,4.595202506539424,70.22413793103448,18,4.495373496999638,0.1630005174049253,descending,False,6.310929705215418,PHRASE_23
134,Dizzy Gillespie,8,10.924988662131526,50,4.576663788522845,71.14,29,7.57102370885206,0.2390118557385779,descending,True,5.462494331065763,PHRASE_38
134,Dizzy Gillespie,9,1.7836734693877645,5,2.8032036613272164,84.0,15,5.549774770204643,0.1547419272819756,ascending,False,0.8918367346938822,PHRASE_37
134,Dizzy Gillespie,10,1.733968253968257,10,5.767118271695339,81.5,14,4.716990566028302,0.2281477219228937,ascending,False,0.8669841269841285,PHRASE_37
134,Dizzy Gillespie,11,5.343492063492064,19,3.5557271863117865,72.36842105263158,20,6.010609272171556,0.1268247555676264,descending,False,2.671746031746032,PHRASE_36
134,Dizzy Gillespie,12,5.5654421768707465,22,3.9529653351586576,81.9090909090909,16,4.756900164345865,0.318779641128442,flat,False,2.7827210884353732,PHRASE_37
134,Dizzy Gillespie,13,12.2692970521542,39,3.1786662132491537,72.07692307692308,30,7.353298981896477,0.1581293570588964,descending,False,6.1346485260771,PHRASE_38
134,Dizzy Gillespie,14,3.1183673469387827,6,1.9240837696335031,84.0,0,0.0,0.2462478184991304,flat,False,1.5591836734693914,PHRASE_51
134,Dizzy Gillespie,15,12.081179138321986,57,4.718082510604757,75.19298245614036,26,7.630590780952605,0.192766244979165,descending,False,6.040589569160993,PHRASE_38
134,Dizzy Gillespie,16,4.361088435374143,13,2.980907219067828,78.38461538461539,14,4.306318462239509,0.2458975478879365,flat,True,2.1805442176870713,PHRASE_08
134,Dizzy Gillespie,17,6.063945578231284,27,4.452546555979365,64.77777777777777,17,5.101440125888443,0.2269388976142339,descending,False,3.031972789115642,PHRASE_01
134,Dizzy Gillespie,18,10.538503401360543,46,4.364946164372951,69.1086956521739,18,4.877759022469791,0.1981934295575287,ascending,False,5.269251700680272,PHRASE_23
134,Dizzy Gillespie,19,13.41224489795917,60,4.47352404138771,71.75,32,9.227901531045218,0.2916041117197537,descending,False,6.706122448979585,PHRASE_38
135,Dizzy Gillespie,1,1.5686167800453514,11,7.012547704406153,85.45454545454545,12,3.551277269931747,0.1270093674106613,ascending,False,0.7843083900226757,PHRASE_37
135,Dizzy Gillespie,2,6.6583219954648545,20,3.003759808195291,77.15,20,6.043798474469512,0.1528988666085446,descending,False,3.3291609977324272,PHRASE_36
135,Dizzy Gillespie,3,6.588027210884356,17,2.580438643591755,70.41176470588235,15,4.499134864934811,0.1738259468836481,descending,False,3.294013605442178,PHRASE_08
135,Dizzy Gillespie,4,6.873106575963721,17,2.47340846706081,71.23529411764706,16,4.051570672405309,0.2677892736486481,ascending,False,3.4365532879818605,PHRASE_08
135,Dizzy Gillespie,5,11.707664399092977,27,2.306181581536601,74.51851851851852,23,5.763039131173312,0.2677045484478247,descending,False,5.853832199546488,PHRASE_05
135,Dizzy Gillespie,6,10.919183673469384,45,4.121187200956939,71.91111111111111,17,4.257397338605528,0.2127982123870272,ascending,False,5.459591836734692,PHRASE_29
135,Dizzy Gillespie,7,2.96208616780045,16,5.4015984321891235,82.3125,5,1.3564084008881692,0.24622592399792,flat,True,1.481043083900225,PHRASE_40
135,Dizzy Gillespie,8,6.992018140589579,25,3.57550559757157,83.96,7,2.306165648863932,0.2007731524122119,ascending,True,3.4960090702947895,PHRASE_51
135,Dizzy Gillespie,9,10.60648526077098,31,2.9227401196375795,73.87096774193549,24,5.971663924838493,0.1773954240121756,descending,True,5.3032426303854905,PHRASE_05
135,Dizzy Gillespie,10,2.4613151927437684,5,2.031434257075468,84.8,5,1.7204650534085253,0.2122641509433984,flat,False,1.2306575963718842,PHRASE_51
135,Dizzy Gillespie,11,7.530612244897966,21,2.788617886178859,77.71428571428571,19,5.905145916852498,0.1279132791327896,descending,False,3.765306122448983,PHRASE_36
135,Dizzy Gillespie,12,14.558911564625843,70,4.808051734449762,76.27142857142857,16,4.006856368674035,0.2179837021531087,descending,False,7.279455782312923,PHRASE_44
136,Dizzy Gillespie,1,3.5809523809523807,10,2.792553191489362,79.7,10,3.163858403911275,0.1274062816616007,ascending,False,1.7904761904761903,PHRASE_12
136,Dizzy Gillespie,2,3.1947392290249432,10,3.130145931520073,79.7,10,3.163858403911275,0.1241837487933678,ascending,False,1.5973696145124716,PHRASE_12
136,Dizzy Gillespie,3,9.79591836734694,32,3.2666666666666666,81.03125,12,2.5676396627058087,0.1283333333333328,ascending,False,4.8979591836734695,PHRASE_29
136,Dizzy Gillespie,4,5.542857142857137,9,1.6237113402061871,79.33333333333333,5,1.4907119849998598,0.2341678939617087,arch,False,2.7714285714285687,PHRASE_51
136,Dizzy Gillespie,5,10.530612244897966,26,2.4689922480620137,71.38461538461539,21,5.554464061087907,0.1558139534883705,descending,True,5.265306122448983,PHRASE_05
136,Dizzy Gillespie,6,5.036734693877548,9,1.786871961102108,66.66666666666667,8,2.449489742783178,0.1750405186385738,flat,False,2.518367346938774,PHRASE_39
136,Dizzy Gillespie,7,4.904852607709756,4,0.8155188993268724,87.75,3,1.299038105676658,0.1050743398180335,flat,False,2.452426303854878,PHRASE_12
136,Dizzy Gillespie,8,13.09142857142858,41,3.131820165866432,73.04878048780488,27,7.112171701925373,0.1129402146425293,descending,False,6.54571428571429,PHRASE_38
136,Dizzy Gillespie,9,4.852970521541948,9,1.8545342404306224,70.44444444444444,11,2.8717439962933526,0.2009569377990465,arch,False,2.426485260770974,PHRASE_39
137,Dizzy Gillespie,1,12.420408163265304,37,2.9789681235622747,70.1891891891892,15,3.985364019711733,0.2788476284368494,flat,True,6.210204081632652,PHRASE_29
137,Dizzy Gillespie,2,13.69219954648526,65,4.747228506225304,71.72307692307692,22,5.600845244748448,0.18982289599984,descending,True,6.84609977324263,PHRASE_44
137,Dizzy Gillespie,3,11.946666666666664,28,2.3437500000000004,80.07142857142857,19,5.027982920108019,0.2283391034985433,flat,False,5.973333333333333,PHRASE_05
137,Dizzy Gillespie,4,12.565079365079356,50,3.9792824658918673,69.76,28,5.901050753891209,0.2060889338049511,descending,True,6.282539682539678,PHRASE_38
137,Dizzy Gillespie,5,9.78140589569162,28,2.862574183976258,74.21428571428571,19,5.191732045536736,0.2334662462908041,ascending,False,4.89070294784581,PHRASE_05
137,Dizzy Gillespie,6,7.244625850340128,13,1.794433593750002,77.84615384615384,13,3.655262883235914,0.2740822816506388,descending,True,3.622312925170064,PHRASE_08
137,Dizzy Gillespie,7,3.4220408163265432,6,1.753339694656482,84.83333333333333,9,2.852873794770615,0.2086513994910972,ascending,False,1.7110204081632716,PHRASE_51
137,Dizzy Gillespie,8,9.882993197278909,35,3.5414372246696053,72.77142857142857,23,6.445754812435919,0.19927037444934,descending,True,4.9414965986394535,PHRASE_05
137,Dizzy Gillespie,9,13.84780045351475,61,4.405031701949273,71.65573770491804,14,3.1041233597975184,0.2287682089708681,descending,True,6.923900226757375,PHRASE_44
137,Dizzy Gillespie,10,4.79201814058959,9,1.878123107207745,83.22222222222223,9,2.698879511442471,0.3101150817686271,arch,True,2.396009070294795,PHRASE_51
137,Dizzy Gillespie,11,8.4113378684807,21,2.4966301827788935,78.38095238095238,18,5.084768950841986,0.1681943171402289,descending,False,4.20566893424035,PHRASE_05
137,Dizzy Gillespie,12,19.00544217687073,66,3.4726895268093667,74.01515151515152,22,5.4313691120737335,0.212833178227981,ascending,False,9.502721088435363,PHRASE_44
137,Dizzy Gillespie,13,8.138866213151942,23,2.8259464399148513,72.8695652173913,27,7.3679939327861,0.1944701385251482,descending,False,4.069433106575971,PHRASE_36
138,Dizzy Gillespie,1,10.004081632653062,17,1.6993064055487554,69.70588235294117,11,3.609867292368531,0.148370279704429,descending,False,5.002040816326531,PHRASE_25
138,Dizzy Gillespie,2,5.005351473922904,26,5.194440417512321,70.73076923076923,17,4.743884259741429,0.1913779356335172,flat,False,2.502675736961452,PHRASE_22
138,Dizzy Gillespie,3,12.997777777777776,35,2.6927679945289795,78.25714285714285,20,4.698588585296392,0.1513497859393355,descending,False,6.498888888888889,PHRASE_05
138,Dizzy Gillespie,4,6.074875283446708,11,1.8107367619502663,65.54545454545455,9,2.4257571025684244,0.2034773909862559,flat,False,3.037437641723354,PHRASE_39
138,Dizzy Gillespie,5,20.170476190476187,84,4.164502573303745,73.0952380952381,25,5.215861905716172,0.2041375216690388,descending,True,10.085238095238092,PHRASE_31
138,Dizzy Gillespie,6,1.8619501133786969,4,2.1482852689009992,83.5,2,0.8660254037844386,0.1582229150428712,flat,True,0.9309750566893484,PHRASE_12
138,Dizzy Gillespie,7,15.58884353741496,40,2.5659376145507875,73.4,23,6.89129886160802,0.201173000052366,descending,True,7.79442176870748,PHRASE_38
159,Fats Navarro,1,1.703492063492063,5,2.9351472232575486,75.4,3,1.3564659966250536,0.2298599648581014,flat,False,0.8517460317460315,PHRASE_51
159,Fats Navarro,2,7.383174603174606,34,4.605065141677773,71.08823529411765,15,3.9583689975932344,0.1735821473104884,descending,False,3.691587301587303,PHRASE_22
159,Fats Navarro,3,9.68367346938776,49,5.060063224446783,72.87755102040816,24,5.836663336227142,0.1405830698981359,descending,False,4.84183673469388,PHRASE_23
159,Fats Navarro,4,20.07219954648526,103,5.131475489841661,70.44660194174757,22,4.691922733660157,0.181557732629599,arch,True,10.03609977324263,PHRASE_31
159,Fats Navarro,5,2.6217687074829925,7,2.6699532952776344,80.42857142857143,16,5.205962045225314,0.2770800899498319,descending,False,1.3108843537414965,PHRASE_08
159,Fats Navarro,6,7.444444444444457,36,4.83582089552238,74.88888888888889,23,5.536634445911552,0.18581784952787,descending,True,3.722222222222229,PHRASE_36
159,Fats Navarro,7,10.753650793650792,41,3.8126586762708863,70.63414634146342,17,4.1716587188298435,0.2029833247581356,descending,True,5.376825396825396,PHRASE_29
159,Fats Navarro,8,4.388571428571424,23,5.240885416666671,72.3913043478261,20,5.483089659281547,0.1864045965608423,descending,True,2.194285714285712,PHRASE_36
159,Fats Navarro,9,18.54766439909298,81,4.367126677360038,70.1358024691358,20,4.096831315197038,0.1604152810922874,descending,True,9.27383219954649,PHRASE_44
160,Fats Navarro,1,5.750113378684809,23,3.99992112942661,68.65217391304348,15,4.630791984589338,0.131840050477167,arch,True,2.8750566893424043,PHRASE_22
160,Fats Navarro,2,3.99097505668934,13,3.257349348302862,70.3076923076923,18,5.326055191727312,0.0822604288587618,arch,True,1.99548752834467,PHRASE_06
160,Fats Navarro,3,9.429931972789117,35,3.711585629779252,71.97142857142858,18,4.619744670036054,0.191304766027029,flat,False,4.714965986394558,PHRASE_29
160,Fats Navarro,4,3.633650793650787,14,3.852874366590956,65.92857142857143,10,2.711464699443187,0.1546391752577346,ascending,True,1.8168253968253936,PHRASE_16
160,Fats Navarro,5,10.878548752834469,43,3.952733124332977,70.55813953488372,22,5.550203539453957,0.1814551093916773,descending,False,5.439274376417234,PHRASE_23
160,Fats Navarro,6,3.2213151927437593,13,4.035618752639736,67.92307692307692,11,3.197632260127158,0.1382514430522324,ascending,False,1.6106575963718797,PHRASE_16
160,Fats Navarro,7,1.955102040816328,8,4.091858037578285,66.5,10,2.8722813232690143,0.1635351426583186,ascending,False,0.977551020408164,PHRASE_16
160,Fats Navarro,8,10.24662131519274,36,3.5133532207950866,70.16666666666667,17,4.579543888011362,0.2433145376165146,flat,False,5.12331065759637,PHRASE_29
160,Fats Navarro,9,7.373786848072555,27,3.6616192678606607,71.33333333333333,15,4.009248567259714,0.2442678606573535,descending,False,3.6868934240362776,PHRASE_58
160,Fats Navarro,10,9.526530612244912,34,3.568980291345325,68.47058823529412,12,3.0315526415823824,0.2395029991431014,flat,True,4.763265306122456,PHRASE_29
160,Fats Navarro,11,7.710204081632668,34,4.409740603493904,69.91176470588235,17,4.175331244758937,0.2101641079936512,flat,True,3.855102040816334,PHRASE_22
160,Fats Navarro,12,21.87854875283446,88,4.022204625825523,70.31818181818181,19,4.130115160582017,0.2584127589537776,descending,False,10.93927437641723,PHRASE_31
160,Fats Navarro,13,13.497959183673458,43,3.1856667674629597,72.90697674418605,21,5.518737441928864,0.2808386251385963,descending,False,6.748979591836729,PHRASE_05
160,Fats Navarro,14,8.556190476190494,34,3.9737310774710513,73.3529411764706,21,5.444275746901924,0.2511872959335162,descending,False,4.278095238095247,PHRASE_05
160,Fats Navarro,15,6.82956916099775,15,2.196331810454733,81.8,18,5.717808437971085,0.2348464725881875,ascending,False,3.414784580498875,PHRASE_08
160,Fats Navarro,16,17.2595918367347,72,4.17159343517949,70.81944444444444,23,5.2871079809730706,0.2152117590797127,descending,False,8.62979591836735,PHRASE_44
160,Fats Navarro,17,17.658775510204066,61,3.454373150887577,71.8688524590164,27,5.523349571268179,0.2018254848783735,descending,True,8.829387755102033,PHRASE_44
160,Fats Navarro,18,18.92072562358274,67,3.5410904070450333,71.70149253731343,20,5.96761140089013,0.3227932752000212,descending,True,9.46036281179137,PHRASE_44
161,Fats Navarro,1,5.868843537414968,11,1.8743045252225512,72.18181818181819,12,4.108044919161819,0.2601384767556873,ascending,False,2.934421768707484,PHRASE_08
161,Fats Navarro,2,10.710113378684806,26,2.42761202245954,69.92307692307692,12,3.373232607581646,0.2443025432125949,flat,False,5.355056689342403,PHRASE_29
161,Fats Navarro,3,5.391836734693882,16,2.967448902346705,72.4375,12,4.092199133717713,0.1438304314912946,flat,False,2.695918367346941,PHRASE_08
161,Fats Navarro,4,13.061224489795912,65,4.976562500000003,70.76923076923077,25,5.504597325506774,0.208368055555556,descending,False,6.530612244897956,PHRASE_44
161,Fats Navarro,5,10.044897959183665,28,2.787484762291754,71.82142857142857,14,3.8364191956690497,0.1897602600568879,ascending,True,5.022448979591832,PHRASE_29
161,Fats Navarro,6,13.155102040816333,34,2.584548557244802,70.23529411764706,20,5.314014896973805,0.1715792739683477,descending,False,6.5775510204081655,PHRASE_05
161,Fats Navarro,7,17.057142857142864,46,2.6968174204355098,70.02173913043478,18,4.788977972271703,0.2077051926298149,descending,False,8.528571428571432,PHRASE_07
161,Fats Navarro,8,3.4857142857142804,15,4.303278688524597,69.53333333333333,19,5.277204647243547,0.2353629976580696,ascending,True,1.7428571428571402,PHRASE_58
161,Fats Navarro,9,7.836734693877531,20,2.5520833333333397,73.55,17,4.88339021582343,0.1640625000000048,descending,False,3.9183673469387656,PHRASE_04
162,Fats Navarro,1,2.481632653061224,4,1.6118421052631582,77.25,5,2.0463381929681126,0.2105263157894734,flat,True,1.240816326530612,PHRASE_51
162,Fats Navarro,2,11.991836734693877,34,2.835262083049694,71.08823529411765,17,3.868178223423281,0.2352242644278045,ascending,True,5.995918367346938,PHRASE_29
162,Fats Navarro,3,9.010204081632658,44,4.8833522083805185,70.81818181818181,17,3.833303389510548,0.2018120045300123,descending,False,4.505102040816329,PHRASE_13
162,Fats Navarro,4,11.831836734693873,26,2.1974610183524224,75.92307692307692,24,6.650176845092611,0.1953030372721272,descending,True,5.915918367346936,PHRASE_05
162,Fats Navarro,5,21.75963718820862,94,4.319924968736973,70.91489361702128,26,5.915467598049733,0.2265839933305551,descending,False,10.87981859410431,PHRASE_31
162,Fats Navarro,6,14.550204081632645,39,2.680374775583485,71.25641025641026,22,6.100516786507427,0.1606572910432875,descending,False,7.275102040816321,PHRASE_38
162,Fats Navarro,7,6.02267573696146,31,5.147213855421679,73.29032258064517,16,3.575846828529295,0.2159036144578307,descending,False,3.01133786848073,PHRASE_58
162,Fats Navarro,8,10.681632653061229,26,2.4340848299579663,69.76923076923077,16,5.0710922227229265,0.1709506220014447,flat,True,5.340816326530614,PHRASE_48
163,Fats Navarro,1,3.738412698412701,11,2.942425271739129,77.0909090909091,6,1.8317674254190803,0.2577639751552796,flat,False,1.8692063492063504,PHRASE_51
163,Fats Navarro,2,9.229931972789114,28,3.0336084905660385,71.75,11,2.9835860494186712,0.1182389937106919,arch,False,4.614965986394557,PHRASE_09
163,Fats Navarro,3,9.682721088435375,35,3.61468637589928,68.85714285714286,13,3.145453473033802,0.1522781774580338,descending,False,4.841360544217688,PHRASE_29
163,Fats Navarro,4,6.327437641723353,17,2.6867115825688086,70.23529411764706,15,4.24997455722081,0.196330275229357,descending,True,3.1637188208616767,PHRASE_08
163,Fats Navarro,5,12.260136054421764,41,3.344171697443183,71.46341463414635,27,6.081148643807231,0.1553030303030303,descending,False,6.130068027210882,PHRASE_38
163,Fats Navarro,6,9.148662131519274,27,2.9512511897208125,71.51851851851852,15,4.210835848849176,0.1751269035533005,ascending,False,4.574331065759637,PHRASE_29
163,Fats Navarro,7,4.31891156462585,10,2.315398185483871,70.9,13,3.672873534441392,0.1720430107526884,descending,True,2.159455782312925,PHRASE_08
163,Fats Navarro,8,7.05886621315193,23,3.258313630756578,73.43478260869566,18,4.915159221239158,0.1365131578947402,descending,False,3.529433106575965,PHRASE_36
163,Fats Navarro,9,4.760090702947849,16,3.361280487804876,75.0,6,1.5811388300841898,0.1707317073170754,ascending,False,2.3800453514739246,PHRASE_51
164,Fats Navarro,1,1.7469387755102046,6,3.434579439252335,68.16666666666667,5,1.674979270186815,0.2061526479750775,flat,True,0.8734693877551023,PHRASE_24
164,Fats Navarro,2,9.81360544217687,28,2.853181755164287,68.85714285714286,16,4.429723352489615,0.3289338694024675,flat,False,4.906802721088435,PHRASE_29
164,Fats Navarro,3,4.612244897959183,12,2.6017699115044253,64.16666666666667,13,3.2871804872193366,0.1559095378564401,descending,True,2.3061224489795915,PHRASE_18
164,Fats Navarro,4,13.467346938775512,44,3.2671616911653274,74.6590909090909,19,4.907985986764937,0.1991783266824937,flat,True,6.733673469387757,PHRASE_05
164,Fats Navarro,5,3.4543310657596393,8,2.315933200294085,80.625,14,4.662014049742879,0.2342453523789538,ascending,False,1.7271655328798197,PHRASE_08
164,Fats Navarro,6,5.969387755102034,19,3.1829059829059867,74.0,25,7.3913178085757085,0.2562507122507109,descending,False,2.984693877551017,PHRASE_36
164,Fats Navarro,7,13.072653061224486,39,2.9833270887973034,70.3076923076923,20,5.311592769732944,0.2681542539167088,ascending,True,6.536326530612243,PHRASE_05
164,Fats Navarro,8,1.7490249433106584,6,3.430482808691592,69.16666666666667,4,1.3437096247164249,0.1174609759892125,flat,True,0.8745124716553292,PHRASE_40
178,Hank Mobley,1,2.0612244897959187,5,2.4257425742574252,61.2,9,2.9933259094191533,0.2811881188118806,ascending,False,1.030612244897959,PHRASE_62
178,Hank Mobley,2,10.187755102040814,21,2.0612980769230775,63.61904761904762,12,3.429232740455016,0.1900819088319078,flat,False,5.093877551020407,PHRASE_25
178,Hank Mobley,3,9.732154195011333,24,2.4660521729405307,60.333333333333336,21,5.785518319236594,0.1604564899298218,descending,False,4.866077097505666,PHRASE_19
178,Hank Mobley,4,6.881632653061224,24,3.487544483985765,63.583333333333336,18,4.4339285314743435,0.1476868327402117,descending,True,3.440816326530612,PHRASE_63
178,Hank Mobley,5,3.528752834467113,9,2.5504761659962267,63.44444444444444,19,5.871042139387959,0.1183667699109348,ascending,True,1.7643764172335563,PHRASE_06
178,Hank Mobley,6,3.4102040816326564,13,3.812088569718727,64.84615384615384,10,2.9572896594986284,0.1909036505086721,arch,False,1.7051020408163282,PHRASE_16
178,Hank Mobley,7,3.551020408163268,12,3.3793103448275836,59.333333333333336,11,3.064129385141706,0.1867816091954037,descending,False,1.775510204081634,PHRASE_18
178,Hank Mobley,8,2.459183673469397,3,1.2199170124481282,63.0,4,1.632993161855452,0.1286307053941958,ascending,False,1.2295918367346983,PHRASE_21
178,Hank Mobley,9,2.7489795918367292,4,1.455085374907204,60.5,10,3.905124837953327,0.167037861915366,ascending,False,1.3744897959183646,PHRASE_52
178,Hank Mobley,10,6.12040816326531,13,2.124041347115704,61.46153846153846,10,2.845114155216451,0.1940646882294087,flat,False,3.060204081632655,PHRASE_18
178,Hank Mobley,11,5.491882086167806,9,1.6387824535905382,66.44444444444444,12,3.5935470286213844,0.291116139261414,descending,True,2.745941043083903,PHRASE_43
178,Hank Mobley,12,5.654058956916103,15,2.652961370636549,62.733333333333334,12,3.567756842735907,0.1708322638603686,flat,False,2.8270294784580514,PHRASE_18
178,Hank Mobley,13,3.64988662131519,11,3.013792246520877,62.27272727272727,12,3.305392538672334,0.1995775347912511,descending,False,1.824943310657595,PHRASE_18
178,Hank Mobley,14,4.205306122448988,6,1.4267689022614745,64.66666666666667,7,2.748737083745107,0.1603524324091165,descending,False,2.102653061224494,PHRASE_39
178,Hank Mobley,15,8.230702947845813,25,3.037407638012637,64.24,20,5.86023890297998,0.2287271264608494,descending,True,4.115351473922907,PHRASE_01
178,Hank Mobley,16,3.2232199546485276,11,3.412736380009003,62.27272727272727,12,3.4926132204179177,0.2125168842863609,ascending,False,1.6116099773242638,PHRASE_18
178,Hank Mobley,17,3.52544217687074,12,3.403828342080897,62.0,11,3.3416562759605704,0.2237830606154071,descending,False,1.76272108843537,PHRASE_18
178,Hank Mobley,18,4.878820861678008,10,2.049675584227257,64.1,19,5.838664230798,0.1454758407852924,descending,False,2.439410430839004,PHRASE_06
178,Hank Mobley,19,5.954739229024966,17,2.854868928119896,60.705882352941174,24,6.648880541621079,0.1684132762638907,arch,False,2.977369614512483,PHRASE_42
178,Hank Mobley,20,2.558639455782327,9,3.5174944166755098,61.0,17,5.033222956847166,0.1583005423801026,ascending,True,1.2793197278911634,PHRASE_35
178,Hank Mobley,21,2.472925170068038,6,2.426276408450694,67.33333333333333,8,2.494438257849294,0.3173965669014158,arch,True,1.236462585034019,PHRASE_02
178,Hank Mobley,22,4.752290249433116,21,4.4189220139710566,61.42857142857143,14,4.2602417612085794,0.1856796579761096,flat,False,2.376145124716558,PHRASE_35
178,Hank Mobley,23,1.0499773242630397,3,2.8572045611610197,54.333333333333336,3,1.247219128924647,0.3787145818935936,flat,False,0.5249886621315198,PHRASE_62
179,Hank Mobley,1,0.7314285714285713,2,2.7343750000000004,65.5,3,1.5,0.0,flat,True,0.3657142857142856,PHRASE_27
179,Hank Mobley,2,0.870748299319728,2,2.296875,65.0,4,2.0,0.0933333333333332,descending,False,0.435374149659864,PHRASE_27
179,Hank Mobley,3,0.6385487528344669,2,3.132102272727274,61.0,2,1.0,0.0,flat,False,0.3192743764172334,PHRASE_27
179,Hank Mobley,4,1.8343764172335604,3,1.635433148734177,57.666666666666664,5,2.0548046676563256,0.310126582278481,arch,True,0.9171882086167802,PHRASE_62
179,Hank Mobley,5,0.4643990929705222,1,2.153320312499997,64.0,0,0.0,0.0,flat,False,0.2321995464852611,PHRASE_27
179,Hank Mobley,6,9.798820861678005,29,2.959539765995262,61.310344827586206,13,3.302072998585962,0.151658767772512,arch,False,4.899410430839001,PHRASE_09
179,Hank Mobley,7,8.301133786848073,29,3.4934986888111887,63.62068965517241,19,5.101817073887521,0.1034965034965036,flat,False,4.1505668934240365,PHRASE_63
179,Hank Mobley,8,11.946666666666664,40,3.348214285714286,63.075,15,4.203495569166215,0.1350826044703591,flat,False,5.973333333333333,PHRASE_48
179,Hank Mobley,9,3.0766439909297034,8,2.600235849056605,65.5,12,4.06201920231798,0.0981132075471713,descending,False,1.5383219954648517,PHRASE_52
179,Hank Mobley,10,5.8165986394557905,19,3.2665138473053847,62.473684210526315,10,2.6826620920788753,0.1956087824351295,flat,False,2.9082993197278952,PHRASE_18
179,Hank Mobley,11,8.846802721088437,25,2.82587967519685,59.72,15,4.247540464786652,0.1430446194225721,ascending,False,4.423401360544219,PHRASE_19
179,Hank Mobley,12,7.720634920634922,19,2.4609374999999996,58.473684210526315,12,3.1849716358752143,0.0887218045112778,flat,False,3.860317460317461,PHRASE_57
179,Hank Mobley,13,4.969070294784586,12,2.414938668224296,64.16666666666667,15,4.615794141375409,0.128504672897196,descending,False,2.484535147392293,PHRASE_52
179,Hank Mobley,14,8.335963718820864,28,3.358939763231197,59.785714285714285,18,4.361824183077721,0.1657381615598886,ascending,False,4.167981859410432,PHRASE_19
179,Hank Mobley,15,2.7515646258503352,9,3.2708662974683604,66.22222222222223,11,3.083208205669246,0.080168776371301,descending,False,1.3757823129251676,PHRASE_59
179,Hank Mobley,16,3.668752834467128,15,4.088582871835435,63.8,15,4.182503237695499,0.0886075949367037,descending,False,1.834376417233564,PHRASE_35
179,Hank Mobley,17,8.185034013605446,27,3.2987034574468073,64.4074074074074,16,4.279661281675345,0.1446808510638268,descending,False,4.092517006802723,PHRASE_09
179,Hank Mobley,18,1.2654875283446785,4,3.1608371559632844,66.75,3,1.0897247358851685,0.0275229357798091,flat,False,0.6327437641723392,PHRASE_27
179,Hank Mobley,19,6.8731065759637175,22,3.200881545608109,65.86363636363636,14,4.256497221312534,0.239864864864868,descending,False,3.4365532879818588,PHRASE_09
179,Hank Mobley,20,4.841360544217679,12,2.4786420863309395,60.416666666666664,13,3.98869931459144,0.2613908872901698,flat,False,2.4206802721088394,PHRASE_18
179,Hank Mobley,21,8.463673469387743,29,3.4264081790123506,61.6551724137931,26,5.862068965517241,0.0727023319615881,ascending,False,4.2318367346938714,PHRASE_42
179,Hank Mobley,22,9.40408163265306,24,2.5520833333333335,64.08333333333333,17,4.358102288330961,0.1061728395061714,descending,False,4.70204081632653,PHRASE_48
179,Hank Mobley,23,8.59138321995465,23,2.6771009290540535,66.95652173913044,15,4.196046388328622,0.1486064189189163,descending,False,4.295691609977325,PHRASE_09
179,Hank Mobley,24,1.8459863945578263,7,3.7920106132075406,67.85714285714286,5,1.6413036132965797,0.0503144654088021,descending,False,0.9229931972789132,PHRASE_27
179,Hank Mobley,25,7.848344671201801,28,3.5676312869822544,65.60714285714286,19,4.69299847580175,0.0739644970414287,descending,False,3.924172335600901,PHRASE_63
179,Hank Mobley,26,7.09369614512471,15,2.1145534983633407,61.666666666666664,14,3.9271137266728378,0.1716192716857569,descending,False,3.546848072562355,PHRASE_18
179,Hank Mobley,27,2.9489342403628314,9,3.051950049212578,63.0,12,4.136557881996952,0.0944881889763816,ascending,False,1.4744671201814157,PHRASE_52
179,Hank Mobley,28,9.914920634920634,24,2.4205942622950825,63.875,15,4.003253884862496,0.1323185011709563,descending,False,4.957460317460317,PHRASE_48
179,Hank Mobley,29,5.746938775510188,16,2.784090909090917,62.875,18,5.06057061999929,0.0828282828282796,flat,False,2.873469387755094,PHRASE_63
179,Hank Mobley,30,6.304217687074811,16,2.5379834254143723,60.9375,9,2.461421083439402,0.2467771639042339,flat,False,3.1521088435374054,PHRASE_18
180,Hank Mobley,1,15.350566893424036,33,2.1497577404868826,58.06060606060606,20,5.432446817095344,0.1310919404396122,flat,True,7.675283446712018,PHRASE_26
180,Hank Mobley,2,4.130612244897961,9,2.1788537549407105,66.22222222222223,14,4.661372658534007,0.0820158102766802,ascending,True,2.0653061224489804,PHRASE_52
180,Hank Mobley,3,7.095147392290244,18,2.5369451830640233,66.5,9,2.4094720491334933,0.1140314992841085,flat,True,3.547573696145122,PHRASE_49
180,Hank Mobley,4,6.8825396825396865,15,2.1794280442804417,61.2,15,5.101633725255731,0.0923827095413803,descending,True,3.4412698412698433,PHRASE_30
180,Hank Mobley,5,14.90140589569161,35,2.348771669263732,62.05714285714286,17,4.188029588808405,0.2079823237241918,flat,False,7.450702947845805,PHRASE_07
180,Hank Mobley,6,7.016326530612247,18,2.56544502617801,64.22222222222223,10,2.839318297595697,0.0999288992308193,arch,True,3.508163265306123,PHRASE_49
180,Hank Mobley,7,9.424489795918362,20,2.122130792550889,65.75,13,3.404041715373065,0.1625523314566186,descending,False,4.712244897959181,PHRASE_25
180,Hank Mobley,8,6.391836734693882,15,2.3467432950191554,63.13333333333333,10,3.116978594016256,0.2024265644955287,descending,True,3.195918367346941,PHRASE_18
180,Hank Mobley,9,6.0653061224489875,13,2.1433378196500645,67.6923076923077,14,4.10224357722258,0.1757738896366092,ascending,False,3.0326530612244937,PHRASE_08
180,Hank Mobley,10,6.8150566893423985,11,1.614073147359456,69.27272727272727,8,2.525898907172692,0.3773424190800655,descending,True,3.4075283446711992,PHRASE_14
180,Hank Mobley,11,5.599274376417242,11,1.9645402708481796,65.9090909090909,15,5.367487061500186,0.1926391498736438,descending,True,2.799637188208621,PHRASE_43
180,Hank Mobley,12,4.73142857142858,12,2.5362318840579663,65.41666666666667,19,5.29871577732651,0.2183498197990937,ascending,False,2.36571428571429,PHRASE_43
180,Hank Mobley,13,15.563900226757369,31,1.9917886614760596,66.93548387096774,11,2.7700644440036775,0.2526166721059261,flat,False,7.781950113378684,PHRASE_45
180,Hank Mobley,14,7.3505668934240305,22,2.992966436327742,64.45454545454545,19,5.694712641223936,0.1438116979269498,descending,True,3.6752834467120152,PHRASE_63
180,Hank Mobley,15,3.436916099773242,11,3.2005436503747497,64.72727272727273,17,5.010732283462062,0.1417977409479592,ascending,True,1.718458049886621,PHRASE_06
180,Hank Mobley,16,10.249070294784588,38,3.707653368260821,63.94736842105263,22,5.4238623275740006,0.0823922970724644,descending,False,5.124535147392294,PHRASE_13
180,Hank Mobley,17,3.706122448979613,11,2.9680616740087933,66.81818181818181,13,4.725524152133464,0.1358296622613793,arch,False,1.8530612244898064,PHRASE_52
180,Hank Mobley,18,10.21224489795918,32,3.133493205435652,63.0625,20,4.656564586688345,0.1682120969890766,descending,False,5.1061224489795904,PHRASE_13
180,Hank Mobley,19,2.1183673469387543,9,4.24855491329484,65.11111111111111,13,4.121608220220313,0.1753371868979068,ascending,True,1.0591836734693771,PHRASE_35
180,Hank Mobley,20,4.991836734693862,24,4.807849550286196,64.0,15,3.905124837953327,0.1685291178341133,ascending,True,2.495918367346931,PHRASE_22
180,Hank Mobley,21,3.6654875283446984,8,2.182520043551404,64.125,15,4.728570079844435,0.1294664951004742,descending,False,1.8327437641723492,PHRASE_52
180,Hank Mobley,22,6.552562358276646,19,2.8996290246670906,70.94736842105263,6,2.18785365166595,0.0905290551202938,descending,False,3.276281179138323,PHRASE_49
180,Hank Mobley,23,2.016326530612247,9,4.463562753036433,66.33333333333333,14,4.988876515698588,0.169500674763821,descending,True,1.0081632653061234,PHRASE_35
180,Hank Mobley,24,9.19183673469388,45,4.895648312611011,64.17777777777778,18,4.615379550487883,0.1372508387606012,descending,True,4.59591836734694,PHRASE_13
180,Hank Mobley,25,3.673469387755091,9,2.4500000000000073,63.333333333333336,12,3.4641016151377544,0.10111111111111,descending,False,1.8367346938775455,PHRASE_52
180,Hank Mobley,26,4.889795918367355,12,2.4540901502504133,61.166666666666664,18,5.096294950473552,0.0901502504173613,ascending,False,2.4448979591836775,PHRASE_30
180,Hank Mobley,27,4.765895691609984,11,2.308065621193663,61.90909090909091,25,5.775410972461305,0.144488428745438,ascending,False,2.382947845804992,PHRASE_42
180,Hank Mobley,28,7.7803174603174625,22,2.827648114901256,63.04545454545455,18,4.800352948456193,0.155587679824662,descending,False,3.8901587301587313,PHRASE_63
180,Hank Mobley,29,4.791473922902497,10,2.087040472494603,64.8,7,2.4413111231467406,0.1890735622610105,ascending,False,2.3957369614512487,PHRASE_39
180,Hank Mobley,30,6.739591836734689,21,3.1159156976744207,64.9047619047619,20,4.417549006974902,0.1732073643410957,ascending,False,3.3697959183673447,PHRASE_63
180,Hank Mobley,31,10.373514739228996,30,2.891980274202582,62.7,20,5.410791685757886,0.1495872971460583,descending,False,5.186757369614497,PHRASE_26
180,Hank Mobley,32,1.6544217687074363,4,2.4177631578948047,66.0,4,1.5811388300841898,0.0912280701754231,flat,False,0.8272108843537183,PHRASE_27
180,Hank Mobley,33,4.255056689342382,12,2.820173942701242,65.5,6,1.707825127659933,0.234652114597529,flat,False,2.127528344671191,PHRASE_24
180,Hank Mobley,34,5.630839002267578,15,2.663901417525771,66.8,13,3.833188403057347,0.2412371134020544,descending,True,2.815419501133789,PHRASE_18
180,Hank Mobley,35,5.247709750566855,18,3.4300677544248037,64.77777777777777,11,2.9355210696939795,0.1825221238937889,descending,False,2.6238548752834276,PHRASE_18
181,Hank Mobley,1,12.767346938775509,16,1.2531969309462918,62.6875,17,5.264488935309865,0.2148195510088093,arch,True,6.383673469387754,PHRASE_45
181,Hank Mobley,2,5.520907029478458,10,1.8112965761976736,65.3,10,3.1,0.0444239994742724,descending,True,2.760453514739229,PHRASE_49
181,Hank Mobley,3,9.799183673469386,17,1.7348383872042654,64.41176470588235,17,4.728621531873269,0.0958939612721693,ascending,False,4.899591836734693,PHRASE_04
181,Hank Mobley,4,3.471383219954646,6,1.7284176421404696,66.66666666666667,7,2.2852182001336816,0.1856187290969889,descending,True,1.735691609977323,PHRASE_39
181,Hank Mobley,5,7.379591836734697,19,2.574668141592919,63.26315789473684,15,4.5519470127241375,0.0586283185840711,descending,True,3.689795918367349,PHRASE_63
181,Hank Mobley,6,16.42231292517007,38,2.313924973488865,63.23684210526316,21,4.630756505925842,0.1823966065747624,descending,True,8.211156462585034,PHRASE_07
181,Hank Mobley,7,13.519818594104308,31,2.2929301738943755,62.87096774193548,16,4.491870330216083,0.1867754401030493,descending,False,6.759909297052154,PHRASE_48
181,Hank Mobley,8,3.355283446712008,8,2.384299307958485,64.625,5,2.117634293262177,0.1678200692041486,arch,False,1.677641723356004,PHRASE_24
181,Hank Mobley,9,3.0530612244897952,8,2.620320855614974,65.5,7,2.692582403567252,0.2593582887700569,arch,False,1.5265306122448976,PHRASE_24
181,Hank Mobley,10,8.979591836734699,16,1.7818181818181809,63.875,7,2.027159342528357,0.2586262626262646,flat,False,4.489795918367349,PHRASE_25
181,Hank Mobley,11,2.0201360544217692,2,0.9900323275862066,67.5,9,4.5,0.1149425287356327,descending,False,1.0100680272108846,PHRASE_52
181,Hank Mobley,12,5.812244897959189,13,2.236657303370784,68.15384615384616,9,3.370600353877945,0.1825842696629187,arch,False,2.9061224489795947,PHRASE_39
181,Hank Mobley,13,8.408163265306115,24,2.8543689320388377,66.75,13,3.3197640478403483,0.1610140237324691,descending,False,4.2040816326530575,PHRASE_09
181,Hank Mobley,14,10.93931972789116,29,2.650987513059051,67.13793103448276,15,4.099824537297062,0.1067111089000597,ascending,False,5.46965986394558,PHRASE_48
181,Hank Mobley,15,5.134693877551001,14,2.726550079491266,63.57142857142857,16,5.010193690500052,0.0445151033386216,flat,True,2.567346938775501,PHRASE_06
181,Hank Mobley,16,0.8243083900226793,2,2.426276408450694,65.5,3,1.5,0.0352112676056187,flat,False,0.4121541950113396,PHRASE_27
181,Hank Mobley,17,6.478367346938768,14,2.1610383064516157,64.07142857142857,10,3.17274747350183,0.1559069780466041,descending,False,3.239183673469384,PHRASE_18
181,Hank Mobley,18,3.494603174603185,7,2.0030886627906916,64.14285714285714,10,3.2261685116103473,0.1976744186046466,flat,False,1.7473015873015925,PHRASE_39
181,Hank Mobley,19,7.000997732426299,10,1.4283678387272314,59.6,12,3.8,0.0872438006892404,descending,False,3.5004988662131495,PHRASE_57
181,Hank Mobley,20,7.0820861678004405,10,1.4120133196721338,59.6,12,3.8,0.0639344262295037,descending,False,3.5410430839002203,PHRASE_57
181,Hank Mobley,21,6.889795918367355,10,1.4514218009478657,65.4,10,3.1048349392520045,0.0094786729857831,descending,False,3.4448979591836775,PHRASE_49
181,Hank Mobley,22,7.358185941043075,19,2.582158177604658,66.10526315789474,12,3.4927705311656965,0.046595335535721,ascending,False,3.6790929705215376,PHRASE_49
181,Hank Mobley,23,13.012244897959192,34,2.6129234629861964,66.73529411764706,13,3.4582282400896607,0.0920953575909653,descending,True,6.506122448979596,PHRASE_48
181,Hank Mobley,24,9.853061224489778,31,3.146230323115167,64.96774193548387,14,3.8393873080407817,0.0953511921200464,descending,False,4.926530612244889,PHRASE_48
181,Hank Mobley,25,2.6354648526077256,6,2.276638215859017,61.666666666666664,7,2.560381915956203,0.1674008810572745,flat,False,1.3177324263038628,PHRASE_21
181,Hank Mobley,26,3.4017233560090574,9,2.645717790102399,61.666666666666664,13,4.760952285695233,0.1945392491467663,descending,False,1.7008616780045287,PHRASE_18
181,Hank Mobley,27,6.780226757369604,14,2.064827696917811,61.92857142857143,3,1.4374722712498649,0.3167808219178046,flat,False,3.390113378684802,PHRASE_62
181,Hank Mobley,28,8.57977324263041,18,2.0979575439783433,64.83333333333333,9,2.773886162848873,0.2449255751014948,flat,False,4.289886621315205,PHRASE_25
181,Hank Mobley,29,3.715192743764163,12,3.229980468750008,64.91666666666667,9,2.628635049264584,0.1843750000000035,flat,False,1.8575963718820816,PHRASE_16
181,Hank Mobley,30,3.227573696145157,8,2.47864208633091,64.375,3,1.4086784586980805,0.305755395683444,flat,False,1.6137868480725786,PHRASE_24
181,Hank Mobley,31,3.3668934240362773,7,2.079067887931037,64.71428571428571,5,1.749635530559413,0.2034482758620472,flat,False,1.683446712018139,PHRASE_24
181,Hank Mobley,32,3.750022675737,10,2.6666505417956383,62.2,9,2.4819347291981715,0.1176470588235329,flat,False,1.8750113378685,PHRASE_59
181,Hank Mobley,33,7.0936961451247385,18,2.5374641980359987,64.33333333333333,10,2.6457513110645907,0.3780687397708601,ascending,False,3.5468480725623692,PHRASE_14
181,Hank Mobley,34,8.008163265306166,22,2.747196738022411,65.68181818181819,12,3.294435579143105,0.1172273190621683,descending,False,4.004081632653083,PHRASE_09
181,Hank Mobley,35,2.906122448979602,10,3.4410112359550444,65.3,13,4.1,0.0730337078651673,descending,False,1.453061224489801,PHRASE_55
181,Hank Mobley,36,13.967346938775506,35,2.5058445353594396,63.2,17,4.664761515876241,0.2255990648743392,flat,False,6.983673469387753,PHRASE_07
181,Hank Mobley,37,7.15102040816322,10,1.3984018264840272,64.1,3,1.1357816691600546,0.0753424657534302,flat,False,3.57551020408161,PHRASE_00
181,Hank Mobley,38,10.073469387755097,17,1.687601296596435,60.411764705882355,17,4.77812199791818,0.0761750405186506,descending,False,5.036734693877548,PHRASE_19
181,Hank Mobley,39,6.815056689342384,18,2.6412106047700243,61.333333333333336,26,6.1553951042064625,0.0851788756388307,ascending,False,3.407528344671192,PHRASE_42
181,Hank Mobley,40,11.180408163265326,34,3.0410338785046673,67.44117647058823,13,3.524629112491531,0.11941848390445,descending,False,5.590204081632663,PHRASE_48
181,Hank Mobley,41,14.245442176870768,33,2.3165304095354493,65.24242424242425,14,2.850096256006666,0.3626731866340645,descending,True,7.122721088435384,PHRASE_45
181,Hank Mobley,42,8.194285714285684,19,2.318688981868907,64.05263157894737,16,4.751439496123102,0.2648159217196856,descending,False,4.097142857142842,PHRASE_43
181,Hank Mobley,43,6.431927437641718,15,2.3321158619133593,60.46666666666667,12,3.593821859184948,0.1750902527075903,ascending,False,3.215963718820859,PHRASE_18
215,John Coltrane,1,7.592698412698412,11,1.448760296023749,66.9090909090909,12,3.848365543366677,0.0406704137523218,descending,True,3.796349206349206,PHRASE_49
215,John Coltrane,2,1.4878004535147404,5,3.360665731878312,63.4,11,4.127953488110059,0.1182100835213094,descending,False,0.7439002267573702,PHRASE_35
215,John Coltrane,3,1.7995011337868476,5,2.7785478464679056,61.2,7,2.5612496949731396,0.1290103077194497,descending,False,0.8997505668934238,PHRASE_21
215,John Coltrane,4,2.844897959183669,9,3.163558106169302,66.66666666666667,12,3.7416573867739418,0.0522078750199248,descending,False,1.4224489795918345,PHRASE_55
215,John Coltrane,5,2.1959183673469376,4,1.821561338289964,62.75,11,4.205650960315181,0.0695167286245359,descending,False,1.0979591836734688,PHRASE_52
215,John Coltrane,6,8.4172335600907,23,2.732489224137932,61.43478260869565,21,4.88854994910709,0.127688577586205,descending,False,4.20861678004535,PHRASE_63
215,John Coltrane,7,8.8584126984127,20,2.257740825688073,60.65,17,4.41899309798058,0.147833387942332,descending,False,4.42920634920635,PHRASE_19
215,John Coltrane,8,8.075646258503397,23,2.8480692769054534,68.56521739130434,14,3.692837803058448,0.1652570927960124,ascending,False,4.037823129251699,PHRASE_09
215,John Coltrane,9,5.952517006802722,12,2.015953921053233,68.83333333333333,17,4.9972214501883165,0.0539644808118656,descending,False,2.976258503401361,PHRASE_04
215,John Coltrane,10,14.160045351473912,34,2.4011222532179928,64.73529411764706,22,5.872712688805703,0.107994452789461,descending,False,7.080022675736956,PHRASE_26
215,John Coltrane,11,3.5741496598639486,7,1.9585078035782244,60.57142857142857,6,1.8405855323893037,0.2496383707651282,arch,False,1.7870748299319743,PHRASE_24
215,John Coltrane,12,8.612698412698421,16,1.8577220788794675,65.1875,9,3.0866395562164364,0.1930546048128093,flat,False,4.306349206349211,PHRASE_25
215,John Coltrane,13,6.327482993197279,12,1.8964887006257125,59.75,14,4.728019317501428,0.3328387841256849,descending,False,3.1637414965986395,PHRASE_43
215,John Coltrane,14,0.7821315192743725,3,3.835672039893327,50.666666666666664,10,4.189935029992179,0.0796706482662571,descending,True,0.3910657596371862,PHRASE_32
215,John Coltrane,15,1.8112925170068053,5,2.760459701044089,56.2,7,2.5612496949731396,0.1988282130248648,descending,False,0.9056462585034026,PHRASE_21
215,John Coltrane,16,11.44730158730158,30,2.620704955766939,61.96666666666667,16,4.207004740773285,0.1808068522619708,descending,False,5.7236507936507905,PHRASE_48
215,John Coltrane,17,3.266802721088439,6,1.8366581983257653,56.166666666666664,7,2.1921577396609844,0.1820137992309049,descending,False,1.6334013605442197,PHRASE_21
215,John Coltrane,18,8.28725623582767,25,3.016679982926,68.64,12,3.5986664196615945,0.1349830901747983,descending,False,4.143628117913835,PHRASE_09
215,John Coltrane,19,4.606258503401364,12,2.6051512287334577,60.666666666666664,19,5.807083796728115,0.160808522369249,descending,False,2.303129251700682,PHRASE_30
215,John Coltrane,20,3.4712925170067876,8,2.3046170729795508,54.125,9,2.8034576865007255,0.1161976431240243,ascending,False,1.7356462585033938,PHRASE_17
215,John Coltrane,21,7.914693877551002,12,1.5161672941055164,64.91666666666667,9,2.7826346428439996,0.1171906783788623,descending,False,3.957346938775501,PHRASE_49
215,John Coltrane,22,6.354512471655312,15,2.360527273635611,63.4,13,3.5175749222061117,0.140846578216772,flat,False,3.177256235827656,PHRASE_18
215,John Coltrane,23,14.47555555555556,36,2.4869511820693884,64.47222222222223,18,4.400038580077775,0.1366945918680614,descending,False,7.237777777777779,PHRASE_07
215,John Coltrane,24,2.426439909297045,15,6.1818963422612,62.266666666666666,14,3.9237170585499097,0.0268396164700975,arch,True,1.2132199546485225,PHRASE_03
215,John Coltrane,25,5.735328798185947,10,1.7435792004048567,69.2,9,2.5612496949731396,0.3080323254048603,descending,False,2.8676643990929733,PHRASE_14
215,John Coltrane,26,7.244671201814072,21,2.898682274875578,63.714285714285715,20,5.504481785589916,0.1126295032708444,descending,False,3.622335600907036,PHRASE_63
215,John Coltrane,27,4.712925170068019,8,1.697459584295615,59.375,8,2.6896793489187516,0.2413587374903772,flat,False,2.3564625850340093,PHRASE_62
215,John Coltrane,28,8.79696145124717,24,2.7282147515375836,59.166666666666664,20,5.296749527356901,0.146582256293403,descending,True,4.398480725623585,PHRASE_19
215,John Coltrane,29,5.3343310657596135,14,2.6245090204213612,67.85714285714286,11,3.757984696561687,0.0124806583802373,arch,True,2.6671655328798067,PHRASE_49
215,John Coltrane,30,10.927346938775486,24,2.1963245181532995,69.95833333333333,14,3.813126087025651,0.0699943556285997,descending,True,5.463673469387743,PHRASE_48
215,John Coltrane,31,5.657142857142844,12,2.121212121212126,66.91666666666667,14,4.050891534245545,0.1703062369729089,descending,True,2.828571428571422,PHRASE_52
215,John Coltrane,32,1.2828571428571252,3,2.338530066815177,65.66666666666667,9,4.0276819911981905,0.0196203202884586,descending,False,0.6414285714285626,PHRASE_59
215,John Coltrane,33,3.4734693877551024,8,2.3031727379553466,69.125,7,2.4717149916606487,0.2450058754406579,descending,False,1.7367346938775512,PHRASE_39
215,John Coltrane,34,2.6383673469387645,11,4.169245049504968,66.81818181818181,9,2.5873180855923104,0.0688600110010989,ascending,False,1.3191836734693825,PHRASE_41
215,John Coltrane,35,3.202902494331056,13,4.058818531943827,58.0,23,6.748219138295787,0.0874348663343887,descending,False,1.601451247165528,PHRASE_10
215,John Coltrane,36,2.919909297052129,13,4.45219309145133,65.15384615384616,18,5.668348746750935,0.0598906560636083,ascending,False,1.4599546485260646,PHRASE_60
215,John Coltrane,37,2.5367800453514633,20,7.88401029748287,62.9,16,4.253234063627348,0.0755148741418515,arch,True,1.2683900226757316,PHRASE_47
215,John Coltrane,38,2.845442176870677,20,7.028784546237148,64.75,16,3.84545185901475,0.0917407797010023,ascending,False,1.4227210884353385,PHRASE_03
215,John Coltrane,39,10.59977324263042,30,2.830249224515982,61.0,21,4.9866488413228645,0.1562905123542663,descending,True,5.29988662131521,PHRASE_19
215,John Coltrane,40,12.749478458049907,33,2.5883411708628827,67.33333333333333,15,3.882100857874132,0.1123802138542891,flat,False,6.374739229024954,PHRASE_48
215,John Coltrane,41,6.382312925170027,11,1.7235131102110537,65.0,12,4.47213595499958,0.1557805727279135,descending,True,3.1911564625850133,PHRASE_52
215,John Coltrane,42,3.7414965986394577,9,2.4054545454545444,68.66666666666667,9,3.197221015541813,0.1382303030302934,descending,False,1.8707482993197289,PHRASE_39
215,John Coltrane,43,1.666031746031706,4,2.400914634146399,65.0,6,2.23606797749979,0.1688262195121853,arch,False,0.833015873015853,PHRASE_24
215,John Coltrane,44,2.803809523809548,9,3.209918478260842,63.666666666666664,11,3.197221015541813,0.0916634316770197,descending,True,1.401904761904774,PHRASE_50
215,John Coltrane,45,5.639546485260723,17,3.0144267884714613,58.88235294117647,12,3.1414188053691032,0.1998761580030623,descending,False,2.8197732426303617,PHRASE_18
215,John Coltrane,46,3.1249433106576134,6,1.9200348305638093,63.166666666666664,16,4.9805175991613115,0.2694289238807226,descending,True,1.5624716553288067,PHRASE_43
216,John Coltrane,1,6.800544217687076,14,2.058658770806658,66.78571428571429,7,2.7302164076594844,0.1038732394366197,descending,True,3.400272108843538,PHRASE_49
216,John Coltrane,2,9.731791383219951,28,2.877168128396075,67.07142857142857,12,3.195181320906434,0.1265646407500955,flat,True,4.8658956916099765,PHRASE_09
216,John Coltrane,3,11.448616780045352,31,2.7077506912478904,67.19354838709677,26,4.734358660376086,0.1172348499853441,descending,True,5.724308390022676,PHRASE_26
216,John Coltrane,4,6.971791383219951,16,2.294962531223981,72.3125,17,4.6330167008116865,0.1282134679433777,descending,True,3.4858956916099757,PHRASE_04
216,John Coltrane,5,11.220408163265304,31,2.7628228446707896,68.12903225806451,22,5.36861810467071,0.1296592700375894,descending,False,5.610204081632652,PHRASE_26
216,John Coltrane,6,5.7266213151927445,17,2.9685916117587428,59.11764705882353,25,7.69172475832212,0.1252850988342645,ascending,False,2.8633106575963723,PHRASE_42
216,John Coltrane,7,12.75065759637188,33,2.588101809697246,67.60606060606061,20,5.70454042415972,0.1610303323469141,descending,False,6.37532879818594,PHRASE_26
216,John Coltrane,8,4.310204081632662,11,2.552083333333328,69.0,9,3.1333978072025612,0.0518518518518541,flat,True,2.155102040816331,PHRASE_59
216,John Coltrane,9,11.24897959183673,31,2.7558055152394787,62.516129032258064,18,3.909219604836053,0.1198395420093526,descending,False,5.624489795918365,PHRASE_48
216,John Coltrane,10,5.553061224489795,12,2.160970231532525,65.83333333333333,14,4.487637339278753,0.0911429621462731,arch,False,2.7765306122448976,PHRASE_52
216,John Coltrane,11,3.977551020408157,12,3.016931759876865,67.91666666666667,19,5.49936865063214,0.1154438173422257,ascending,False,1.9887755102040785,PHRASE_06
216,John Coltrane,12,1.2102040816326536,5,4.131534569983135,76.0,13,4.69041575982343,0.0876897133220898,descending,False,0.6051020408163268,PHRASE_37
216,John Coltrane,13,1.1943764172335565,4,3.3490279465370705,69.75,7,2.8613807855648994,0.0571081409477364,descending,False,0.5971882086167781,PHRASE_59
216,John Coltrane,14,3.722448979591832,13,3.4923245614035134,73.84615384615384,13,4.417555081649609,0.0921052631578983,ascending,False,1.861224489795916,PHRASE_55
216,John Coltrane,15,6.230521541950111,17,2.7285035266372124,68.58823529411765,19,5.541913276853589,0.0951354971139017,descending,False,3.1152607709750555,PHRASE_63
216,John Coltrane,16,11.43727891156462,31,2.7104349067377256,65.35483870967742,18,5.245879409635437,0.1227001649536848,descending,True,5.718639455782309,PHRASE_26
216,John Coltrane,17,4.572879818594089,10,2.186805775944152,65.4,8,2.8705400188814645,0.208187876864492,ascending,True,2.2864399092970444,PHRASE_39
216,John Coltrane,18,10.845986394557826,30,2.7660001505306195,64.1,13,3.477067730142742,0.1178822014266957,ascending,False,5.422993197278913,PHRASE_48
216,John Coltrane,19,3.7845804988662337,6,1.5853804673457077,66.33333333333333,9,3.2489314482696545,0.0321869382864059,descending,True,1.8922902494331169,PHRASE_59
217,John Coltrane,1,5.914920634920634,11,1.8597037355088024,63.45454545454545,14,4.559976801448892,0.1885159173158316,ascending,False,2.957460317460317,PHRASE_18
217,John Coltrane,2,2.497959183673469,6,2.401960784313726,62.333333333333336,5,1.5986105077709063,0.0620915032679728,flat,True,1.2489795918367346,PHRASE_27
217,John Coltrane,3,1.6790929705215412,4,2.3822385479688863,62.75,11,4.205650960315181,0.2176966292134836,descending,True,0.8395464852607706,PHRASE_18
217,John Coltrane,4,8.51428571428572,22,2.583892617449663,62.95454545454545,12,2.946141895108873,0.245445829338447,descending,True,4.25714285714286,PHRASE_25
217,John Coltrane,5,8.302040816326532,22,2.6499508357915436,65.5909090909091,12,3.857213913377598,0.1396263520157331,arch,False,4.151020408163266,PHRASE_09
217,John Coltrane,6,9.82857142857143,27,2.7470930232558137,62.629629629629626,17,4.252651879824392,0.2441860465116292,descending,True,4.914285714285715,PHRASE_19
217,John Coltrane,7,11.35510204081632,30,2.6419841840402603,64.63333333333334,12,3.1035821597344935,0.1193386053199107,flat,False,5.67755102040816,PHRASE_48
217,John Coltrane,8,11.795918367346944,30,2.543252595155709,58.56666666666667,13,3.6302739413009713,0.2934256055363338,descending,False,5.897959183673471,PHRASE_45
217,John Coltrane,9,9.97551020408163,30,3.007364975450083,67.63333333333334,15,3.953760516549051,0.1219312602291316,ascending,False,4.987755102040815,PHRASE_48
217,John Coltrane,10,4.4647619047619,15,3.359641638225259,65.46666666666667,14,4.333846123505335,0.1023890784982868,flat,True,2.23238095238095,PHRASE_35
217,John Coltrane,11,1.992199546485267,6,3.0117464942633303,67.0,8,2.768874620972692,0.348752504097618,descending,True,0.9960997732426335,PHRASE_02
217,John Coltrane,12,12.016326530612249,34,2.8294836956521734,64.61764705882354,16,3.638153263614684,0.1419836956521804,descending,False,6.008163265306123,PHRASE_48
217,John Coltrane,13,10.708571428571418,30,2.801494130202778,65.6,21,4.779121258139408,0.1833612847486873,descending,True,5.354285714285709,PHRASE_26
217,John Coltrane,14,6.585215419501139,14,2.1259744910608505,60.357142857142854,14,3.7149724639845263,0.1161951461392235,flat,False,3.2926077097505697,PHRASE_30
217,John Coltrane,15,4.787755102040819,17,3.5507246376811574,65.6470588235294,15,3.5800291893418676,0.1023965141612394,ascending,True,2.3938775510204096,PHRASE_50
217,John Coltrane,16,3.285714285714306,12,3.652173913043456,61.666666666666664,12,3.5668224265054493,0.0708074534161636,flat,False,1.642857142857153,PHRASE_50
217,John Coltrane,17,5.624489795918379,23,4.089259796806958,64.26086956521739,14,4.214028242248149,0.2010159651669109,ascending,False,2.8122448979591894,PHRASE_58
217,John Coltrane,18,11.975510204081615,45,3.757668711656447,63.08888888888889,13,3.1890243873651825,0.2213890782397871,descending,False,5.987755102040808,PHRASE_29
217,John Coltrane,19,4.089795918367344,20,4.890219560878248,67.0,12,3.5777087639996634,0.0508982035928084,ascending,False,2.044897959183672,PHRASE_03
217,John Coltrane,20,13.530612244897952,38,2.8084464555052806,63.8421052631579,22,5.065498966379655,0.2153846153846215,descending,False,6.765306122448976,PHRASE_26
217,John Coltrane,21,5.946938775510205,13,2.1859986273164034,59.0,8,2.385855756810896,0.2566918325326011,descending,False,2.9734693877551024,PHRASE_62
218,John Coltrane,1,10.97142857142857,16,1.4583333333333337,63.25,7,1.8874586088176877,0.0897156084656084,flat,False,5.485714285714285,PHRASE_33
218,John Coltrane,2,13.135238095238098,30,2.283932714617169,63.266666666666666,15,3.539617053988876,0.1535120428681911,flat,True,6.567619047619049,PHRASE_48
218,John Coltrane,3,4.489795918367346,8,1.7818181818181824,61.875,10,3.179524335494226,0.1236363636363643,descending,False,2.244897959183673,PHRASE_52
218,John Coltrane,4,6.383673469387752,28,4.386189258312023,62.214285714285715,20,5.253278859484827,0.1514208581983512,ascending,False,3.191836734693876,PHRASE_22
218,John Coltrane,5,3.916099773242628,16,4.0856977417486995,67.5625,12,3.88858505757557,0.1627099015634077,arch,False,1.958049886621314,PHRASE_35
218,John Coltrane,6,1.2471655328798192,8,6.414545454545451,64.375,10,3.276335605520289,0.0783272727272749,ascending,True,0.6235827664399096,PHRASE_47
218,John Coltrane,7,9.179047619047616,35,3.813031749325588,64.82857142857142,15,3.517188116222668,0.1351989644166457,flat,False,4.589523809523808,PHRASE_13
218,John Coltrane,8,9.91492063492064,36,3.630891393442621,63.0,20,5.6075346137535735,0.130246450526931,descending,False,4.9574603174603205,PHRASE_13
218,John Coltrane,9,6.9093877551020455,28,4.052457466918712,62.285714285714285,12,3.080551236121118,0.1647500525099784,flat,False,3.4546938775510228,PHRASE_09
218,John Coltrane,10,7.475691609977318,16,2.1402702030466108,62.375,17,4.871793817476269,0.1482537506294021,flat,False,3.737845804988659,PHRASE_63
218,John Coltrane,11,5.754195011337856,15,2.606793820933171,67.6,17,5.187163643713843,0.2226828499369494,ascending,False,2.877097505668928,PHRASE_43
218,John Coltrane,12,8.27210884353741,22,2.659539473684212,67.4090909090909,15,4.448279451950453,0.1583552631578982,arch,False,4.136054421768705,PHRASE_09
218,John Coltrane,13,2.9092970521542014,12,4.124707716289937,60.416666666666664,16,4.499228328897696,0.1390179267342136,arch,True,1.4546485260771007,PHRASE_35
218,John Coltrane,14,2.5498412698412807,12,4.7061752988047605,62.583333333333336,12,4.172495922373349,0.199203187251,ascending,False,1.2749206349206403,PHRASE_35
218,John Coltrane,15,7.981859410430843,37,4.635511363636361,62.5945945945946,18,4.462816099544004,0.1485227272727301,descending,False,3.9909297052154216,PHRASE_13
218,John Coltrane,16,3.146303854875285,9,2.86049930811808,66.44444444444444,7,2.499382639822665,0.1716732011070144,flat,False,1.5731519274376424,PHRASE_39
218,John Coltrane,17,2.507755102040818,6,2.3925781249999982,69.16666666666667,3,1.2133516482134197,0.0416666666666671,arch,False,1.253877551020409,PHRASE_27
218,John Coltrane,18,5.706303854875301,28,4.906854018311277,66.07142857142857,21,4.956442931237305,0.1419125127161787,flat,False,2.8531519274376507,PHRASE_22
218,John Coltrane,19,15.31655328798186,70,4.570218813845379,65.47142857142858,24,5.320369022033363,0.1984751132561457,descending,False,7.658276643990931,PHRASE_44
218,John Coltrane,20,7.2715192743764305,28,3.8506395903627912,67.0,13,3.295017884191656,0.1464852155148142,flat,True,3.6357596371882153,PHRASE_09
218,John Coltrane,21,4.908299319727888,18,3.667258010865952,64.44444444444444,18,5.101440125888443,0.2643770558450679,descending,False,2.454149659863944,PHRASE_43
218,John Coltrane,22,3.2740136054421782,12,3.6652260638297856,65.41666666666667,11,3.5697416651006493,0.1139184397163232,flat,True,1.6370068027210891,PHRASE_50
218,John Coltrane,23,8.904852607709728,27,3.032054677314219,67.25925925925925,17,3.8929432128802706,0.1539276401564551,ascending,False,4.452426303854864,PHRASE_09
218,John Coltrane,24,12.062766439909296,51,4.227885887872955,64.52941176470588,20,4.799317521646914,0.1360157001924952,flat,False,6.031383219954648,PHRASE_23
218,John Coltrane,25,5.688888888888897,24,4.218749999999994,66.20833333333333,22,5.794963090669536,0.2679448341836667,flat,False,2.8444444444444485,PHRASE_01
218,John Coltrane,26,8.86276643990928,31,3.4977791878172657,67.19354838709677,16,4.130292146495284,0.1362371049615122,flat,False,4.43138321995464,PHRASE_09
218,John Coltrane,27,3.3668934240362773,12,3.5641163793103487,67.41666666666667,15,4.2122506520333705,0.0931034482758633,ascending,True,1.683446712018139,PHRASE_55
218,John Coltrane,28,3.1346938775510296,15,4.785156249999986,64.93333333333334,13,3.802922852520443,0.1935185185184986,descending,True,1.5673469387755148,PHRASE_35
218,John Coltrane,29,9.32281179138323,33,3.539704623287667,67.18181818181819,19,4.137445745901145,0.1805728518057281,ascending,True,4.661405895691615,PHRASE_13
218,John Coltrane,30,11.649070294784565,50,4.292188023140836,64.04,18,4.28,0.1972732439987219,descending,False,5.824535147392282,PHRASE_23
218,John Coltrane,31,0.580498866213162,2,3.44531249999994,65.0,2,1.0,0.0600000000000323,arch,False,0.290249433106581,PHRASE_27
218,John Coltrane,32,9.496961451247188,37,3.895982961491433,67.27027027027027,17,3.688174298576968,0.1797973334352075,flat,False,4.748480725623594,PHRASE_13
218,John Coltrane,33,12.923038548752912,44,3.4047720150340375,64.02272727272727,16,4.250607637650904,0.1974536151575826,descending,False,6.461519274376457,PHRASE_07
218,John Coltrane,34,3.7979138321995265,16,4.212839128773427,64.0,17,4.911720676097125,0.1249522353840153,ascending,True,1.8989569160997632,PHRASE_60
218,John Coltrane,35,5.131609977324274,20,3.8974123303167336,67.5,14,4.043513323831146,0.2446266968325983,descending,False,2.565804988662137,PHRASE_58
218,John Coltrane,36,5.951564625850324,15,2.520345647403079,66.06666666666666,12,3.696244340167763,0.1055154230675486,descending,False,2.975782312925162,PHRASE_49
218,John Coltrane,37,2.3684353741496693,11,4.644416360294099,61.81818181818182,11,3.325334756031251,0.0980392156863286,descending,False,1.1842176870748349,PHRASE_03
218,John Coltrane,38,2.159455782312932,3,1.389238911290318,58.666666666666664,8,3.299831645537222,0.4408602150537702,ascending,True,1.079727891156466,PHRASE_62
218,John Coltrane,39,2.2987755102040524,4,1.7400568181818403,60.25,7,2.680951323690902,0.0656565656565535,ascending,True,1.1493877551020262,PHRASE_21
218,John Coltrane,40,4.8857142857143,13,2.6608187134502845,60.38461538461539,13,3.584978522378783,0.1730808502738342,ascending,True,2.44285714285715,PHRASE_18
218,John Coltrane,41,7.476825396825404,23,3.076171874999997,63.608695652173914,14,3.9643973217582142,0.1755022321428569,flat,False,3.738412698412702,PHRASE_09
218,John Coltrane,42,2.939047619047585,12,4.082955281918388,63.416666666666664,19,5.765679106189968,0.1491219948769861,ascending,True,1.4695238095237926,PHRASE_60
218,John Coltrane,43,2.8908843537415123,11,3.805064006024076,65.0,19,5.8775381364525865,0.1017978162650569,ascending,True,1.4454421768707562,PHRASE_06
218,John Coltrane,44,2.315918367346967,10,4.3179414874867295,64.9,22,6.640030120413611,0.0821681745192682,ascending,True,1.1579591836734835,PHRASE_60
218,John Coltrane,45,11.284897959183638,38,3.3673321759259363,64.73684210526316,19,4.733332032824656,0.1783613040123486,flat,True,5.642448979591819,PHRASE_13
219,John Coltrane,1,8.823582766439912,11,1.2466591282894732,65.18181818181819,7,2.4796693994519736,0.0714175575657894,ascending,False,4.411791383219956,PHRASE_49
219,John Coltrane,2,3.6034920634920624,5,1.387542947757907,67.4,9,3.1368774282716245,0.0379702228878514,descending,False,1.8017460317460312,PHRASE_59
219,John Coltrane,3,5.7353287981859395,10,1.7435792004048587,69.2,8,2.2271057451320084,0.1564793142712546,ascending,False,2.8676643990929698,PHRASE_39
219,John Coltrane,4,6.159092970521542,11,1.7859772620169652,66.0,15,4.492417854765759,0.070040056550425,descending,False,3.079546485260771,PHRASE_52
219,John Coltrane,5,9.756417233560086,29,2.9724026049486603,62.6551724137931,22,6.216085152686206,0.1944321779025579,descending,True,4.878208616780043,PHRASE_26
219,John Coltrane,6,9.528888888888886,14,1.469216417910448,65.71428571428571,12,3.238795442501324,0.161399634480656,arch,False,4.764444444444443,PHRASE_25
219,John Coltrane,7,6.263582766439924,8,1.277224281742351,64.5,3,1.224744871391589,0.0991658943466199,flat,False,3.131791383219962,PHRASE_00
219,John Coltrane,8,7.724399092970515,25,3.236497713168512,66.04,13,3.2921725349683606,0.1102787057531828,arch,False,3.8621995464852574,PHRASE_09
219,John Coltrane,9,8.701678004535154,18,2.068566544362907,69.94444444444444,12,3.1175528547996,0.1967405353569014,arch,False,4.350839002267577,PHRASE_25
219,John Coltrane,10,2.67573696145125,18,6.72711864406779,62.55555555555556,16,4.728427295767381,0.1250847457627162,arch,True,1.337868480725625,PHRASE_60
219,John Coltrane,11,7.159455782312918,13,1.8157804720459143,69.61538461538461,10,3.606371744532628,0.1197724652553428,flat,False,3.579727891156459,PHRASE_49
219,John Coltrane,12,4.979319727891152,21,4.217443576151706,67.14285714285714,14,3.5494562197303283,0.1046323114195715,descending,False,2.489659863945576,PHRASE_22
219,John Coltrane,13,8.576961451247158,13,1.515688285868383,65.3076923076923,12,3.36005071812947,0.1256649147111369,arch,False,4.288480725623579,PHRASE_25
219,John Coltrane,14,10.492517006802755,12,1.1436721991701206,69.0,12,3.719318934070233,0.0762102351314011,ascending,False,5.2462585034013784,PHRASE_04
219,John Coltrane,15,13.865396825396829,34,2.452147632567084,58.52941176470589,21,5.6995113006067415,0.1526140541389181,descending,False,6.932698412698414,PHRASE_26
219,John Coltrane,16,14.753378684807243,53,3.5923974522919564,62.35849056603774,18,4.56440014295475,0.1370223047413019,descending,False,7.376689342403623,PHRASE_23
219,John Coltrane,17,5.050340136054416,17,3.366109913793107,67.3529411764706,15,4.028445569003278,0.0995599856321762,arch,True,2.525170068027208,PHRASE_55
219,John Coltrane,18,6.294058956916103,27,4.289759626469908,58.851851851851855,24,6.5189393803531255,0.1281848051648574,descending,False,3.1470294784580517,PHRASE_10
219,John Coltrane,19,5.877913832199539,9,1.5311554842293704,65.77777777777777,7,2.698879511442471,0.0635068822912231,ascending,False,2.9389569160997695,PHRASE_49
219,John Coltrane,20,12.839183673469392,26,2.0250508646998977,62.03846153846154,22,6.073148779230965,0.1082005199502654,descending,False,6.419591836734696,PHRASE_26
219,John Coltrane,21,2.9554648526076903,11,3.7219187331205745,61.45454545454545,16,5.176233034722458,0.0783206481708725,ascending,False,1.4777324263038452,PHRASE_06
219,John Coltrane,22,9.097414965986417,12,1.3190560224927437,68.25,12,4.322904116447646,0.1129722130828769,flat,True,4.548707482993208,PHRASE_04
219,John Coltrane,23,13.218956916099785,20,1.5129786810668373,58.35,18,5.606023546151051,0.1254948915527106,descending,True,6.609478458049892,PHRASE_19
219,John Coltrane,24,4.506666666666661,4,0.8875739644970426,65.0,3,1.224744871391589,0.02232017067182,flat,False,2.2533333333333303,PHRASE_00
220,John Coltrane,1,10.636734693877552,13,1.2221795855717574,64.61538461538461,12,3.2472109106469893,0.1243284727551803,ascending,False,5.318367346938776,PHRASE_25
220,John Coltrane,2,2.3575510204081667,5,2.120844875346257,70.2,4,1.6,0.0878731917513086,flat,False,1.178775510204083,PHRASE_34
220,John Coltrane,3,7.047256235827664,11,1.560891165568369,69.0,8,2.1320071635561044,0.121396210873146,ascending,False,3.523628117913832,PHRASE_49
220,John Coltrane,4,3.773242630385486,7,1.85516826923077,68.71428571428571,9,2.962348764761103,0.0323076923076914,descending,False,1.886621315192743,PHRASE_59
220,John Coltrane,5,12.247074829931975,34,2.7761731247778165,63.088235294117645,22,6.518605259783105,0.1445520796302879,descending,False,6.123537414965988,PHRASE_26
220,John Coltrane,6,9.618866213151932,17,1.7673600633675308,65.6470588235294,12,2.9890225919794116,0.1659625829812898,arch,False,4.809433106575966,PHRASE_25
220,John Coltrane,7,3.221768707482994,6,1.8623310810810807,64.66666666666667,3,1.247219128924647,0.0378378378378412,flat,False,1.610884353741497,PHRASE_27
220,John Coltrane,8,3.593287981859405,8,2.2263731825525075,63.75,7,2.331844763272204,0.1316639741518521,descending,False,1.7966439909297025,PHRASE_59
220,John Coltrane,9,6.710566893424044,14,2.0862618944636653,61.285714285714285,12,2.986363565766696,0.1029411764705902,flat,True,3.355283446712022,PHRASE_57
220,John Coltrane,10,11.110748299319724,30,2.7000881661442016,66.1,23,5.146843692983109,0.1475966562173448,descending,False,5.555374149659862,PHRASE_26
220,John Coltrane,11,9.757551020408172,32,3.279511419727262,68.375,12,3.4977671449083054,0.1749165713860792,flat,False,4.878775510204086,PHRASE_29
220,John Coltrane,12,11.763265306122449,19,1.6151977793199168,65.26315789473684,12,2.917138202221267,0.1266481609993062,arch,False,5.881632653061224,PHRASE_48
220,John Coltrane,13,2.5367800453514775,13,5.1246066933638375,58.76923076923077,10,3.0167187001734734,0.144164759725402,descending,False,1.2683900226757387,PHRASE_53
220,John Coltrane,14,12.563265306122446,22,1.7511371020142954,68.81818181818181,12,2.9485954073139737,0.1910331384015622,ascending,False,6.281632653061223,PHRASE_25
220,John Coltrane,15,10.75102040816327,26,2.418375094912679,68.61538461538461,17,4.583221264543456,0.1119969627942222,descending,False,5.375510204081635,PHRASE_48
220,John Coltrane,16,15.76734693877549,28,1.7758219000776625,69.57142857142857,14,3.5799897388976194,0.1509534903788094,ascending,False,7.883673469387745,PHRASE_07
220,John Coltrane,17,3.779047619047617,11,2.9107862903225823,66.36363636363636,12,3.3377381364883307,0.0675883256528493,ascending,False,1.8895238095238085,PHRASE_55
220,John Coltrane,18,8.564263038548773,23,2.685578420054854,60.43478260869565,19,5.844552178750082,0.1935692271846321,descending,False,4.282131519274387,PHRASE_19
220,John Coltrane,19,8.777142857142849,12,1.367187500000001,69.25,9,2.6180463454008347,0.1309523809523826,flat,False,4.388571428571424,PHRASE_25
220,John Coltrane,20,11.400997732426305,17,1.4910975687372707,66.05882352941177,21,6.439497498072475,0.1257637474541752,descending,False,5.700498866213152,PHRASE_26
220,John Coltrane,21,8.092154195011346,14,1.7300708393113324,68.42857142857143,12,4.2378277069118075,0.1599713055954063,flat,False,4.046077097505673,PHRASE_25
220,John Coltrane,22,7.511655328798184,10,1.3312644899536323,62.3,11,3.195309061734091,0.1476043276661503,descending,True,3.755827664399092,PHRASE_57
220,John Coltrane,23,5.439274376417245,11,2.022328575240124,53.72727272727273,11,3.249920533039905,0.1355389541088599,flat,False,2.7196371882086225,PHRASE_17
220,John Coltrane,24,4.835555555555544,10,2.0680147058823577,63.8,4,1.469693845669907,0.076830732292913,flat,False,2.417777777777772,PHRASE_00
221,John Coltrane,1,10.860090702947844,62,5.708976259578645,59.274193548387096,24,5.886478093872073,0.0824713423673604,descending,True,5.430045351473923,PHRASE_23
221,John Coltrane,2,8.615419501133783,40,4.642838342896249,65.225,16,4.14419775107318,0.0745170290045794,descending,False,4.307709750566891,PHRASE_13
221,John Coltrane,3,3.061043083900227,17,5.5536624392556595,63.8235294117647,17,4.69336570713381,0.0762711864406774,descending,True,1.5305215419501137,PHRASE_60
221,John Coltrane,4,3.357369614512475,20,5.957044441442653,56.25,12,2.790609252475165,0.1096582466567607,descending,False,1.6786848072562377,PHRASE_32
221,John Coltrane,5,4.879183673469392,28,5.738664882047845,60.392857142857146,24,7.354975408885208,0.0794898964549295,ascending,False,2.439591836734696,PHRASE_10
221,John Coltrane,6,10.798004535147392,59,5.463972515287951,64.50847457627118,19,4.064617401704002,0.0666915865869252,flat,True,5.399002267573696,PHRASE_23
221,John Coltrane,7,1.3888435374149637,8,5.760188087774305,67.5,8,3.0,0.0971786833855829,ascending,True,0.6944217687074818,PHRASE_41
221,John Coltrane,8,3.2783673469387793,21,6.405627490039834,64.76190476190476,15,4.046218244999619,0.0803452855245653,ascending,False,1.6391836734693896,PHRASE_03
221,John Coltrane,9,1.2023582766439986,7,5.8218919734459496,63.57142857142857,7,2.610809554642438,0.0681955340977749,descending,False,0.6011791383219993,PHRASE_41
221,John Coltrane,10,0.5081179138322014,3,5.904141378079236,67.0,2,0.816496580927726,0.0625669403784341,flat,False,0.2540589569161007,PHRASE_61
221,John Coltrane,11,3.607074829931967,20,5.544659022329519,65.2,18,5.230678732248808,0.1335747334540369,descending,False,1.8035374149659835,PHRASE_60
221,John Coltrane,12,6.042630385487527,31,5.130216151305915,61.41935483870968,23,6.539084445869967,0.1581882317622373,descending,False,3.0213151927437636,PHRASE_10
221,John Coltrane,13,7.222131519274384,42,5.8154576509595035,58.92857142857143,28,7.7747848144861615,0.080321259921635,ascending,True,3.611065759637192,PHRASE_10
221,John Coltrane,14,4.937414965986392,28,5.670983742077711,64.82142857142857,13,3.525960572550929,0.0662533296592309,descending,False,2.468707482993196,PHRASE_22
221,John Coltrane,15,9.122086167800449,50,5.481202334669044,65.3,17,4.1340053217188775,0.0874705431983369,arch,True,4.561043083900223,PHRASE_13
221,John Coltrane,16,3.989387755102044,20,5.013300593411087,63.8,16,4.354308211415448,0.0951276629606923,descending,False,1.994693877551022,PHRASE_60
221,John Coltrane,17,6.3637188208616635,38,5.971351197263411,65.36842105263158,14,3.2960985919686685,0.1097206385404748,descending,False,3.181859410430832,PHRASE_22
221,John Coltrane,18,6.121723356009056,32,5.227286196882606,59.53125,20,4.8540213676394135,0.1624562911159864,flat,False,3.060861678004528,PHRASE_22
221,John Coltrane,19,3.5845804988662167,21,5.858426113360318,66.28571428571429,14,3.6793226232536873,0.0985829959514162,descending,True,1.7922902494331083,PHRASE_03
221,John Coltrane,20,10.323900226757374,58,5.618031821895781,62.1551724137931,21,4.593104742673526,0.1856819040423115,ascending,False,5.161950113378687,PHRASE_23
221,John Coltrane,21,5.636643990929727,32,5.677136972193593,64.59375,16,4.053234626505108,0.1185794284243145,flat,False,2.8183219954648635,PHRASE_22
221,John Coltrane,22,5.766893424036283,31,5.375511167033657,65.29032258064517,18,4.065540065596942,0.1522963195973501,arch,False,2.8834467120181415,PHRASE_22
221,John Coltrane,23,10.528798185941042,61,5.793633700895934,64.81967213114754,16,4.067093845919763,0.1315730530668505,descending,False,5.264399092970521,PHRASE_23
221,John Coltrane,24,3.718730158730154,23,6.184906948949983,64.56521739130434,13,3.808755210969701,0.1759799019488387,descending,True,1.859365079365077,PHRASE_03
221,John Coltrane,25,4.014149659863932,20,4.982375271149691,57.55,23,6.3519681989128385,0.1587129428777986,ascending,False,2.007074829931966,PHRASE_10
221,John Coltrane,26,9.225578231292502,47,5.094531618688069,57.59574468085106,21,4.970806580673976,0.2050348041529037,ascending,False,4.612789115646251,PHRASE_23
221,John Coltrane,27,10.637687074829929,48,4.512259071201097,65.25,19,4.8498281756504875,0.118949868051388,ascending,False,5.318843537414963,PHRASE_23
222,John Coltrane,1,12.368979591836734,55,4.446607708553326,63.018181818181816,22,5.472213808591743,0.2592837029215067,ascending,True,6.184489795918367,PHRASE_23
222,John Coltrane,2,10.102040816326529,48,4.751515151515153,61.645833333333336,18,4.784913719760844,0.2226262626262624,descending,True,5.051020408163264,PHRASE_23
222,John Coltrane,3,2.1918367346938794,9,4.1061452513966445,67.0,13,3.829708431025352,0.1657355679702069,flat,False,1.0959183673469397,PHRASE_35
222,John Coltrane,4,7.616326530612248,26,3.413719185423364,68.46153846153847,12,3.3767390873304564,0.1645051804215797,descending,False,3.808163265306124,PHRASE_09
222,John Coltrane,5,6.510204081632651,29,4.454545454545456,63.96551724137931,17,4.089370229068577,0.1949843260188062,descending,True,3.255102040816326,PHRASE_22
222,John Coltrane,6,5.561224489795919,18,3.236697247706422,66.72222222222223,14,3.5715784800989847,0.2366972477064192,flat,False,2.7806122448979593,PHRASE_58
222,John Coltrane,7,4.093877551020405,18,4.396809571286145,63.72222222222222,12,3.663719354177233,0.1415752741774639,flat,False,2.046938775510202,PHRASE_35
222,John Coltrane,8,12.632653061224495,59,4.670436187399028,64.86440677966101,23,5.312146704882248,0.2606785137318244,flat,True,6.316326530612248,PHRASE_23
222,John Coltrane,9,12.82244897959184,55,4.289352220276936,63.50909090909091,23,6.193464964336426,0.1812545316285594,descending,False,6.41122448979592,PHRASE_23
222,John Coltrane,10,8.763265306122435,42,4.792734047508159,62.73809523809524,21,5.64868094088187,0.245458779692596,ascending,True,4.381632653061217,PHRASE_01
222,John Coltrane,11,7.662131519274368,31,4.045871559633032,63.29032258064516,17,4.175145725771209,0.1935247114530882,ascending,True,3.831065759637184,PHRASE_13
222,John Coltrane,12,5.771428571428572,23,3.9851485148514847,68.52173913043478,14,3.740141420453316,0.1331840326889862,ascending,True,2.885714285714286,PHRASE_09
222,John Coltrane,13,7.48571428571428,26,3.473282442748094,69.3076923076923,13,3.5709213502877417,0.1834666181994438,descending,True,3.74285714285714,PHRASE_09
222,John Coltrane,14,11.070113378684807,47,4.245665639748295,65.72340425531915,20,4.413239885094186,0.1711867461982139,ascending,False,5.5350566893424045,PHRASE_23
222,John Coltrane,15,2.821224489795924,12,4.253472222222214,67.08333333333333,14,4.310033513661917,0.0846836419752989,arch,True,1.410612244897962,PHRASE_03
222,John Coltrane,16,2.7515646258503637,12,4.361155063291102,68.75,12,3.467107343785787,0.1561181434599287,ascending,True,1.3757823129251818,PHRASE_16
222,John Coltrane,17,7.52018140589567,31,4.122240984199746,64.54838709677419,18,4.286804281388442,0.1639488602098668,descending,True,3.760090702947835,PHRASE_13
222,John Coltrane,18,7.955736961451265,43,5.404904688070035,64.18604651162791,22,5.751666346831892,0.1454133983947504,ascending,True,3.9778684807256326,PHRASE_13
222,John Coltrane,19,2.554195011337896,9,3.523615056818144,66.11111111111111,12,3.5728744868474505,0.1250000000000125,ascending,False,1.277097505668948,PHRASE_16
222,John Coltrane,20,2.7424036281178985,11,4.011079874317866,68.45454545454545,14,4.250425355476712,0.0602612865884053,arch,True,1.3712018140589493,PHRASE_55
222,John Coltrane,21,8.655238095238104,40,4.621478873239432,63.325,20,4.573770326546797,0.2240159708249516,flat,True,4.327619047619052,PHRASE_13
222,John Coltrane,22,12.67809523809524,54,4.259314903846153,65.07407407407408,17,3.948050863925471,0.1916208791208758,flat,False,6.339047619047619,PHRASE_23
222,John Coltrane,23,6.317278911564642,23,3.640808063404539,64.08695652173913,13,3.682072236476544,0.1947507466115332,ascending,True,3.158639455782321,PHRASE_09
222,John Coltrane,24,5.76435374149662,22,3.8165596676737015,68.9090909090909,11,2.761901369266057,0.1903323262839944,descending,False,2.88217687074831,PHRASE_58
222,John Coltrane,25,9.189297052154217,43,4.679356838281732,64.95348837209302,18,4.136921045685654,0.1626658243840843,descending,False,4.594648526077108,PHRASE_13
222,John Coltrane,26,8.6378231292517,34,3.936176915322581,63.411764705882355,15,4.305384092032997,0.2095671622983848,descending,False,4.31891156462585,PHRASE_13
222,John Coltrane,27,5.748390022675721,19,3.305273289573349,65.57894736842105,13,3.3921859040677935,0.0987282251956606,flat,False,2.8741950113378607,PHRASE_50
222,John Coltrane,28,7.714829931972787,34,4.407096501128669,66.26470588235294,19,4.526450521684681,0.2477661775771267,ascending,True,3.8574149659863934,PHRASE_01
222,John Coltrane,29,4.87346938775508,24,4.924623115577912,64.75,15,3.538478957593691,0.2489205285687626,descending,True,2.43673469387754,PHRASE_58
222,John Coltrane,30,9.089795918367344,38,4.180511899416256,62.31578947368421,17,4.237087276332365,0.1493089856807859,ascending,False,4.544897959183672,PHRASE_13
222,John Coltrane,31,2.542585034013598,12,4.719606164383576,68.75,12,3.467107343785787,0.1796339897260331,ascending,False,1.271292517006799,PHRASE_16
222,John Coltrane,32,2.644036281179126,12,4.538515634380221,69.58333333333333,12,3.200477394945253,0.23610229670161,descending,False,1.322018140589563,PHRASE_58
222,John Coltrane,33,9.13124716553287,42,4.599590750158938,65.97619047619048,15,3.661173993589743,0.2608570406865889,ascending,False,4.565623582766435,PHRASE_29
222,John Coltrane,34,6.873106575963732,24,3.4918707770270205,66.41666666666667,17,4.846963539738622,0.1186655405405236,flat,False,3.436553287981866,PHRASE_63
222,John Coltrane,35,2.925714285714264,10,3.4179687500000253,71.0,7,1.8973665961010275,0.1835317460317328,flat,False,1.462857142857132,PHRASE_16
222,John Coltrane,36,13.934875283446727,51,3.6598820558216993,68.17647058823529,17,4.232024882024694,0.2371446052905582,descending,False,6.9674376417233645,PHRASE_07
222,John Coltrane,37,9.813333333333276,41,4.177989130434807,62.46341463414634,16,4.0188431837278245,0.2129362614610842,descending,False,4.906666666666638,PHRASE_13
223,John Coltrane,1,13.744897959183676,69,5.020044543429844,65.02898550724638,23,5.555963018033956,0.2496015837663938,ascending,True,6.872448979591837,PHRASE_44
223,John Coltrane,2,9.856598639455784,28,2.840736548601717,67.28571428571429,13,3.3896601479156208,0.155863217660971,flat,True,4.928299319727891,PHRASE_09
223,John Coltrane,3,14.48571428571428,72,4.970414201183433,63.94444444444444,23,5.209203630991574,0.2357346357346349,arch,True,7.24285714285714,PHRASE_44
223,John Coltrane,4,2.224489795918373,8,3.596330275229348,65.375,14,5.02338282435253,0.1908256880733979,descending,False,1.1122448979591866,PHRASE_35
223,John Coltrane,5,2.754920634920637,8,2.9038949066605184,66.75,12,3.733296130767019,0.1317946860698662,descending,True,1.3774603174603186,PHRASE_52
223,John Coltrane,6,3.902040816326533,13,3.3315899581589936,67.76923076923077,13,3.82610157398335,0.1257322175732237,descending,False,1.9510204081632665,PHRASE_55
224,John Coltrane,1,4.507936507936508,9,1.9964788732394367,65.11111111111111,7,2.1829869671542776,0.072434607645875,arch,False,2.253968253968254,PHRASE_00
224,John Coltrane,2,1.885714285714287,3,1.5909090909090895,65.33333333333333,7,2.8674417556808756,0.0259740259740262,descending,False,0.9428571428571436,PHRASE_59
224,John Coltrane,3,1.8590476190476188,7,3.7653688524590168,66.14285714285714,7,2.4159335036125373,0.0307377049180326,descending,True,0.9295238095238094,PHRASE_41
224,John Coltrane,4,12.375510204081634,38,3.0705804749340366,68.57894736842105,8,2.3354429191930306,0.1414101436528884,flat,False,6.187755102040817,PHRASE_29
224,John Coltrane,5,7.437460317460317,33,4.436998463377155,64.0909090909091,17,4.6080537952170575,0.1164296690163179,descending,False,3.718730158730158,PHRASE_13
224,John Coltrane,6,2.2326530612244966,9,4.031078610603278,67.33333333333333,12,4.2946995755750415,0.1901279707495398,flat,False,1.1163265306122483,PHRASE_35
224,John Coltrane,7,2.4897959183673493,9,3.614754098360653,62.666666666666664,10,3.5276684147527875,0.0426229508196686,flat,True,1.2448979591836746,PHRASE_50
224,John Coltrane,8,2.044897959183672,9,4.401197604790423,65.33333333333333,11,3.018461712712472,0.1337325349301386,descending,False,1.022448979591836,PHRASE_16
224,John Coltrane,9,0.8816326530612244,4,4.537037037037037,61.75,7,2.5860201081971503,0.0740740740740669,ascending,True,0.4408163265306122,PHRASE_41
224,John Coltrane,10,1.3061224489795862,7,5.359375000000023,67.42857142857143,9,2.821202522590214,0.04375,ascending,False,0.6530612244897931,PHRASE_41
224,John Coltrane,11,0.7877551020408191,4,5.077720207253868,60.75,8,3.031088913245535,0.0207253886010387,ascending,True,0.3938775510204095,PHRASE_41
224,John Coltrane,12,1.2129705215419475,6,4.946534061168035,66.66666666666667,15,5.185449728701348,0.0443430793389664,ascending,False,0.6064852607709739,PHRASE_03
224,John Coltrane,13,1.6921541950113408,8,4.727701543739271,65.75,17,5.629165124598851,0.1123499142367059,ascending,True,0.8460770975056704,PHRASE_60
224,John Coltrane,14,1.1061224489795904,5,4.520295202952036,65.2,12,4.4,0.0811808118081215,descending,False,0.5530612244897952,PHRASE_03
224,John Coltrane,15,4.318367346938778,18,4.168241965973532,65.38888888888889,17,5.001542971800346,0.177693761814748,arch,False,2.159183673469389,PHRASE_35
224,John Coltrane,16,1.2979591836734556,6,4.622641509434011,65.5,12,4.0722639076235385,0.122641509433951,descending,False,0.6489795918367278,PHRASE_03
224,John Coltrane,17,1.1102040816326593,5,4.50367647058821,66.8,9,3.124099870362662,0.1102941176470715,ascending,True,0.5551020408163296,PHRASE_41
224,John Coltrane,18,5.697959183673461,26,4.563037249283674,64.5,19,4.9009418247139775,0.1031518624641885,descending,False,2.8489795918367307,PHRASE_22
224,John Coltrane,19,0.8653061224489704,5,5.778301886792514,55.8,6,2.039607805437114,0.1037735849056411,flat,True,0.4326530612244852,PHRASE_32
224,John Coltrane,20,1.0653061224489733,4,3.7547892720306737,57.25,7,2.680951323690902,0.2605363984674259,ascending,True,0.5326530612244866,PHRASE_53
224,John Coltrane,21,0.8816326530612173,4,4.537037037037074,58.25,7,2.5860201081971503,0.0601851851851687,arch,True,0.4408163265306086,PHRASE_32
224,John Coltrane,22,0.9877551020408076,4,4.049586776859539,60.0,7,2.549509756796392,0.1818181818181765,arch,True,0.4938775510204038,PHRASE_53
224,John Coltrane,23,1.0653061224489877,4,3.754789272030623,63.25,8,3.031088913245535,0.2030651340996198,ascending,False,0.5326530612244937,PHRASE_16
224,John Coltrane,24,1.0367346938775484,5,4.822834645669304,67.0,10,3.40587727318528,0.1023622047244083,ascending,False,0.5183673469387742,PHRASE_03
224,John Coltrane,25,1.1877551020408106,5,4.209621993127168,71.4,7,2.4166091947189146,0.2371134020618555,ascending,True,0.5938775510204053,PHRASE_16
224,John Coltrane,26,1.975510204081644,9,4.555785123966916,69.22222222222223,12,3.644715437079273,0.1818181818181811,arch,False,0.987755102040822,PHRASE_16
224,John Coltrane,27,2.3061224489795933,11,4.769911504424776,64.63636363636364,12,4.162008415367126,0.1876106194690244,flat,False,1.1530612244897966,PHRASE_35
224,John Coltrane,28,1.165442176870755,4,3.432173710016324,66.0,9,4.06201920231798,0.2225075881391629,flat,False,0.5827210884353775,PHRASE_16
224,John Coltrane,29,1.8663038548752835,9,4.822365863141523,67.44444444444444,11,3.5311663515712675,0.1166407465007815,ascending,True,0.933151927437642,PHRASE_03
224,John Coltrane,30,1.7995464852607768,7,3.8898689516128906,71.57142857142857,7,2.1946130708196026,0.2499999999999881,flat,False,0.8997732426303884,PHRASE_02
224,John Coltrane,31,0.5427664399092862,3,5.5272393048129445,67.66666666666667,9,3.681787005729087,0.0641711229946631,ascending,False,0.2713832199546431,PHRASE_41
224,John Coltrane,32,0.856235827664392,4,4.671610169491564,64.25,10,4.02336923485777,0.1152542372881342,arch,False,0.428117913832196,PHRASE_03
224,John Coltrane,33,1.4338321995465009,8,5.5794534412954855,65.375,9,2.7810744326608736,0.1336032388664101,ascending,False,0.7169160997732504,PHRASE_41
224,John Coltrane,34,2.351020408163265,12,5.104166666666667,65.41666666666667,14,4.091827899063639,0.1432098765432109,ascending,False,1.1755102040816323,PHRASE_03
224,John Coltrane,35,0.4760090702947792,3,6.302400914634217,65.33333333333333,7,2.8674417556808756,0.1890243902439201,ascending,False,0.2380045351473896,PHRASE_41
224,John Coltrane,36,0.8823582766439841,4,4.5333059210526665,66.75,7,2.680951323690902,0.0559210526315782,arch,False,0.441179138321992,PHRASE_41
224,John Coltrane,37,1.4860770975056568,7,4.710388183593788,69.0,7,2.32992949004287,0.1445312499999954,ascending,False,0.7430385487528284,PHRASE_40
224,John Coltrane,38,1.8895238095238085,9,4.76310483870968,68.44444444444444,12,4.192880503136268,0.2749615975422453,descending,True,0.9447619047619042,PHRASE_58
224,John Coltrane,39,4.350839002267577,20,4.596814543028683,68.5,12,3.309078421554859,0.3122081387591697,flat,True,2.1754195011337885,PHRASE_58
224,John Coltrane,40,2.079909297052154,7,3.3655313767389123,70.71428571428571,5,1.577908716741037,0.2579477563124129,flat,False,1.039954648526077,PHRASE_24
224,John Coltrane,41,0.9926530612244876,6,6.044407894736856,70.33333333333333,9,3.036811193048099,0.1315789473684086,arch,True,0.4963265306122437,PHRASE_41
224,John Coltrane,42,1.9069387755102127,9,4.71960616438354,66.11111111111111,15,4.6294814791110355,0.1902587519025806,flat,True,0.9534693877551064,PHRASE_35
224,John Coltrane,43,5.198367346938767,25,4.809202261306541,66.48,12,3.112812233334995,0.1820212171970942,arch,False,2.5991836734693834,PHRASE_58
224,John Coltrane,44,3.0592290249433063,8,2.6150379506641404,64.75,8,2.817356917396161,0.2210626185958371,descending,False,1.5296145124716531,PHRASE_24
224,John Coltrane,45,2.7863945578231153,12,4.306640625000021,65.16666666666667,11,3.531603350069515,0.2427083333333267,flat,False,1.3931972789115576,PHRASE_16
224,John Coltrane,46,1.0071655328798386,5,4.964427233429296,67.2,8,3.1874754901018454,0.2420749279539074,arch,False,0.5035827664399193,PHRASE_16
224,John Coltrane,47,5.599365079365072,23,4.107608572400505,62.56521739130435,19,4.816873304437422,0.1718124827887825,ascending,False,2.799682539682536,PHRASE_22
224,John Coltrane,48,2.1647165532880024,3,1.3858627335958973,69.33333333333333,2,0.9428090415820634,0.0211179083214664,flat,False,1.0823582766440012,PHRASE_27
224,John Coltrane,49,2.3539229024943324,9,3.823404747225645,67.11111111111111,11,3.784308081316978,0.07891491985203,descending,False,1.1769614512471662,PHRASE_55
224,John Coltrane,50,12.4691156462585,43,3.4485204259776543,64.5813953488372,19,5.747527509425794,0.1749665386406047,descending,False,6.234557823129251,PHRASE_23
224,John Coltrane,51,1.6573242630385607,8,4.827057793344974,56.625,14,4.525966747557918,0.1422394921190998,descending,True,0.8286621315192804,PHRASE_53
224,John Coltrane,52,0.966439909297037,5,5.173627404974272,66.2,7,2.4819347291981715,0.1435945565462273,arch,True,0.4832199546485185,PHRASE_41
224,John Coltrane,53,0.9926530612245016,8,8.059210526315693,68.75,9,2.7271780286589284,0.1315789473684067,descending,False,0.4963265306122508,PHRASE_47
224,John Coltrane,54,2.352562358276657,7,2.9754790453791715,71.71428571428571,6,2.249716535431946,0.222365732351478,descending,False,1.1762811791383283,PHRASE_51
224,John Coltrane,55,1.4069387755102127,4,2.8430519292137917,66.75,9,3.491060010942235,0.0531863456145316,descending,False,0.7034693877551064,PHRASE_59
224,John Coltrane,56,1.3224489795918544,4,3.024691358024651,66.75,9,3.491060010942235,0.0524691358024908,descending,False,0.6612244897959272,PHRASE_59
224,John Coltrane,57,2.8477551020408214,13,4.564999283359602,68.07692307692308,12,3.970303969404289,0.2207411654165158,descending,False,1.4238775510204107,PHRASE_58
224,John Coltrane,58,0.2734693877550853,3,10.970149253732014,65.33333333333333,3,1.247219128924647,0.0895522388059344,flat,False,0.1367346938775426,PHRASE_47
224,John Coltrane,59,1.9857142857142944,10,5.03597122302156,61.9,10,2.7730849247724096,0.1161356628982573,descending,False,0.9928571428571472,PHRASE_41
224,John Coltrane,60,0.2693877551020307,1,3.7121212121213514,68.0,0,0.0,0.0,flat,False,0.1346938775510153,PHRASE_61
224,John Coltrane,61,0.2714285714285722,2,7.368421052631557,64.5,1,0.5,0.0451127819549187,arch,False,0.1357142857142861,PHRASE_61
224,John Coltrane,62,0.3183673469387713,2,6.2820512820513645,67.0,4,2.0,0.0064102564102014,ascending,False,0.1591836734693856,PHRASE_61
224,John Coltrane,63,0.3448979591836405,2,5.798816568047891,70.5,3,1.5,0.0059171597632633,arch,False,0.1724489795918202,PHRASE_61
224,John Coltrane,64,0.2999999999999829,2,6.666666666667045,71.5,1,0.5,0.0,flat,False,0.1499999999999914,PHRASE_61
224,John Coltrane,65,1.9673469387755065,10,5.08298755186723,68.2,6,2.227105745132009,0.122406639004168,descending,False,0.9836734693877532,PHRASE_41
224,John Coltrane,66,0.4081632653061149,2,4.900000000000091,65.5,3,1.5,0.0150000000000107,flat,False,0.2040816326530574,PHRASE_61
224,John Coltrane,67,2.1122448979591866,10,4.734299516908206,61.9,10,2.7730849247724096,0.0821256038647289,descending,False,1.0561224489795933,PHRASE_41
224,John Coltrane,68,0.2734693877551137,2,7.313432835820582,65.0,6,3.0,0.0149253731343035,descending,False,0.1367346938775568,PHRASE_47
224,John Coltrane,69,0.5163265306122469,4,7.7470355731225,65.5,7,2.5,0.0237154150197793,descending,False,0.2581632653061234,PHRASE_47
224,John Coltrane,70,1.1979591836734755,4,3.3390119250425725,64.75,7,2.680951323690902,0.3134582623509258,descending,False,0.5989795918367378,PHRASE_02
224,John Coltrane,71,0.2795918367347099,2,7.153284671532437,67.0,2,1.0,0.0145985401459609,flat,False,0.1397959183673549,PHRASE_61
224,John Coltrane,72,0.3142857142857167,2,6.3636363636363145,71.0,2,1.0,0.0584415584415989,arch,False,0.1571428571428583,PHRASE_61
224,John Coltrane,73,1.2244897959183447,7,5.7166666666667725,69.28571428571429,6,1.9059520091609048,0.0716666666666331,flat,False,0.6122448979591724,PHRASE_41
224,John Coltrane,74,0.2571428571428669,1,3.8888888888887414,63.0,0,0.0,0.0,flat,False,0.1285714285714334,PHRASE_61
224,John Coltrane,75,0.3551020408163481,2,5.632183908045635,67.0,2,1.0,0.0057471264368119,flat,False,0.177551020408174,PHRASE_61
224,John Coltrane,76,1.0142857142857054,5,4.929577464788776,64.4,8,2.727636339397171,0.0804828973843162,flat,False,0.5071428571428527,PHRASE_41
224,John Coltrane,77,0.4244897959183618,2,4.711538461538523,67.5,1,0.5,0.0144230769230872,flat,False,0.2122448979591809,PHRASE_61
224,John Coltrane,78,1.977551020408157,9,4.551083591331284,63.55555555555556,12,3.624334762288909,0.0567595459236342,descending,False,0.9887755102040784,PHRASE_03
224,John Coltrane,79,0.2102040816326393,1,4.757281553398368,60.0,0,0.0,0.0,flat,False,0.1051020408163196,PHRASE_61
224,John Coltrane,80,2.263265306122463,10,4.418394950405744,63.2,19,5.617828762075256,0.0765855124736926,ascending,False,1.1316326530612315,PHRASE_60
224,John Coltrane,81,0.3744217687074638,2,5.3415697674421345,67.0,4,2.0,0.1085271317829357,ascending,False,0.1872108843537319,PHRASE_41
224,John Coltrane,82,0.3337868480725774,2,5.991847826086686,72.5,3,1.5,0.0,arch,False,0.1668934240362887,PHRASE_61
224,John Coltrane,83,1.2624036281179372,7,5.544977726684766,68.28571428571429,12,3.989782869648269,0.0573358241126935,descending,False,0.6312018140589686,PHRASE_03
224,John Coltrane,84,0.2346938775510239,1,4.2608695652173285,67.0,0,0.0,0.0,flat,False,0.1173469387755119,PHRASE_61
224,John Coltrane,85,0.3795918367347042,2,5.268817204300932,67.0,4,2.0,0.0698924731182767,descending,False,0.1897959183673521,PHRASE_41
224,John Coltrane,86,0.4285714285714164,3,7.000000000000199,65.0,8,3.265986323710904,0.0380952380952437,descending,False,0.2142857142857082,PHRASE_47
224,John Coltrane,87,0.3387755102041012,3,8.855421686746476,67.0,5,2.160246899469287,0.006024096385574,descending,False,0.1693877551020506,PHRASE_47
224,John Coltrane,88,0.2122448979591809,1,4.711538461538523,65.0,0,0.0,0.0,flat,False,0.1061224489795904,PHRASE_61
224,John Coltrane,89,0.4172335600906933,3,7.190217391304513,66.0,7,2.943920288775949,0.0,descending,False,0.2086167800453466,PHRASE_47
224,John Coltrane,90,1.7825850340136071,10,5.609830560219809,66.9,13,4.0853396431631,0.1282246985193094,descending,False,0.8912925170068036,PHRASE_03
224,John Coltrane,91,5.667845804988644,9,1.5879048777365303,69.0,6,1.8856180831641267,0.0646844194085243,descending,False,2.833922902494322,PHRASE_00
224,John Coltrane,92,5.694603174603174,22,3.8633069461478433,66.72727272727273,10,3.440161441531727,0.0921109217463292,descending,False,2.847301587301587,PHRASE_50
224,John Coltrane,93,1.259682539682558,4,3.1754032258064058,65.75,7,2.5860201081971503,0.039170506912441,descending,False,0.629841269841279,PHRASE_59
224,John Coltrane,94,2.328390022675734,12,5.1537757347928626,67.58333333333333,10,3.06752705321766,0.137336631542069,descending,False,1.164195011337867,PHRASE_03
224,John Coltrane,95,1.1661678004535077,4,3.4300381115345933,66.75,9,3.491060010942235,0.2789919887998937,arch,True,0.5830839002267538,PHRASE_02
224,John Coltrane,96,0.9912018140589396,4,4.0355051244510225,65.75,10,3.6996621467371855,0.1563415080527113,arch,True,0.4956009070294698,PHRASE_16
224,John Coltrane,97,0.8963718820861573,5,5.578041993422783,63.2,7,2.5612496949731396,0.0784720465469005,arch,False,0.4481859410430786,PHRASE_41
224,John Coltrane,98,0.8530612244898066,4,4.688995215310946,65.25,6,2.384848003542364,0.0191387559808633,arch,False,0.4265306122449033,PHRASE_41
224,John Coltrane,99,1.4326530612244994,7,4.886039886039853,64.28571428571429,11,3.653346243584121,0.0925925925926106,flat,True,0.7163265306122497,PHRASE_03
224,John Coltrane,100,1.8938775510203811,9,4.752155172413861,62.111111111111114,17,5.342584568965025,0.1853927203064625,descending,False,0.9469387755101906,PHRASE_60
224,John Coltrane,101,0.8653061224489988,4,4.622641509433859,65.25,8,3.112474899497183,0.0849056603773504,arch,False,0.4326530612244994,PHRASE_41
224,John Coltrane,102,0.7897959183673038,4,5.064599483204411,68.25,7,2.8613807855648994,0.0490956072351192,ascending,False,0.3948979591836519,PHRASE_41
224,John Coltrane,103,0.544897959183686,3,5.5056179775279634,64.33333333333333,7,2.8674417556808756,0.03370786516851,ascending,False,0.272448979591843,PHRASE_41
224,John Coltrane,104,0.5877551020408305,3,5.1041666666665435,60.0,4,1.632993161855452,0.1215277777777472,ascending,True,0.2938775510204152,PHRASE_41
224,John Coltrane,105,0.6469387755101934,3,4.637223974763484,64.66666666666667,9,3.681787005729087,0.0283911671923175,ascending,False,0.3234693877550967,PHRASE_41
224,John Coltrane,106,1.5122448979591925,6,3.967611336032366,65.83333333333333,8,2.733536577809454,0.2456140350876771,ascending,False,0.7561224489795961,PHRASE_16
224,John Coltrane,107,0.6000000000000227,3,4.999999999999811,64.33333333333333,7,2.8674417556808756,0.0102040816326124,ascending,False,0.3000000000000113,PHRASE_41
224,John Coltrane,108,0.6244897959184073,3,4.803921568627144,60.666666666666664,6,2.494438257849294,0.0359477124183083,ascending,False,0.3122448979592036,PHRASE_41
224,John Coltrane,109,0.638775510204141,3,4.696485623002758,64.66666666666667,9,3.681787005729087,0.0351437699680576,ascending,True,0.3193877551020705,PHRASE_41
224,John Coltrane,110,2.1693877551019796,10,4.609595484478023,66.4,11,3.352610922848042,0.1806208842897467,ascending,False,1.0846938775509898,PHRASE_16
224,John Coltrane,111,0.571428571428612,3,5.249999999999627,65.66666666666667,6,2.494438257849294,0.0,ascending,False,0.285714285714306,PHRASE_41
224,John Coltrane,112,0.6183673469387827,3,4.851485148514795,65.66666666666667,8,3.2998316455372216,0.0198019801980334,ascending,False,0.3091836734693913,PHRASE_41
224,John Coltrane,113,0.5938775510203982,3,5.051546391752662,67.33333333333333,8,3.2998316455372216,0.0515463917525664,ascending,False,0.2969387755101991,PHRASE_41
224,John Coltrane,114,0.5346938775509784,3,5.610687022901204,65.66666666666667,9,3.681787005729087,0.1488549618320176,ascending,True,0.2673469387754892,PHRASE_03
224,John Coltrane,115,0.630612244897975,3,4.757281553397939,67.33333333333333,7,2.8674417556808756,0.0776699029125837,ascending,False,0.3153061224489875,PHRASE_41
224,John Coltrane,116,0.6387755102040842,4,6.261980830670901,66.25,7,2.5860201081971503,0.0159744408945649,ascending,False,0.3193877551020421,PHRASE_41
224,John Coltrane,117,0.5591836734694198,3,5.364963503649328,65.66666666666667,9,3.681787005729087,0.1204379562044062,ascending,False,0.2795918367347099,PHRASE_03
224,John Coltrane,118,0.5326530612244937,3,5.632183908045936,65.33333333333333,6,2.494438257849294,0.1072796934866288,ascending,False,0.2663265306122468,PHRASE_41
224,John Coltrane,119,1.4755102040816157,7,4.744121715076127,66.28571428571429,9,2.9137254363387344,0.0995850622406578,flat,False,0.7377551020408077,PHRASE_41
224,John Coltrane,120,0.7897959183673606,8,10.129198966408094,66.375,10,3.119995993587171,0.0594315245477602,flat,True,0.3948979591836803,PHRASE_47
224,John Coltrane,121,0.4428571428571217,3,6.774193548387419,63.666666666666664,6,2.494438257849294,0.1382488479262424,ascending,False,0.2214285714285608,PHRASE_47
224,John Coltrane,122,1.7591836734694084,9,5.116009280742399,66.22222222222223,11,3.424674446093876,0.0835266821346283,ascending,False,0.8795918367347042,PHRASE_03
224,John Coltrane,123,1.0102040816326507,5,4.9494949494949605,69.2,9,3.0594117081556713,0.103030303030291,ascending,True,0.5051020408163254,PHRASE_41
224,John Coltrane,124,4.402040816326519,23,5.224849327770065,58.08695652173913,17,4.8625726191359355,0.1349095966620287,descending,True,2.2010204081632594,PHRASE_60
224,John Coltrane,125,2.112244897959215,7,3.3140096618356996,67.57142857142857,6,1.9897697538834456,0.219323671497596,ascending,False,1.0561224489796075,PHRASE_24
224,John Coltrane,126,0.9510204081632878,5,5.257510729613609,67.6,8,2.8705400188814645,0.060085836909892,ascending,True,0.4755102040816439,PHRASE_41
224,John Coltrane,127,1.0714285714285552,6,5.600000000000085,65.83333333333333,10,3.531603350069515,0.0742857142856348,arch,False,0.5357142857142776,PHRASE_03
224,John Coltrane,128,2.6591836734694425,13,4.888718342286929,68.23076923076923,9,2.8596354300678626,0.136607828089047,flat,False,1.3295918367347213,PHRASE_16
224,John Coltrane,129,4.420861678004542,19,4.297804677882636,65.78947368421052,22,6.135135629851707,0.1411674189577021,descending,True,2.210430839002271,PHRASE_42
224,John Coltrane,130,4.2454421768707675,18,4.239841046019722,63.111111111111114,17,4.806117500862705,0.1057770371319901,descending,True,2.122721088435384,PHRASE_60
224,John Coltrane,131,5.548979591836712,16,2.883413019492472,61.75,21,7.0222859525940695,0.130930489150406,descending,False,2.774489795918356,PHRASE_42
224,John Coltrane,132,3.29070294784583,15,4.558296582138885,62.4,20,6.008882314263333,0.1033076074972808,descending,False,1.645351473922915,PHRASE_60
224,John Coltrane,133,2.258684807256202,10,4.427355232511511,64.3,18,5.675385449465085,0.1403300939683523,descending,True,1.129342403628101,PHRASE_60
224,John Coltrane,134,2.251020408163299,8,3.5539437896644976,66.25,15,5.043560250458004,0.1670796816762586,descending,False,1.1255102040816496,PHRASE_35
224,John Coltrane,135,2.313333333333333,8,3.458213256484151,65.0,15,4.636809247747852,0.1217824305515006,descending,False,1.1566666666666665,PHRASE_35
224,John Coltrane,136,2.306122448979579,11,4.7699115044248055,66.0,15,4.670993664969138,0.0557522123893583,descending,False,1.1530612244897895,PHRASE_03
224,John Coltrane,137,2.5857596371881755,11,4.254069033253878,64.9090909090909,15,4.601472994488641,0.0543882418970076,descending,False,1.2928798185940875,PHRASE_03
224,John Coltrane,138,1.9979591836734585,9,4.504596527068462,62.22222222222222,12,3.7940824619919713,0.1041879468845928,descending,True,0.9989795918367292,PHRASE_03
224,John Coltrane,139,1.7224489795918316,8,4.644549763033189,59.5,14,4.69041575982343,0.0936018957346025,descending,False,0.8612244897959158,PHRASE_60
224,John Coltrane,140,1.9211791383219747,9,4.684623011189324,60.888888888888886,15,5.342584568965025,0.0703460648694373,descending,False,0.9605895691609874,PHRASE_60
224,John Coltrane,141,5.425396825396831,27,4.976594499707426,59.92592592592592,25,6.514518975027589,0.0594332525286331,descending,False,2.7126984126984155,PHRASE_10
224,John Coltrane,142,3.594058956916058,17,4.730028139156385,62.11764705882353,27,7.873128931343,0.1193579729712774,ascending,False,1.797029478458029,PHRASE_10
224,John Coltrane,143,2.504852607709779,9,3.5930257821552316,66.0,13,4.242640687119285,0.0463861529548503,descending,False,1.2524263038548895,PHRASE_55
224,John Coltrane,144,1.8111564625850176,9,4.96920072115389,60.333333333333336,14,4.47213595499958,0.080128205128219,ascending,True,0.9055782312925088,PHRASE_03
224,John Coltrane,145,2.1942857142857406,11,5.0130208333332735,61.0,19,6.030226891555273,0.1645171957671978,ascending,False,1.0971428571428703,PHRASE_60
224,John Coltrane,146,2.5653061224489875,13,5.067621320604599,66.92307692307692,11,2.7585263195447856,0.081145584725505,ascending,False,1.2826530612244935,PHRASE_03
224,John Coltrane,147,1.5367346938775768,7,4.555112881806033,71.28571428571429,5,1.749635530559413,0.0504648074369288,arch,False,0.7683673469387884,PHRASE_40
224,John Coltrane,148,0.2591836734694084,1,3.8582677165351256,69.0,0,0.0,0.0,flat,True,0.1295918367347042,PHRASE_61
224,John Coltrane,149,4.848390022675744,19,3.9188266437183663,67.05263157894737,14,4.236106506917659,0.1358376907031259,descending,False,2.424195011337872,PHRASE_35
224,John Coltrane,150,2.1449433106575952,3,1.3986383626522334,69.0,0,0.0,0.2895805142083654,flat,False,1.0724716553287976,PHRASE_24
224,John Coltrane,151,4.574058956916076,12,2.6234904519225184,67.41666666666667,7,2.0190069065976193,0.1072200519542217,descending,False,2.287029478458038,PHRASE_59
224,John Coltrane,152,4.902040816326462,11,2.2439633638634784,63.81818181818182,16,4.386304757023571,0.1040799333888204,descending,False,2.451020408163231,PHRASE_52
224,John Coltrane,153,4.151020408163276,11,2.6499508357915365,67.9090909090909,12,3.80082635643034,0.1799410029498275,descending,False,2.075510204081638,PHRASE_39
224,John Coltrane,154,2.296326530612248,6,2.6128688233202952,70.66666666666667,3,0.9428090415820634,0.1695698542481434,arch,True,1.148163265306124,PHRASE_34
224,John Coltrane,155,2.1061224489795904,5,2.3740310077519395,69.2,9,3.4292856398964493,0.0426356589147136,descending,False,1.0530612244897952,PHRASE_59
224,John Coltrane,156,2.0705668934240293,6,2.897757140353961,70.66666666666667,4,1.3743685418725535,0.0306640967233153,arch,False,1.0352834467120149,PHRASE_27
224,John Coltrane,157,2.3110204081633015,6,2.5962557400211534,69.5,9,3.2015621187164243,0.0975313002865162,descending,False,1.1555102040816507,PHRASE_59
224,John Coltrane,158,2.5164625850340485,8,3.1790657439445926,73.875,4,1.4523687548277813,0.3340001441753016,flat,False,1.2582312925170245,PHRASE_51
224,John Coltrane,159,5.420408163265279,15,2.767319277108448,72.13333333333334,7,1.9955506062794357,0.1799698795180595,arch,False,2.7102040816326394,PHRASE_39
224,John Coltrane,160,1.787755102040819,5,2.796803652968032,69.8,4,1.469693845669907,0.0547945205479517,flat,False,0.8938775510204096,PHRASE_27
224,John Coltrane,161,1.9464852607709984,5,2.5687325256290463,73.0,3,1.095445115010332,0.0584808946877947,flat,False,0.9732426303854992,PHRASE_34
224,John Coltrane,162,1.738775510204107,6,3.4507042253520623,68.66666666666667,9,3.0912061651652345,0.0539906103286319,descending,False,0.8693877551020535,PHRASE_59
224,John Coltrane,163,2.081632653061206,11,5.284313725490243,64.81818181818181,8,2.5519397904760366,0.0725490196079037,ascending,False,1.040816326530603,PHRASE_41
224,John Coltrane,164,1.0285714285714107,4,3.888888888888956,66.5,8,3.2015621187164243,0.2301587301587481,arch,False,0.5142857142857054,PHRASE_16
224,John Coltrane,165,4.420408163265279,22,4.976915974145922,62.68181818181818,16,4.635695138971889,0.1615881809787655,flat,False,2.2102040816326394,PHRASE_22
224,John Coltrane,166,0.1877551020407963,1,5.326086956522305,67.0,0,0.0,0.0,flat,False,0.0938775510203981,PHRASE_61
224,John Coltrane,167,0.3387755102040728,2,5.903614457831479,68.0,2,1.0,0.0602409638554095,flat,False,0.1693877551020364,PHRASE_61
224,John Coltrane,168,0.2040816326530716,1,4.899999999999749,69.0,0,0.0,0.0,flat,False,0.1020408163265358,PHRASE_61
224,John Coltrane,169,0.5999999999999659,3,5.000000000000284,65.33333333333333,7,2.8674417556808756,0.0408163265305484,ascending,True,0.2999999999999829,PHRASE_41
224,John Coltrane,170,0.6204081632652674,3,4.835526315789775,67.33333333333333,7,2.8674417556808756,0.0328947368420998,ascending,False,0.3102040816326337,PHRASE_41
224,John Coltrane,171,1.0244897959183277,5,4.880478087649592,68.4,7,2.33238075793812,0.0996015936254792,ascending,False,0.5122448979591638,PHRASE_41
224,John Coltrane,172,3.271111111111111,14,4.279891304347826,65.85714285714286,20,5.667666978536392,0.1495119787045476,descending,False,1.6355555555555554,PHRASE_60
224,John Coltrane,173,1.848798185941064,10,5.408919197370297,56.4,20,5.535341001239218,0.0580876220379737,descending,False,0.924399092970532,PHRASE_60
224,John Coltrane,174,1.729886621315245,8,4.624580536912612,58.625,13,3.7059917700933984,0.1795302013423105,arch,True,0.8649433106576225,PHRASE_53
224,John Coltrane,175,2.1333333333333258,11,5.156250000000019,64.72727272727273,13,3.839765833080523,0.1156462585034127,ascending,False,1.0666666666666629,PHRASE_03
224,John Coltrane,176,1.352562358276657,7,5.1753621244634695,64.14285714285714,12,3.833259389999639,0.2403433476394902,descending,False,0.6762811791383285,PHRASE_53
224,John Coltrane,177,2.664489795918371,13,4.878982843137249,63.84615384615385,13,3.7997197031472214,0.1590413943355148,ascending,False,1.3322448979591854,PHRASE_03
224,John Coltrane,178,2.1942857142857406,7,3.1901041666666283,68.0,9,3.070597894314954,0.0952380952380693,descending,False,1.0971428571428703,PHRASE_59
224,John Coltrane,179,1.8343764172335568,9,4.90629944620254,60.0,17,5.333333333333333,0.1060126582278452,descending,False,0.9171882086167784,PHRASE_60
224,John Coltrane,180,1.3119274376417138,7,5.335660951327473,60.42857142857143,18,6.651683843898752,0.1460176991150398,ascending,False,0.6559637188208569,PHRASE_60
224,John Coltrane,181,1.1116553287981787,6,5.397356396866876,68.66666666666667,12,4.189935029992178,0.1279373368146422,ascending,False,0.5558276643990894,PHRASE_03
224,John Coltrane,182,1.097142857142842,6,5.468750000000076,64.66666666666667,13,4.0276819911981905,0.1375661375661123,descending,False,0.5485714285714209,PHRASE_03
224,John Coltrane,183,1.0623129251700902,5,4.706711065573672,67.8,6,2.039607805437114,0.0218579234973329,arch,False,0.5311564625850451,PHRASE_41
224,John Coltrane,184,1.036190476190427,3,2.8952205882354316,69.0,4,1.632993161855452,0.2296918767506743,flat,False,0.5180952380952135,PHRASE_24
224,John Coltrane,185,1.0187755102040796,5,4.907852564102574,69.6,5,1.743559577416269,0.0569800569800329,flat,False,0.5093877551020398,PHRASE_41
224,John Coltrane,186,1.81986394557822,8,4.395933014354094,67.0,9,2.7838821814150108,0.0542264752790748,descending,False,0.90993197278911,PHRASE_41
224,John Coltrane,187,2.7022222222222467,13,4.810855263157851,65.0,7,1.9215378456610457,0.0923737916218993,arch,False,1.3511111111111234,PHRASE_41
224,John Coltrane,188,1.5876643990930006,8,5.0388482632540175,60.5,6,2.1213203435596424,0.0548446069470488,descending,True,0.7938321995465003,PHRASE_41
224,John Coltrane,189,0.9781405895691364,6,6.134087537092142,65.16666666666667,14,4.844813951249544,0.0296735905045845,ascending,False,0.4890702947845682,PHRASE_03
224,John Coltrane,190,4.175510204081661,17,4.071358748778076,61.76470588235294,11,3.5067902495973837,0.0596285434994754,descending,False,2.0877551020408305,PHRASE_50
224,John Coltrane,191,7.382403628117913,30,4.063717118600337,64.16666666666667,18,5.138633627293889,0.105183619810535,descending,True,3.6912018140589566,PHRASE_13
224,John Coltrane,192,4.1912018140589,15,3.578925727146863,62.13333333333333,17,4.48503685108111,0.1225761772853205,descending,False,2.09560090702945,PHRASE_35
224,John Coltrane,193,14.735963718820926,70,4.750283139649379,64.37142857142857,18,4.5924516595058416,0.1629160921804183,descending,True,7.367981859410463,PHRASE_44
224,John Coltrane,194,1.5267120181406426,7,4.585016634980829,65.42857142857143,8,3.5799897388976194,0.3498098859314434,descending,False,0.7633560090703213,PHRASE_02
224,John Coltrane,195,1.4367346938776109,4,2.7840909090907933,63.25,8,3.031088913245535,0.0444444444444673,descending,False,0.7183673469388054,PHRASE_59
224,John Coltrane,196,7.021133786848054,33,4.700095597354291,65.0909090909091,24,5.418059791182306,0.184787102108291,flat,False,3.510566893424027,PHRASE_01
224,John Coltrane,197,0.6037188208617863,3,4.969200721152955,66.66666666666667,9,3.681787005729087,0.1346153846154353,ascending,False,0.3018594104308931,PHRASE_03
224,John Coltrane,198,0.876553287981892,4,4.563327814569367,67.75,7,2.947456530637899,0.0695364238410308,arch,True,0.438276643990946,PHRASE_41
224,John Coltrane,199,5.48861678004539,19,3.4617100740348774,69.89473684210526,9,2.5524959269436085,0.2100244579587698,flat,True,2.744308390022695,PHRASE_16
224,John Coltrane,200,1.4686621315191817,7,4.766242588933108,71.42857142857143,7,2.55550625999976,0.1739130434782911,ascending,False,0.7343310657595907,PHRASE_40
224,John Coltrane,201,1.703764172335582,10,5.869356899488992,68.5,12,3.956008088970497,0.153321976149935,descending,False,0.8518820861677909,PHRASE_03
224,John Coltrane,202,0.9346031746032396,5,5.349864130434411,67.8,11,3.919183588453085,0.1739130434783455,ascending,True,0.4673015873016197,PHRASE_03
224,John Coltrane,203,1.0274829931972818,5,4.866260593220326,63.6,12,4.127953488110059,0.1242937853106925,descending,False,0.5137414965986409,PHRASE_03
224,John Coltrane,204,1.8198639455782768,11,6.044407894736691,67.72727272727273,13,3.863368974704687,0.1738437001594257,ascending,False,0.9099319727891384,PHRASE_03
224,John Coltrane,205,1.9184580498866808,8,4.170015602099062,64.5,9,3.0,0.4259373079286666,descending,False,0.9592290249433404,PHRASE_02
224,John Coltrane,206,1.1842176870748062,6,5.066636029411866,59.666666666666664,17,6.0736223860962,0.1274509803922302,descending,False,0.5921088435374031,PHRASE_60
224,John Coltrane,207,1.8082539682538936,9,4.97717696629234,61.111111111111114,17,5.62621728940985,0.2070626003209937,ascending,True,0.9041269841269468,PHRASE_60
224,John Coltrane,208,0.3221768707483079,2,6.207770270270105,68.5,5,2.5,0.0090090090088373,descending,False,0.1610884353741539,PHRASE_41
224,John Coltrane,209,0.3599092970521269,2,5.556955645161711,71.5,1,0.5,0.0887096774192529,arch,False,0.1799546485260634,PHRASE_61
224,John Coltrane,210,0.2380045351474109,1,4.2016006097557685,71.0,0,0.0,0.0,flat,False,0.1190022675737054,PHRASE_61
224,John Coltrane,211,1.0507029478458207,6,5.710462707182235,67.33333333333333,9,2.8674417556808756,0.0828729281768404,arch,True,0.5253514739229104,PHRASE_41
224,John Coltrane,212,1.8546938775509716,8,4.313380281690255,66.5,11,3.7416573867739418,0.2034428794992134,ascending,True,0.9273469387754858,PHRASE_16
224,John Coltrane,213,0.8968707482993068,4,4.459951456310744,65.5,9,3.774917217635375,0.1229773462782605,arch,False,0.4484353741496534,PHRASE_03
224,John Coltrane,214,0.7633560090703213,4,5.2400190114066625,65.5,9,3.3541019662496847,0.0418250950571304,ascending,False,0.3816780045351606,PHRASE_41
224,John Coltrane,215,1.387392290249409,8,5.76621338912144,66.375,9,2.9973947020704497,0.1443514644351063,flat,False,0.6936961451247043,PHRASE_41
224,John Coltrane,216,10.283537414966077,38,3.695226502963558,66.84210526315789,19,4.151894404583817,0.1662432966412614,descending,False,5.141768707483038,PHRASE_13
224,John Coltrane,217,1.012970521541888,5,4.935977793696577,56.2,10,3.762977544445356,0.0630372492835943,descending,True,0.506485260770944,PHRASE_32
224,John Coltrane,218,1.0681179138321113,5,4.681131114130822,56.2,10,3.762977544445356,0.1331521739130753,descending,False,0.5340589569160556,PHRASE_32
224,John Coltrane,219,1.0478004535148102,5,4.771900969528763,55.4,8,2.870540018881465,0.1246537396123034,arch,False,0.5239002267574051,PHRASE_32
224,John Coltrane,220,1.90403628117906,8,4.20160060975627,63.25,13,4.630064794363034,0.1326219512195615,ascending,False,0.95201814058953,PHRASE_35
224,John Coltrane,221,1.9011337868480496,10,5.260019083969529,64.5,8,2.3345235059857505,0.0931297709923296,flat,False,0.9505668934240248,PHRASE_41
224,John Coltrane,222,2.6383673469387077,13,4.9272896039605225,64.46153846153847,12,3.2490326279912116,0.1078107810781705,ascending,False,1.3191836734693538,PHRASE_03
224,John Coltrane,223,2.3539229024943324,13,5.522695745992598,65.84615384615384,11,3.278042423486541,0.0887792848336364,descending,False,1.1769614512471662,PHRASE_03
224,John Coltrane,224,1.828571428571422,9,4.921875000000018,61.44444444444444,7,1.9499920860871385,0.0952380952380863,arch,False,0.914285714285711,PHRASE_41
224,John Coltrane,225,0.9723356009070584,5,5.1422574626864135,55.8,5,2.039607805437114,0.0746268656716225,flat,True,0.4861678004535292,PHRASE_32
224,John Coltrane,226,1.7676190476191778,9,5.091594827585832,60.55555555555556,8,2.543449587168799,0.1050903119869787,ascending,False,0.8838095238095889,PHRASE_41
224,John Coltrane,227,1.8082539682540073,10,5.530196629213363,67.5,9,2.7294688127912363,0.1155698234349908,arch,False,0.9041269841270037,PHRASE_41
224,John Coltrane,228,0.9229931972788564,5,5.417158018868249,67.0,5,1.7888543819998317,0.1572327044023662,arch,True,0.4614965986394281,PHRASE_41
224,John Coltrane,229,1.8372789115645671,10,5.4428317535546755,67.7,8,2.531797780234432,0.1074249605054686,flat,True,0.9186394557822836,PHRASE_41
224,John Coltrane,230,0.93750566893425,5,5.333301083591277,63.4,4,1.624807680927192,0.0743034055726747,flat,False,0.468752834467125,PHRASE_41
224,John Coltrane,231,1.8314739229024328,9,4.914074881141212,61.111111111111114,8,2.5141574442188355,0.0649762282091369,descending,False,0.9157369614512164,PHRASE_41
224,John Coltrane,232,2.1710657596371448,11,5.066636029411866,60.18181818181818,11,3.0989200998289657,0.0467914438502681,arch,True,1.0855328798185724,PHRASE_03
224,John Coltrane,233,2.2494331065760207,9,4.001008064516028,59.111111111111114,11,3.3481153718487473,0.074838709677459,ascending,False,1.1247165532880103,PHRASE_50
224,John Coltrane,234,0.5514739229024599,3,5.439967105263498,65.33333333333333,7,2.8674417556808756,0.0736842105261552,ascending,False,0.2757369614512299,PHRASE_41
224,John Coltrane,235,1.4222222222222172,8,5.62500000000002,68.5,7,2.1213203435596424,0.0408163265305551,flat,True,0.7111111111111086,PHRASE_41
224,John Coltrane,236,4.2608616780046304,18,4.22449761580372,67.0,10,2.8674417556808756,0.1038402588555887,flat,False,2.1304308390023152,PHRASE_50
224,John Coltrane,237,3.5959183673469397,17,4.727582292849034,59.0,18,5.45570397678915,0.0939588851053198,descending,False,1.79795918367347,PHRASE_60
224,John Coltrane,238,1.2016326530613242,4,3.3288043478258107,69.75,5,1.920286436967152,0.0603864734299329,descending,True,0.6008163265306621,PHRASE_27
224,John Coltrane,239,1.8459863945578263,9,4.875442216981123,66.88888888888889,9,2.5141574442188355,0.059748427672989,descending,False,0.9229931972789132,PHRASE_41
224,John Coltrane,240,2.9992743764172474,14,4.6677956875434505,67.85714285714286,12,3.5021859063232177,0.1683853993406736,ascending,False,1.4996371882086237,PHRASE_16
224,John Coltrane,241,2.832834467120165,11,3.8830366290983833,70.45454545454545,12,3.602111410210718,0.0563524590164853,descending,True,1.4164172335600824,PHRASE_55
224,John Coltrane,242,2.3016780045351197,6,2.6067938209331967,75.83333333333333,12,4.374801582802229,0.4375788146279718,ascending,False,1.15083900226756,PHRASE_02
224,John Coltrane,243,2.1246258503401805,6,2.8240266393442033,72.5,7,2.362907813126304,0.2472677595628935,descending,False,1.0623129251700902,PHRASE_51
224,John Coltrane,244,2.043356009070294,6,2.9363458806818192,74.0,3,1.1547005383792517,0.3252840909090772,flat,False,1.021678004535147,PHRASE_51
224,John Coltrane,245,2.558548752834554,7,2.735925978445738,75.42857142857143,15,4.981598792617913,0.2307501418037828,descending,False,1.279274376417277,PHRASE_08
224,John Coltrane,246,1.9239002267573824,5,2.598887369760956,73.2,4,1.469693845669907,0.276931780679868,flat,False,0.9619501133786912,PHRASE_51
224,John Coltrane,247,1.9533786848072625,7,3.583534546805338,72.71428571428571,20,6.922309394048981,0.1976225854383577,descending,False,0.9766893424036313,PHRASE_36
224,John Coltrane,248,2.403265306122421,6,2.4966032608695943,73.0,14,4.163331998932265,0.3550724637681283,ascending,False,1.2016326530612105,PHRASE_02
224,John Coltrane,249,2.0694784580498435,5,2.416067671809307,72.2,8,2.925747767665559,0.2847124824683602,descending,False,1.0347392290249218,PHRASE_02
224,John Coltrane,250,10.59120181405899,41,3.871137640449426,65.36585365853658,19,4.709907034248882,0.1053456426418099,ascending,True,5.295600907029495,PHRASE_13
224,John Coltrane,251,1.5062131519274544,5,3.3195832831506316,64.4,10,3.555277766926235,0.0812959171384398,descending,False,0.7531065759637272,PHRASE_59
224,John Coltrane,252,1.2799999999999727,3,2.34375000000005,55.0,4,1.632993161855452,0.0,descending,False,0.6399999999999864,PHRASE_21
224,John Coltrane,253,3.4075283446711637,18,5.282421209540093,62.666666666666664,17,5.840471822645077,0.0877342419080732,ascending,False,1.703764172335582,PHRASE_60
224,John Coltrane,254,1.9882086167800708,8,4.0237226277371745,64.5,10,2.958039891549808,0.0759124087591081,flat,False,0.9941043083900354,PHRASE_41
224,John Coltrane,255,9.2937868480725,46,4.949543254216148,61.45652173913044,24,6.479756174086674,0.1083697688944713,descending,True,4.64689342403625,PHRASE_23
224,John Coltrane,256,1.673968253968269,8,4.779063151905893,60.125,23,7.880950133074057,0.2054401127035114,ascending,False,0.8369841269841345,PHRASE_10
224,John Coltrane,257,2.5612244897959044,15,5.856573705179315,52.93333333333333,11,3.511251755270318,0.1688888888888887,flat,False,1.2806122448979522,PHRASE_32
224,John Coltrane,258,5.25306122448967,27,5.139860139860263,63.851851851851855,20,5.2047250875825695,0.1860916860917434,flat,False,2.626530612244835,PHRASE_22
224,John Coltrane,259,4.515827664399012,8,1.7715467893225456,66.625,2,0.6959705453537527,0.1058308393757396,flat,True,2.257913832199506,PHRASE_00
224,John Coltrane,260,1.950476190476252,4,2.0507812499999356,65.75,5,2.165063509461097,0.1659226190476623,descending,False,0.975238095238126,PHRASE_24
224,John Coltrane,261,2.377142857142871,5,2.103365384615372,67.0,0,0.0,0.3356799450549432,flat,False,1.1885714285714355,PHRASE_56
224,John Coltrane,262,1.9919727891156072,6,3.012089338160021,68.83333333333333,7,2.733536577809454,0.1516289870910027,ascending,False,0.9959863945578036,PHRASE_16
224,John Coltrane,263,1.8306122448979067,4,2.185061315496161,67.5,9,3.5,0.2368636194722357,ascending,False,0.9153061224489534,PHRASE_39
224,John Coltrane,264,1.944897959183777,8,4.113326337880159,65.75,13,3.960744879438715,0.0923399790136619,descending,False,0.9724489795918884,PHRASE_03
224,John Coltrane,265,5.422040816326557,27,4.9796747967479424,66.07407407407408,10,2.774566044493043,0.1508999966542499,flat,False,2.7110204081632787,PHRASE_22
224,John Coltrane,266,2.5653061224489875,6,2.338902147971353,71.33333333333333,2,0.9428090415820634,0.1328560063642935,flat,True,1.2826530612244935,PHRASE_34
224,John Coltrane,267,2.5836734693878043,6,2.3222748815165435,69.0,9,3.1622776601683795,0.0785150078989469,descending,True,1.291836734693902,PHRASE_59
224,John Coltrane,268,2.33469387755099,7,2.9982517482517874,71.14285714285714,13,3.907084094622098,0.0812937062936791,descending,False,1.167346938775495,PHRASE_55
224,John Coltrane,269,2.6428571428571104,12,4.540540540540596,66.5,17,5.07444578254611,0.0602316602316816,descending,False,1.3214285714285552,PHRASE_60
224,John Coltrane,270,1.8198639455781631,7,3.846441387559953,67.28571428571429,12,4.025429372458677,0.2291168261563138,descending,False,0.9099319727890816,PHRASE_16
224,John Coltrane,271,2.8981405895691523,18,6.21087881822736,67.88888888888889,8,2.354402233379677,0.1241862794191196,descending,False,1.4490702947845762,PHRASE_41
224,John Coltrane,272,0.3787755102041501,3,7.920258620688223,65.33333333333333,9,4.0276819911981905,0.0191570881225375,descending,False,0.189387755102075,PHRASE_47
224,John Coltrane,273,3.4110204081632673,17,4.983845877707308,65.88235294117646,13,3.802202967339368,0.1426880991317585,flat,False,1.7055102040816337,PHRASE_03
224,John Coltrane,274,1.5040816326529691,6,3.9891451831752778,64.16666666666667,6,2.5440562537456244,0.0312075983718327,descending,False,0.7520408163264847,PHRASE_41
224,John Coltrane,275,1.8402721088434648,3,1.6301937010203218,61.333333333333336,8,3.299831645537222,0.017891468283283,descending,True,0.9201360544217324,PHRASE_21
224,John Coltrane,276,1.2326530612244824,3,2.433774834437101,57.0,4,1.632993161855452,0.0334805003678917,arch,False,0.6163265306122412,PHRASE_21
224,John Coltrane,277,3.1666213151927423,16,5.052703941338224,63.875,17,5.2544623892459255,0.1081576535288609,ascending,False,1.5833106575963711,PHRASE_60
224,John Coltrane,278,4.8244444444444525,22,4.560110548134492,68.04545454545455,12,3.022300038159871,0.1034508690625593,descending,False,2.4122222222222263,PHRASE_50
224,John Coltrane,279,1.8122448979592036,10,5.518018018017957,63.0,10,2.8635642126552705,0.0844594594594393,flat,True,0.9061224489796018,PHRASE_41
224,John Coltrane,280,1.6795918367346303,10,5.953827460510554,64.3,12,4.026164427839479,0.0510328068042427,ascending,False,0.8397959183673152,PHRASE_03
224,John Coltrane,281,5.336643990929588,23,4.309824683657348,65.34782608695652,11,2.9133679248262534,0.0885929652512078,descending,False,2.668321995464794,PHRASE_50
224,John Coltrane,282,3.397551020408173,14,4.120615088899556,64.5,14,3.679091502764546,0.0755779806717739,descending,False,1.6987755102040865,PHRASE_50
224,John Coltrane,283,2.2077097505668917,9,4.0766228430567,52.888888888888886,11,2.960647243216495,0.1551972062448498,descending,False,1.1038548752834458,PHRASE_32
224,John Coltrane,284,2.1578231292517103,11,5.097730138713723,54.09090909090909,16,5.035411790591356,0.1242328709541262,ascending,True,1.0789115646258551,PHRASE_60
224,John Coltrane,285,0.7140136054422328,4,5.602134146341025,54.5,8,2.958039891549808,0.0365853658535964,arch,True,0.3570068027211164,PHRASE_32
224,John Coltrane,286,1.9388662131518688,10,5.157653443113929,49.7,10,3.3778691508109073,0.0658682634730925,arch,False,0.9694331065759344,PHRASE_32
224,John Coltrane,287,0.6037188208617863,3,4.969200721152955,48.0,7,2.943920288775949,0.0432692307693412,arch,False,0.3018594104308931,PHRASE_32
224,John Coltrane,288,0.3424943310658364,2,5.839512711863098,51.0,6,3.0,0.0932203389832477,descending,False,0.1712471655329182,PHRASE_32
224,John Coltrane,289,1.0013605442176186,6,5.991847826087366,54.0,9,3.265986323710904,0.0724637681159305,descending,False,0.5006802721088093,PHRASE_32
224,John Coltrane,290,1.886621315192656,8,4.240384615384813,55.625,12,3.6721077053920954,0.1769230769230328,ascending,False,0.943310657596328,PHRASE_53
224,John Coltrane,291,1.2335600907028947,5,4.053308823529586,50.6,10,3.49857113690718,0.0682352941176418,arch,False,0.6167800453514474,PHRASE_32
224,John Coltrane,292,1.7855782312925612,9,5.040384029259247,55.0,11,4.08248290463863,0.2472315351010323,ascending,False,0.8927891156462806,PHRASE_53
224,John Coltrane,293,1.4979591836734016,8,5.340599455041113,55.0,22,7.762087348130012,0.0529215864365358,descending,True,0.7489795918367008,PHRASE_10
224,John Coltrane,294,1.6969160997732615,8,4.714434615281771,53.0,12,4.092676385936225,0.0963198546116324,ascending,False,0.8484580498866308,PHRASE_32
224,John Coltrane,295,2.249433106575907,11,4.8901209677420585,58.72727272727273,24,8.102647256420797,0.0993548387096593,descending,False,1.1247165532879535,PHRASE_10
224,John Coltrane,296,2.5948299319728676,10,3.853817114093843,51.2,10,3.919183588453085,0.1375838926174563,ascending,True,1.2974149659864338,PHRASE_32
224,John Coltrane,297,1.3467573696144657,7,5.1976697198277675,53.285714285714285,10,3.4522988495984492,0.1056034482759666,flat,False,0.6733786848072327,PHRASE_32
224,John Coltrane,298,2.5746485260769987,13,5.049232882986225,56.69230769230769,17,5.08972744297639,0.1759877402194838,ascending,False,1.2873242630384991,PHRASE_60
224,John Coltrane,299,2.6857142857143117,13,4.840425531914847,68.15384615384616,17,4.347344969521474,0.2142857142856719,ascending,False,1.3428571428571558,PHRASE_58
224,John Coltrane,300,2.5599999999999454,12,4.6875000000001,62.583333333333336,14,4.889756867393534,0.1509708049886736,ascending,False,1.2799999999999727,PHRASE_35
224,John Coltrane,301,2.151473922902482,12,5.577571669477265,64.16666666666667,23,6.517071598672384,0.0927698145025976,ascending,False,1.075736961451241,PHRASE_10
224,John Coltrane,302,1.508163265306166,10,6.6305818673881705,65.1,8,2.6999999999999997,0.0568335588633293,arch,False,0.754081632653083,PHRASE_47
224,John Coltrane,303,3.832653061224505,18,4.696485623003176,66.5,11,3.1135902820449006,0.1064962726304926,arch,False,1.9163265306122528,PHRASE_03
224,John Coltrane,304,10.321269841269896,53,5.135027066929107,64.73584905660377,25,5.693925738612924,0.1452298931383389,descending,False,5.160634920634948,PHRASE_23
224,John Coltrane,305,2.4836734693877816,13,5.234182415776444,65.92307692307692,7,2.555884265513254,0.0912078882497545,ascending,True,1.2418367346938908,PHRASE_41
224,John Coltrane,306,2.1020408163265074,10,4.75728155339811,65.8,7,2.7856776554368237,0.1145631067961349,descending,False,1.0510204081632537,PHRASE_41
224,John Coltrane,307,3.302040816326553,11,3.331273176761411,66.18181818181819,7,2.328408813611945,0.0599505562422672,descending,True,1.6510204081632764,PHRASE_59
224,John Coltrane,308,5.848526077097517,24,4.1035980148883295,68.08333333333333,19,4.122263402010545,0.2665012406948298,ascending,True,2.9242630385487587,PHRASE_58
224,John Coltrane,309,2.6955102040816428,13,4.822834645669273,69.23076923076923,8,2.516219574430173,0.0885322027053751,arch,False,1.3477551020408214,PHRASE_41
224,John Coltrane,310,1.8401814058956916,9,4.890822160883281,65.55555555555556,8,2.0608041101101566,0.0820189274447787,descending,False,0.9200907029478458,PHRASE_41
224,John Coltrane,311,6.074920634920545,27,4.4445025083612695,64.4074074074074,15,4.731762331303753,0.1237458193979797,descending,False,3.037460317460273,PHRASE_22
224,John Coltrane,312,2.6167800453514474,11,4.203639514731412,52.81818181818182,14,3.9038019188334343,0.0949046793760486,descending,False,1.3083900226757237,PHRASE_32
224,John Coltrane,313,1.783673469387736,7,3.9244851258581654,66.42857142857143,8,2.610809554642438,0.0457665903890061,descending,False,0.891836734693868,PHRASE_41
224,John Coltrane,314,2.2326530612244824,10,4.478976234003671,63.9,11,3.176476034853718,0.0676416819012849,descending,False,1.1163265306122412,PHRASE_03
224,John Coltrane,315,7.389478458049894,32,4.330481532852983,62.59375,16,4.174770764664809,0.1339282426444564,descending,False,3.694739229024947,PHRASE_13
224,John Coltrane,316,1.674739229024908,5,2.985539428076319,53.8,7,2.7856776554368237,0.1247833622183071,descending,False,0.8373696145124541,PHRASE_17
224,John Coltrane,317,2.8792743764173565,11,3.820407006048224,65.27272727272727,21,6.136195283885892,0.243951612903272,descending,False,1.4396371882086785,PHRASE_43
224,John Coltrane,318,2.391836734693811,12,5.017064846416521,62.833333333333336,13,3.782268572636739,0.1518771331056671,descending,False,1.1959183673469056,PHRASE_03
224,John Coltrane,319,11.504036281179085,53,4.607078655228986,64.39622641509433,19,4.431191426486805,0.1182272612589935,ascending,False,5.752018140589541,PHRASE_23
224,John Coltrane,320,3.1753287981858875,8,2.5194241316270993,69.875,9,2.8912583765550943,0.1032906764168244,descending,False,1.5876643990929438,PHRASE_59
224,John Coltrane,321,5.813696145124709,17,2.924129430853723,68.3529411764706,15,4.981627143468265,0.2140695207189037,ascending,True,2.9068480725623544,PHRASE_08
224,John Coltrane,322,2.0093877551020114,9,4.478976234003722,66.88888888888889,10,3.8713891978187434,0.1538357370166847,descending,False,1.0046938775510057,PHRASE_16
224,John Coltrane,323,1.7084807256235308,7,4.097207475047905,62.714285714285715,11,3.614031611621005,0.1793639838607075,flat,True,0.8542403628117654,PHRASE_35
224,John Coltrane,324,2.582086167800526,13,5.034688680073628,63.0,19,5.519197266046799,0.1140598928603346,ascending,False,1.291043083900263,PHRASE_60
224,John Coltrane,325,1.3409523809523307,6,4.474431818181986,66.0,7,2.3804761428476167,0.0800865800865852,descending,False,0.6704761904761654,PHRASE_41
224,John Coltrane,326,2.5309750566893854,7,2.765732511467843,68.42857142857143,2,0.7284313590846836,0.1135321100917369,flat,False,1.2654875283446927,PHRASE_27
224,John Coltrane,327,2.002721088435351,5,2.4966032608695943,66.4,7,2.65329983228432,0.0869565217391798,descending,False,1.0013605442176754,PHRASE_59
224,John Coltrane,328,3.707755102040665,8,2.157639806252841,66.875,7,2.4717149916606487,0.1785801653700924,descending,False,1.853877551020332,PHRASE_39
224,John Coltrane,329,2.0153287981861467,8,3.9695755884599215,61.25,16,5.402545696243577,0.149016607408192,descending,False,1.0076643990930734,PHRASE_60
224,John Coltrane,330,0.9404081632653742,5,5.316840277777392,58.6,7,2.4166091947189146,0.0740740740743516,ascending,True,0.4702040816326871,PHRASE_32
224,John Coltrane,331,0.902675736961328,5,5.539087620579536,63.4,6,2.244994432064365,0.0803858520900248,ascending,True,0.4513378684806639,PHRASE_41
224,John Coltrane,332,1.1203628117914377,5,4.462840025906519,68.6,8,2.8705400188814645,0.1683937823834544,arch,True,0.5601814058957189,PHRASE_16
224,John Coltrane,333,0.9752380952381828,5,5.12695312499954,68.6,5,1.8547236990991407,0.2232142857142149,arch,True,0.4876190476190913,PHRASE_40
224,John Coltrane,334,0.8910657596370584,5,5.611258143323293,67.2,6,2.039607805437114,0.1335504885993784,arch,True,0.4455328798185292,PHRASE_41
224,John Coltrane,335,0.8823582766437994,5,5.6666324013170195,65.4,5,1.8547236990991407,0.0427631578947054,arch,False,0.4411791383218997,PHRASE_41
224,John Coltrane,336,1.050702947846048,5,4.758718922650832,64.0,5,1.6733200530681511,0.1049723756905336,arch,False,0.5253514739230241,PHRASE_41
224,John Coltrane,337,1.0042630385485154,5,4.978775289018518,70.4,7,2.4166091947189146,0.0780346820808168,arch,True,0.5021315192742577,PHRASE_41
224,John Coltrane,338,0.9926530612244732,5,5.0370065789474525,68.2,6,2.039607805437114,0.0877192982455497,arch,False,0.4963265306122366,PHRASE_41
224,John Coltrane,339,0.9636281179139132,4,4.150978915662302,67.25,6,2.277608394786075,0.2228915662652834,arch,False,0.4818140589569566,PHRASE_16
224,John Coltrane,340,0.8939682539682963,4,4.474431818181606,65.25,6,2.277608394786075,0.0844155844155001,arch,False,0.4469841269841481,PHRASE_41
224,John Coltrane,341,0.7836734693878498,4,5.104166666666051,65.0,7,3.082207001484488,0.0703703703701833,flat,False,0.3918367346939249,PHRASE_41
224,John Coltrane,342,0.6124263038548179,4,6.531398104266015,66.25,8,3.2691742076555053,0.1611374407585841,ascending,False,0.3062131519274089,PHRASE_47
224,John Coltrane,343,0.5485714285714494,3,5.468749999999793,64.66666666666667,9,3.681787005729087,0.0476190476189686,ascending,False,0.2742857142857247,PHRASE_41
224,John Coltrane,344,0.4614965986393144,2,4.333726415095667,60.5,5,2.5,0.0880503144652383,ascending,False,0.2307482993196572,PHRASE_41
224,John Coltrane,345,0.5311564625851588,3,5.648053278687198,56.666666666666664,6,2.494438257849294,0.1530054644809234,arch,False,0.2655782312925794,PHRASE_32
224,John Coltrane,346,0.5108390022676303,4,7.830255681817313,59.25,9,3.5619517121937516,0.0909090909091313,ascending,False,0.2554195011338152,PHRASE_47
224,John Coltrane,347,0.9346031746033532,5,5.34986413043376,70.4,7,3.006659275674582,0.1055900621119614,arch,True,0.4673015873016766,PHRASE_41
224,John Coltrane,348,0.9549206349206544,5,5.236037234042447,67.2,6,2.039607805437114,0.121580547112289,arch,False,0.4774603174603271,PHRASE_41
224,John Coltrane,349,0.3512018140588679,2,5.69473140496012,66.5,5,2.5,0.0,descending,False,0.1756009070294339,PHRASE_41
224,John Coltrane,350,0.3802267573696554,2,5.2600190839689,64.5,5,2.5,0.0229007633589383,descending,False,0.1901133786848277,PHRASE_41
224,John Coltrane,351,0.5921088435372894,4,6.755514705883785,64.5,9,3.2015621187164243,0.0294117647057129,ascending,False,0.2960544217686447,PHRASE_47
224,John Coltrane,352,0.7546485260770623,4,5.300480769231016,62.5,9,3.774917217635375,0.2269230769229877,ascending,False,0.3773242630385311,PHRASE_53
224,John Coltrane,353,0.487619047618864,3,6.152343750002317,56.0,7,2.943920288775949,0.3214285714281717,descending,False,0.243809523809432,PHRASE_53
224,John Coltrane,354,0.6733786848074033,4,5.940193965515944,55.25,7,2.8613807855648994,0.1336206896553019,descending,False,0.3366893424037016,PHRASE_32
224,John Coltrane,355,2.0775510204082366,9,4.332023575638354,62.333333333333336,10,3.8873012632302,0.074656188605176,descending,False,1.0387755102041183,PHRASE_03
224,John Coltrane,356,1.2734693877553127,3,2.355769230768841,61.333333333333336,8,3.299831645537222,0.0352564102565035,descending,False,0.6367346938776564,PHRASE_59
224,John Coltrane,357,3.9356009070295386,9,2.286817238995125,65.44444444444444,7,2.2166597048066667,0.1247292002765981,descending,False,1.9678004535147693,PHRASE_59
224,John Coltrane,358,2.876190476190459,13,4.519867549668901,65.53846153846153,15,4.3076923076923075,0.0922421948911811,ascending,False,1.4380952380952294,PHRASE_03
224,John Coltrane,359,3.460317460317583,17,4.912844036697074,58.588235294117645,26,6.5892856305602105,0.1047182175623318,descending,False,1.7301587301587915,PHRASE_10
224,John Coltrane,360,1.807891156462574,8,4.425045153522001,60.125,21,8.115378919064716,0.2052980132449323,ascending,False,0.9039455782312872,PHRASE_10
224,John Coltrane,361,1.4802721088433373,7,4.728860294118286,49.714285714285715,12,4.494895063586364,0.2306372549020194,arch,False,0.7401360544216686,PHRASE_53
224,John Coltrane,362,0.6530612244898748,2,3.06249999999963,49.5,11,5.5,0.1288888888888579,descending,False,0.3265306122449374,PHRASE_17
224,John Coltrane,363,0.3570068027213438,2,5.602134146337456,49.5,7,3.5,0.0406504065045362,descending,False,0.1785034013606719,PHRASE_32
224,John Coltrane,364,0.3570068027211164,2,5.602134146341025,51.5,7,3.5,0.1138211382117549,descending,False,0.1785034013605582,PHRASE_32
224,John Coltrane,365,0.3076643990932552,2,6.500589622635493,53.0,4,2.0,0.094339622641844,descending,False,0.1538321995466276,PHRASE_32
224,John Coltrane,366,0.2989569160997689,2,6.689927184466116,55.5,3,1.5,0.1747572815531174,flat,False,0.1494784580498844,PHRASE_32
224,John Coltrane,367,0.31927437641707,2,6.264204545457754,55.0,2,1.0,0.0272727272722222,flat,False,0.159637188208535,PHRASE_32
224,John Coltrane,368,0.342494331065609,2,5.839512711866975,54.5,7,3.5,0.0932203389826457,descending,False,0.1712471655328045,PHRASE_32
224,John Coltrane,369,0.3018594104307794,2,6.625600961539768,53.5,7,3.5,0.1442307692310661,descending,False,0.1509297052153897,PHRASE_32
224,John Coltrane,370,1.1784126984127852,6,5.091594827585832,54.0,10,3.1091263510296048,0.1600985221675167,flat,False,0.5892063492063926,PHRASE_32
224,John Coltrane,371,1.7792290249433336,9,5.0583707177813375,56.0,24,7.164728420068226,0.1794453507341281,ascending,False,0.8896145124716668,PHRASE_10
224,John Coltrane,372,1.0419954648525618,4,3.838788300835824,65.5,9,3.2015621187164243,0.0779944289689697,ascending,False,0.5209977324262809,PHRASE_41
224,John Coltrane,373,0.3860317460316764,2,5.180921052632513,51.0,6,3.0,0.1203007518797878,descending,False,0.1930158730158382,PHRASE_32
224,John Coltrane,374,1.1232653061224482,8,7.122093023255819,53.875,9,3.0998991919093113,0.1421188630488205,arch,False,0.5616326530612241,PHRASE_32
224,John Coltrane,375,3.384308390022852,16,4.727701543739033,60.0625,19,5.5617977084752015,0.173241852487122,ascending,False,1.692154195011426,PHRASE_60
224,John Coltrane,376,1.921451247165578,6,3.1226397280966034,66.66666666666667,7,2.494438257849294,0.0694864048338147,descending,False,0.960725623582789,PHRASE_59
224,John Coltrane,377,4.677551020408146,13,2.7792321116928553,67.15384615384616,7,2.0697883149344167,0.1375024238898704,flat,True,2.338775510204073,PHRASE_39
224,John Coltrane,378,4.40408163265306,13,2.9518072289156634,66.76923076923077,7,2.4543163282375104,0.1139944392956078,flat,False,2.20204081632653,PHRASE_59
224,John Coltrane,379,4.322448979591854,14,3.2389046270065966,63.785714285714285,9,2.6234810960295656,0.1103346973034808,descending,True,2.161224489795927,PHRASE_50
224,John Coltrane,380,8.440000000000055,27,3.199052132701401,63.51851851851852,22,5.750171465207511,0.1154313226081096,descending,False,4.220000000000027,PHRASE_63
224,John Coltrane,381,14.956553287981931,46,3.075574907820672,70.6086956521739,11,2.480167077730723,0.1243996215796614,descending,False,7.4782766439909665,PHRASE_07
224,John Coltrane,382,5.778866213152014,23,3.9800194625815575,69.6086956521739,10,2.7778491904283977,0.0979407332999121,descending,True,2.889433106576007,PHRASE_50
224,John Coltrane,383,4.1534693877551945,14,3.370676100628856,69.42857142857143,15,4.012734830053754,0.1453529000700135,ascending,False,2.0767346938775972,PHRASE_55
224,John Coltrane,384,9.943945578231478,38,3.8214207530647273,68.39473684210526,17,4.307517747064339,0.1198099095154587,descending,False,4.971972789115739,PHRASE_13
224,John Coltrane,385,2.9344217687073524,12,4.089391691394841,58.833333333333336,16,4.963757537278477,0.0553907022750085,descending,False,1.4672108843536762,PHRASE_60
224,John Coltrane,386,1.369977324263118,7,5.109573622881059,59.57142857142857,19,7.326217945690335,0.0529661016949001,ascending,True,0.6849886621315591,PHRASE_10
224,John Coltrane,387,8.945487528344756,44,4.918681051265366,65.61363636363636,15,4.307582685804339,0.1888384166125526,descending,False,4.472743764172378,PHRASE_13
224,John Coltrane,388,5.456689342403479,24,4.398271276595865,65.29166666666667,28,6.432205211969601,0.0930851063830017,flat,False,2.7283446712017394,PHRASE_42
224,John Coltrane,389,2.002721088435237,8,3.9945652173915778,51.875,12,4.106016926414211,0.0913043478261723,ascending,True,1.0013605442176186,PHRASE_32
224,John Coltrane,390,1.3641723356008697,9,6.5974069148937975,67.11111111111111,8,2.3778816176702997,0.0531914893618581,ascending,False,0.6820861678004349,PHRASE_47
224,John Coltrane,391,4.075102040816091,24,5.889423076923417,69.0,21,5.597618541248888,0.1730769230769874,ascending,True,2.0375510204080456,PHRASE_22
224,John Coltrane,392,2.560907029478358,6,2.3429198838281007,74.33333333333333,13,5.280993172584953,0.0700219593398218,descending,True,1.280453514739179,PHRASE_55
224,John Coltrane,393,2.191383219954787,5,2.2816639072846243,63.0,32,14.38054240979804,0.0582781456953929,descending,True,1.0956916099773937,PHRASE_15
224,John Coltrane,394,1.814058956916142,10,5.512499999999871,76.1,12,4.158124577258358,0.0863999999999833,descending,True,0.907029478458071,PHRASE_37
224,John Coltrane,395,7.569523809523844,18,2.3779567186713533,72.33333333333333,23,6.765927710061479,0.0838186306227966,descending,True,3.784761904761922,PHRASE_36
224,John Coltrane,396,5.854829931972972,17,2.903585620337789,62.47058823529411,21,5.337080575159415,0.0937342659510423,descending,False,2.927414965986486,PHRASE_63
224,John Coltrane,397,3.9531972789116026,10,2.529598017621121,69.1,9,2.947880594596735,0.0537353157120924,flat,False,1.9765986394558013,PHRASE_59
224,John Coltrane,398,2.319092970521524,7,3.0184214643304363,69.85714285714286,4,1.124858267715973,0.0565941802253633,flat,False,1.159546485260762,PHRASE_27
224,John Coltrane,399,1.8346938775509896,9,4.905450500556255,65.0,8,2.309401076758503,0.0556173526138799,descending,False,0.9173469387754948,PHRASE_41
224,John Coltrane,400,2.0142857142857338,9,4.468085106382936,61.333333333333336,12,3.4641016151377544,0.1286727456941159,arch,False,1.0071428571428669,PHRASE_03
224,John Coltrane,401,4.146938775510307,18,4.340551181102255,65.77777777777777,12,3.552081636254618,0.1028543307085642,ascending,False,2.0734693877551535,PHRASE_50
224,John Coltrane,402,3.370612244897984,16,4.746912085250631,67.0625,9,2.9255074346171126,0.0511288716664526,flat,False,1.685306122448992,PHRASE_41
224,John Coltrane,403,0.6907936507936938,3,4.342830882352671,71.66666666666667,4,1.699673171197595,0.0252100840337904,ascending,False,0.3453968253968469,PHRASE_40
224,John Coltrane,404,1.4541496598640151,4,2.7507485029938805,70.0,9,3.24037034920393,0.0299401197605333,descending,False,0.7270748299320076,PHRASE_59
224,John Coltrane,405,1.877913832199738,6,3.1950347758883915,70.0,9,2.70801280154532,0.1035548686244976,ascending,True,0.938956916099869,PHRASE_59
224,John Coltrane,406,2.5147392290248263,7,2.783588818755766,70.42857142857143,9,3.1102201510110343,0.0528764652839288,descending,True,1.2573696145124131,PHRASE_59
224,John Coltrane,407,10.252380952380918,36,3.511379470506282,67.41666666666667,31,7.945561304555169,0.1434587397429519,descending,False,5.126190476190459,PHRASE_38
224,John Coltrane,408,11.302993197278964,42,3.7158298927500817,65.38095238095238,35,9.834226870506372,0.0783490015287279,descending,False,5.651496598639483,PHRASE_15
224,John Coltrane,409,5.454104308390015,23,4.217007724736625,64.78260869565217,31,8.75242337491951,0.1171515761290934,descending,False,2.7270521541950075,PHRASE_15
224,John Coltrane,410,5.634285714285852,22,3.904665314401527,72.0,23,5.468920451889103,0.1123184906147036,descending,False,2.817142857142926,PHRASE_36
224,John Coltrane,411,3.502040816326371,9,2.5699300699301872,66.33333333333333,7,1.9436506316151,0.0419321419321291,flat,False,1.7510204081631855,PHRASE_59
224,John Coltrane,412,1.7999999999997272,5,2.7777777777781987,67.4,4,1.4966629547095764,0.097505668933955,descending,False,0.8999999999998636,PHRASE_27
224,John Coltrane,413,1.7983673469386758,10,5.560599182932673,53.3,13,3.407345007480164,0.1997528622585196,ascending,False,0.8991836734693379,PHRASE_53
224,John Coltrane,414,1.8634013605442303,7,3.756571261682217,67.14285714285714,7,2.4743582965269675,0.0823841510904331,flat,False,0.9317006802721152,PHRASE_59
224,John Coltrane,415,5.551020408163367,21,3.783088235294048,66.33333333333333,15,5.092789798971476,0.283602941176459,ascending,False,2.7755102040816837,PHRASE_58
224,John Coltrane,416,3.130612244897975,13,4.152542372881335,67.23076923076923,14,4.079099564173186,0.236332029552514,ascending,True,1.5653061224489877,PHRASE_58
224,John Coltrane,417,4.122448979591809,20,4.851485148514884,66.5,14,4.3531597719357835,0.1742574257425689,ascending,False,2.0612244897959044,PHRASE_58
224,John Coltrane,418,4.083673469387804,19,4.652673663168359,66.63157894736842,14,5.469634129164876,0.1654172913545226,ascending,False,2.041836734693902,PHRASE_35
224,John Coltrane,419,5.475510204081729,27,4.931047335072593,65.29629629629629,14,6.054167923467422,0.2385389489377393,ascending,False,2.7377551020408646,PHRASE_01
224,John Coltrane,420,1.6081632653060751,10,6.21827411167531,66.2,17,6.794115100585212,0.1611675126904789,ascending,False,0.8040816326530376,PHRASE_60
224,John Coltrane,421,3.179591836734744,13,4.088575096277214,64.3076923076923,14,6.055952131004484,0.2214377406932498,ascending,True,1.589795918367372,PHRASE_35
224,John Coltrane,422,4.711655328798315,12,2.546875601586193,69.5,9,2.3979157616563596,0.1425518807993228,descending,False,2.3558276643991576,PHRASE_39
224,John Coltrane,423,2.324897959183545,6,2.5807584269664345,68.5,6,2.29128784747792,0.1048689138575464,descending,False,1.1624489795917723,PHRASE_59
224,John Coltrane,424,3.1560090702948855,10,3.1685587009626808,69.3,8,3.001666203960727,0.0841212817934372,ascending,False,1.5780045351474428,PHRASE_59
224,John Coltrane,425,3.549750566893408,17,4.789068887980397,69.52941176470588,12,3.6960654288011785,0.17416189697467,descending,False,1.774875283446704,PHRASE_58
224,John Coltrane,426,1.6593197278909884,9,5.423909478518096,67.66666666666667,7,2.211083193570267,0.0970810101670748,ascending,True,0.8296598639454942,PHRASE_41
224,John Coltrane,427,5.818367346938658,30,5.156085584005717,62.833333333333336,16,3.983995760818807,0.1451264663470004,descending,False,2.909183673469329,PHRASE_22
224,John Coltrane,428,11.66122448979604,52,4.4592229611480105,60.01923076923077,24,6.218738384961351,0.1688367751721574,ascending,True,5.83061224489802,PHRASE_23
224,John Coltrane,429,9.0448979591838,43,4.754061371841089,65.44186046511628,14,3.5522827615125627,0.2205926594464546,descending,False,4.5224489795919,PHRASE_13
224,John Coltrane,430,1.465306122449192,8,5.459610027854361,65.75,17,5.629165124598851,0.1590529247910674,ascending,True,0.7326530612245961,PHRASE_60
224,John Coltrane,431,1.0102040816327644,5,4.949494949494404,64.6,7,2.576819745345025,0.1151515151517238,arch,False,0.5051020408163822,PHRASE_41
224,John Coltrane,432,1.442857142857065,7,4.851485148515113,66.42857142857143,17,5.602477586036451,0.1430143014299606,descending,False,0.7214285714285325,PHRASE_60
224,John Coltrane,433,1.1285714285713766,5,4.430379746835647,71.0,9,3.521363372331802,0.2839059674502399,ascending,False,0.5642857142856883,PHRASE_02
224,John Coltrane,434,1.9556462585035208,7,3.5793794350909187,63.857142857142854,18,6.379175303361745,0.051342702100973,descending,False,0.9778231292517604,PHRASE_06
224,John Coltrane,435,2.0968253968251247,11,5.246025738077895,60.81818181818182,19,5.890179528336387,0.1073212933925582,descending,True,1.0484126984125623,PHRASE_60
224,John Coltrane,436,0.9877551020408646,6,6.074380165288959,53.833333333333336,9,3.435921354681384,0.1033057851241686,arch,False,0.4938775510204323,PHRASE_32
224,John Coltrane,437,0.8330158730159383,5,6.0022865853653835,55.8,10,3.762977544445356,0.0766550522649814,ascending,False,0.4165079365079691,PHRASE_32
224,John Coltrane,438,2.6673922902493814,12,4.498775843308031,64.25,14,4.45580146176495,0.1425462459196662,ascending,False,1.3336961451246907,PHRASE_35
224,John Coltrane,439,1.5760544217687311,6,3.80697513812149,69.0,8,2.516611478423583,0.1786372007365645,flat,False,0.7880272108843656,PHRASE_16
224,John Coltrane,440,0.8185034013604309,5,6.108710106383825,69.0,7,2.449489742783178,0.0815602836877915,descending,True,0.4092517006802154,PHRASE_41
224,John Coltrane,441,8.808798185940987,55,6.243757529577766,70.78181818181818,6,1.680810508933755,0.1486042608401077,flat,False,4.404399092970493,PHRASE_20
224,John Coltrane,442,8.667120181405835,62,7.153471822510646,70.7258064516129,9,2.088133561099633,0.1358327664695179,arch,False,4.3335600907029175,PHRASE_20
224,John Coltrane,443,7.227755102040874,24,3.320533092387595,67.75,7,2.504163200219453,0.1499761564139422,arch,False,3.613877551020437,PHRASE_09
224,John Coltrane,444,24.42022675736962,125,5.118707587851414,68.192,8,2.8974361080099764,0.2427228460106708,flat,False,12.21011337868481,PHRASE_31
224,John Coltrane,445,4.805804988662203,19,3.953552015702795,64.47368421052632,19,5.442217244088658,0.0896685791936346,descending,False,2.4029024943311015,PHRASE_06
224,John Coltrane,446,10.652154195011462,61,5.726541212533993,67.63934426229508,12,3.193398861921188,0.2083404291553467,flat,False,5.326077097505731,PHRASE_20
224,John Coltrane,447,3.742857142857247,8,2.1374045801526123,70.875,12,3.950870157319777,0.1166848418756639,descending,False,1.8714285714286232,PHRASE_55
224,John Coltrane,448,6.125714285714139,20,3.264925373134407,63.65,37,8.895363961075454,0.0814084340203444,descending,False,3.0628571428570694,PHRASE_15
224,John Coltrane,449,5.471201814058986,21,3.838279177718813,52.38095238095238,18,5.02826478141497,0.1103448275861845,ascending,False,2.735600907029493,PHRASE_30
224,John Coltrane,450,5.545396825396665,26,4.688573391344308,60.65384615384615,16,3.911937427652674,0.0780529294382617,arch,False,2.7726984126983325,PHRASE_22
224,John Coltrane,451,1.097959183673538,6,5.464684014869547,63.5,15,6.3966136874651625,0.1821561338290263,ascending,True,0.548979591836769,PHRASE_60
224,John Coltrane,452,7.302675736961646,35,4.792763811605595,59.542857142857144,27,7.092623359692024,0.1077106518283325,descending,True,3.651337868480823,PHRASE_10
224,John Coltrane,453,2.081632653061206,8,3.843137254901995,53.375,18,5.072905971925756,0.0838779956426832,ascending,True,1.040816326530603,PHRASE_30
224,John Coltrane,454,6.739591836734689,35,5.1931928294573675,62.371428571428574,19,4.216198113302107,0.0822566752799178,flat,False,3.3697959183673447,PHRASE_22
224,John Coltrane,455,1.495691609977257,5,3.342935112189356,73.0,14,5.176871642217914,0.2945421467555192,arch,False,0.7478458049886285,PHRASE_02
224,John Coltrane,456,1.924807256235681,4,2.0781301540928023,69.0,9,3.24037034920393,0.0043824513453931,descending,False,0.9624036281178404,PHRASE_59
224,John Coltrane,457,5.402585034013555,24,4.44231786244936,66.0,11,3.1490739379485304,0.1209129752281066,descending,True,2.7012925170067774,PHRASE_50
224,John Coltrane,458,3.720136054421801,13,3.494495849028972,65.3076923076923,12,3.4055297878736392,0.0832632361726879,flat,False,1.8600680272109005,PHRASE_50
224,John Coltrane,459,6.385487528344584,21,3.2887073863636815,63.61904761904762,24,6.579015633969731,0.084545454545378,descending,False,3.192743764172292,PHRASE_42
224,John Coltrane,460,1.9497505668934991,7,3.5902028284330587,58.142857142857146,14,4.580348440537542,0.0298195013025459,ascending,False,0.9748752834467496,PHRASE_30
224,John Coltrane,461,3.8226757369614006,22,5.755131095029142,65.36363636363636,26,5.661235446160096,0.1035947324712009,ascending,False,1.9113378684807003,PHRASE_10
224,John Coltrane,462,5.012244897959363,16,3.1921824104233387,67.0,17,4.58257569495584,0.0598081795150676,descending,False,2.5061224489796814,PHRASE_06
224,John Coltrane,463,5.69469387755089,18,3.160837155963375,68.22222222222223,15,4.0764302950764755,0.0422241335372254,descending,False,2.847346938775445,PHRASE_55
224,John Coltrane,464,3.622312925170036,18,4.96920072115389,65.61111111111111,10,3.0025709148603688,0.0705128205129231,flat,False,1.8111564625850176,PHRASE_03
224,John Coltrane,465,4.546848072562398,9,1.9793931656326509,64.44444444444444,5,1.9499920860871385,0.0279478944323919,descending,False,2.273424036281199,PHRASE_00
225,John Coltrane,1,8.503038548752837,15,1.7640752672114004,67.73333333333333,7,1.948218559493661,0.1407526721140109,descending,True,4.2515192743764185,PHRASE_25
225,John Coltrane,2,6.130612244897954,18,2.93608521970706,60.0,16,4.281744192888376,0.2237017310252995,descending,False,3.065306122448977,PHRASE_18
225,John Coltrane,3,2.0938775510204124,8,3.8206627680311818,66.0,17,5.809475019311125,0.1267056530214473,ascending,False,1.0469387755102062,PHRASE_06
225,John Coltrane,4,2.5102040816326507,10,3.9837398373983777,68.4,12,3.1048349392520045,0.1499367660343273,descending,False,1.2551020408163254,PHRASE_16
225,John Coltrane,5,2.579591836734693,12,4.651898734177217,64.08333333333333,17,5.453719423985392,0.0774613220815777,ascending,False,1.2897959183673464,PHRASE_60
225,John Coltrane,6,2.7775510204081613,12,4.320352681851583,62.25,18,5.324863065531983,0.1557678177810392,descending,False,1.3887755102040806,PHRASE_60
225,John Coltrane,7,2.2120634920634927,7,3.1644661308840405,53.285714285714285,19,7.591617288906527,0.1143185173035912,arch,False,1.1060317460317464,PHRASE_30
225,John Coltrane,8,1.8459863945578263,8,4.333726415094332,56.125,17,4.9355217555999085,0.1320754716981171,ascending,True,0.9229931972789132,PHRASE_60
225,John Coltrane,9,5.529750566893419,23,4.159319615192202,60.17391304347826,25,6.657145059277637,0.1752384545357621,descending,False,2.7648752834467096,PHRASE_42
225,John Coltrane,10,10.29623582766439,36,3.496423411677652,61.666666666666664,21,5.2014955114424115,0.2945708094013158,flat,False,5.148117913832195,PHRASE_01
225,John Coltrane,11,17.32244897959184,56,3.2327992459943444,59.857142857142854,28,7.619122023446223,0.3418473138548513,descending,False,8.66122448979592,PHRASE_11
225,John Coltrane,12,5.6979591836734755,8,1.40401146131805,68.375,9,3.0388114452858046,0.0436962750716322,descending,False,2.8489795918367378,PHRASE_49
225,John Coltrane,13,9.294058956916103,21,2.2595079391413813,68.04761904761905,14,3.644646308219515,0.1742512223447555,descending,False,4.647029478458052,PHRASE_25
225,John Coltrane,14,2.092698412698411,5,2.389259708737866,69.0,9,3.3466401061363023,0.166435506241329,descending,False,1.0463492063492057,PHRASE_39
225,John Coltrane,15,5.790476190476198,10,1.726973684210524,70.1,9,2.7,0.2852130325814572,descending,False,2.895238095238099,PHRASE_14
225,John Coltrane,16,3.2507936507936677,5,1.538085937499992,70.2,2,0.9797958971132712,0.1330357142857132,flat,False,1.6253968253968338,PHRASE_34
225,John Coltrane,17,2.110113378684801,5,2.369540921595606,68.6,6,2.33238075793812,0.1568088033012313,descending,False,1.0550566893424005,PHRASE_24
225,John Coltrane,18,9.137052154195004,23,2.51722323697586,68.34782608695652,13,3.4717330048134136,0.209180432020327,flat,False,4.568526077097502,PHRASE_25
225,John Coltrane,19,9.884761904761916,34,3.439637730031791,64.6470588235294,18,4.645569381560535,0.1983171146867049,descending,False,4.942380952380958,PHRASE_13
225,John Coltrane,20,5.990748299319705,24,4.006177325581411,61.208333333333336,22,6.745240091270947,0.2223610101744095,ascending,False,2.9953741496598525,PHRASE_01
225,John Coltrane,21,5.769705215419492,17,2.9464243605665734,68.6470588235294,10,2.6108636495496644,0.1588718932260112,descending,False,2.884852607709746,PHRASE_39
225,John Coltrane,22,7.469478458049878,23,3.0791975810858436,59.0,29,7.695283705254006,0.373523090187119,ascending,False,3.734739229024939,PHRASE_01
225,John Coltrane,23,6.406122448979602,22,3.434214718063072,57.72727272727273,25,7.574969655995738,0.3094049768149828,descending,True,3.203061224489801,PHRASE_01
225,John Coltrane,24,2.4768707482993193,10,4.037352375720957,53.7,12,3.348133808556641,0.1791266135676921,ascending,False,1.2384353741496597,PHRASE_53
225,John Coltrane,25,5.75736961451247,24,4.1685703032690045,58.958333333333336,18,5.412017235334304,0.2618353682552124,ascending,False,2.878684807256235,PHRASE_01
225,John Coltrane,26,5.725578231292502,11,1.9212033362640544,67.45454545454545,9,3.2575405213034396,0.1245792045877567,descending,False,2.862789115646251,PHRASE_49
225,John Coltrane,27,8.469387755102048,32,3.778313253012045,66.6875,12,3.1467989687935263,0.1867469879518116,descending,False,4.234693877551024,PHRASE_09
225,John Coltrane,28,14.454603174603164,39,2.698102433453397,62.43589743589744,28,7.221033635063015,0.2217184774287406,descending,True,7.227301587301582,PHRASE_38
225,John Coltrane,29,1.0840816326530671,5,4.6121987951806975,65.0,10,3.687817782917155,0.1659973226238414,ascending,True,0.5420408163265336,PHRASE_16
225,John Coltrane,30,7.710476190476186,31,4.020503952569173,61.38709677419355,28,9.1358119131917,0.1034961415396188,descending,True,3.855238095238093,PHRASE_15
225,John Coltrane,31,2.1725170068027353,8,3.682364729458894,67.125,10,3.370367190678191,0.139612558450232,arch,False,1.0862585034013676,PHRASE_16
225,John Coltrane,32,6.861496598639434,30,4.372223984771588,59.2,22,5.509990925582365,0.1526808375634465,descending,False,3.430748299319717,PHRASE_01
225,John Coltrane,33,11.414648526077087,38,3.32905563523817,64.0,23,5.424117682312852,0.2741991235354185,descending,False,5.707324263038544,PHRASE_01
225,John Coltrane,34,4.644897959183709,8,1.7223198594024474,64.625,10,3.314268395890713,0.1520210896309349,descending,False,2.3224489795918544,PHRASE_39
225,John Coltrane,35,9.572426303854913,24,2.507201334141895,71.0,24,6.013872850889571,0.1922566707095168,ascending,False,4.786213151927456,PHRASE_05
225,John Coltrane,36,9.971791383219966,29,2.9082036402004716,65.62068965517241,32,8.096034759974822,0.2842030580594751,descending,False,4.985895691609983,PHRASE_15
225,John Coltrane,37,1.8924263038548472,7,3.698955138036864,69.14285714285714,11,3.6027200608338545,0.27453987730062,flat,False,0.9462131519274236,PHRASE_02
225,John Coltrane,38,6.475510204081672,21,3.2429877087929206,65.0952380952381,16,4.139297868971568,0.2956192877403241,descending,True,3.237755102040836,PHRASE_43
225,John Coltrane,39,3.3816326530612173,15,4.435727217863619,56.2,22,5.217917847826532,0.2516596258297797,descending,False,1.6908163265306086,PHRASE_60
225,John Coltrane,40,2.0693877551020705,8,3.865877712031503,53.875,12,4.594493987372276,0.273175542406284,descending,False,1.0346938775510353,PHRASE_53
225,John Coltrane,41,0.8979591836734926,4,4.45454545454534,52.0,9,3.391164991562634,0.104545454545504,arch,False,0.4489795918367463,PHRASE_32
225,John Coltrane,42,1.0612244897958476,5,4.711538461538776,54.2,9,3.3105890714493698,0.1519230769230953,arch,False,0.5306122448979238,PHRASE_32
225,John Coltrane,43,8.049478458049919,36,4.472339442563267,60.19444444444444,17,4.557164350073436,0.1763187992630783,ascending,False,4.024739229024959,PHRASE_13
225,John Coltrane,44,5.230294784580508,14,2.676713374028852,69.42857142857143,22,5.010193690500052,0.1742508324084555,ascending,False,2.615147392290254,PHRASE_36
225,John Coltrane,45,4.30149659863946,15,3.4871584008097134,70.53333333333333,7,2.0286832072937253,0.1376518218623452,flat,False,2.15074829931973,PHRASE_16
225,John Coltrane,46,3.4897959183673493,12,3.438596491228068,68.16666666666667,13,4.431578600102777,0.3538011695906277,flat,False,1.7448979591836746,PHRASE_02
225,John Coltrane,47,0.9041269841270037,4,4.424157303370691,71.5,3,1.118033988749895,0.0930979133226193,flat,True,0.4520634920635018,PHRASE_40
225,John Coltrane,48,8.153832199546514,34,4.169818456883495,61.85294117647059,29,8.363549601557718,0.1341216516864043,descending,True,4.076916099773257,PHRASE_15
225,John Coltrane,49,1.995056689342391,5,2.506194448864556,48.4,9,3.2619012860600183,0.0979973176331579,ascending,False,0.9975283446711956,PHRASE_17
225,John Coltrane,50,1.391746031745981,7,5.029653284671715,53.285714285714285,7,2.1852940772540506,0.1918665276329012,flat,True,0.6958730158729907,PHRASE_32
225,John Coltrane,51,1.9098412698412517,9,4.712433510638343,54.111111111111114,12,3.5416394334464947,0.1968085106382752,ascending,False,0.9549206349206258,PHRASE_53
225,John Coltrane,52,2.6790022675737077,13,4.852552816901388,59.46153846153846,15,3.9732835600446026,0.2042253521126508,descending,False,1.339501133786854,PHRASE_53
225,John Coltrane,53,2.36408163265304,8,3.383977900552517,61.5,16,4.415880433163924,0.3335635359116178,flat,False,1.18204081632652,PHRASE_43
225,John Coltrane,54,9.842857142857156,33,3.3526850507982537,68.03030303030303,9,2.3026315444258025,0.1714792544981185,descending,False,4.921428571428578,PHRASE_29
225,John Coltrane,55,3.8835374149659856,7,1.8024803811659196,72.42857142857143,5,1.91662969499982,0.0534379671150902,flat,False,1.9417687074829928,PHRASE_00
225,John Coltrane,56,8.230249433106565,30,3.6450900114064098,65.1,24,7.23118247591637,0.1994192101478484,descending,False,4.115124716553282,PHRASE_01
225,John Coltrane,57,2.8714285714285666,10,3.482587064676623,69.1,22,6.876772498781678,0.1648582484403538,descending,False,1.4357142857142833,PHRASE_36
225,John Coltrane,58,2.765306122448976,12,4.3394833948339535,56.5,21,5.7081812631812365,0.1392865928659481,descending,True,1.382653061224488,PHRASE_60
225,John Coltrane,59,1.0265306122448692,5,4.870775347912661,55.0,14,5.059644256269407,0.1689860834989723,ascending,True,0.5132653061224346,PHRASE_53
225,John Coltrane,60,2.0244897959183845,8,3.9516129032257727,54.875,12,3.75624480032918,0.1118951612903579,ascending,True,1.0122448979591925,PHRASE_32
225,John Coltrane,61,1.951020408163288,9,4.6129707112970175,64.11111111111111,12,3.071172213574501,0.2269874476987604,descending,False,0.975510204081644,PHRASE_16
225,John Coltrane,62,1.6918367346938794,6,3.546441495778042,56.333333333333336,12,3.901566636906542,0.2026537997587529,ascending,False,0.8459183673469397,PHRASE_53
225,John Coltrane,63,10.732653061224482,45,4.192812321734173,65.53333333333333,21,4.344089215371977,0.2332805138281493,descending,False,5.366326530612241,PHRASE_23
225,John Coltrane,64,3.346984126984069,8,2.3902115147491645,65.75,7,2.7726341266023544,0.1642796168073707,flat,False,1.6734920634920345,PHRASE_39
225,John Coltrane,65,3.747120181405876,12,3.202459333849746,66.58333333333333,9,3.946693412071539,0.2381148334624345,descending,True,1.873560090702938,PHRASE_18
225,John Coltrane,66,0.5497505668934082,3,5.457020293681068,71.33333333333333,5,2.0548046676563256,0.0871143375680573,ascending,False,0.2748752834467041,PHRASE_40
225,John Coltrane,67,0.583401360544201,3,5.142257462686715,71.66666666666667,6,2.494438257849294,0.1144278606964868,ascending,False,0.2917006802721005,PHRASE_40
225,John Coltrane,68,2.934421768707466,9,3.0670437685460117,72.44444444444444,14,4.1126123385159445,0.2355341246290744,descending,False,1.467210884353733,PHRASE_08
225,John Coltrane,69,3.9780498866212497,15,3.770691778010915,62.13333333333333,29,7.246761728907303,0.151762506270194,descending,False,1.9890249433106248,PHRASE_42
225,John Coltrane,70,0.8244897959183959,3,3.6386138613860126,46.666666666666664,5,2.357022603955158,0.1460396039604129,arch,False,0.4122448979591979,PHRASE_32
225,John Coltrane,71,2.283673469387736,9,3.941018766756065,54.0,15,4.9216076867444665,0.1814119749776338,ascending,False,1.141836734693868,PHRASE_53
225,John Coltrane,72,0.6625396825397161,2,3.0186871106850415,54.5,7,3.5,0.0169073858580211,ascending,False,0.331269841269858,PHRASE_17
225,John Coltrane,73,0.414285714285711,2,4.82758620689659,53.5,1,0.5,0.1083743842364843,arch,False,0.2071428571428555,PHRASE_32
225,John Coltrane,74,0.6160090702947514,2,3.246705440624485,56.5,9,4.5,0.425900022086413,descending,True,0.3080045351473757,PHRASE_62
225,John Coltrane,75,0.585714285714289,3,5.121951219512167,56.333333333333336,9,3.858612300930075,0.1811846689896407,ascending,False,0.2928571428571445,PHRASE_53
225,John Coltrane,76,1.5149206349206563,6,3.9606035205364063,54.5,6,2.0615528128088303,0.2941863249910125,flat,True,0.7574603174603283,PHRASE_53
225,John Coltrane,77,3.1815873015872853,13,4.086010776292178,56.84615384615385,26,8.392727198145142,0.2464863015650933,descending,False,1.5907936507936429,PHRASE_10
225,John Coltrane,78,1.4565986394557626,6,4.119185503456062,58.0,25,9.539392014169456,0.1790273366959344,descending,True,0.7282993197278813,PHRASE_10
225,John Coltrane,79,1.6253968253968196,7,4.306640625000015,53.142857142857146,10,2.899683304312063,0.1928571428571808,ascending,False,0.8126984126984098,PHRASE_53
225,John Coltrane,80,8.968707482993182,39,4.34845266990292,62.46153846153846,19,5.305276298883506,0.2906148867314079,ascending,False,4.484353741496591,PHRASE_01
225,John Coltrane,81,9.523083900226766,27,2.835216016458394,68.37037037037037,16,3.476355564520686,0.250371456872905,descending,False,4.761541950113383,PHRASE_29
225,John Coltrane,82,4.478548752834456,7,1.5630063188593688,70.57142857142857,14,4.467570220317683,0.1011017498379709,descending,False,2.239274376417228,PHRASE_52
225,John Coltrane,83,9.05179138321995,16,1.7676059160687814,67.3125,37,8.921314014762624,0.1491642951621215,descending,False,4.525895691609975,PHRASE_15
225,John Coltrane,84,11.427120181405884,51,4.463066738633482,64.49019607843137,29,5.581385550867777,0.2239014478028984,descending,False,5.713560090702941,PHRASE_23
225,John Coltrane,85,8.083310657596314,35,4.329909053675755,59.628571428571426,35,7.924954129784202,0.1633162586892741,flat,False,4.041655328798157,PHRASE_15
225,John Coltrane,86,4.456553287981933,3,0.6731659661941334,79.66666666666667,6,2.494438257849294,0.0165264025563048,arch,True,2.2282766439909665,PHRASE_12
225,John Coltrane,87,1.779591836734653,2,1.1238532110092,79.0,4,2.0,0.0412844036697546,descending,False,0.8897959183673265,PHRASE_12
225,John Coltrane,88,5.442811791383178,9,1.6535570850067618,74.88888888888889,16,5.258737584977436,0.1887779759027924,descending,True,2.721405895691589,PHRASE_08
225,John Coltrane,89,5.685714285714312,7,1.2311557788944667,78.57142857142857,7,2.498979383505129,0.2218234027279298,flat,True,2.842857142857156,PHRASE_51
225,John Coltrane,90,3.941451247165446,15,3.805704817682947,68.0,16,4.604345773288535,0.1719039455062761,descending,False,1.970725623582723,PHRASE_35
225,John Coltrane,91,5.061950113378657,12,2.37062786697249,72.66666666666667,17,4.8876260995383936,0.2075688073394987,descending,True,2.5309750566893285,PHRASE_08
225,John Coltrane,92,5.962222222222181,19,3.1867312709653595,56.73684210526316,28,8.365606941602328,0.1801973118729437,descending,False,2.9811111111110904,PHRASE_15
225,John Coltrane,93,1.4454421768707562,5,3.459149096385523,55.4,20,8.404760555780278,0.112449799196849,flat,True,0.7227210884353781,PHRASE_10
225,John Coltrane,94,9.16172335600902,41,4.4751405829241495,60.68292682926829,25,6.5199095624067605,0.1774116901631309,flat,False,4.58086167800451,PHRASE_01
225,John Coltrane,95,7.6102040816326735,29,3.8106731027084906,65.72413793103448,23,7.542507365610283,0.1695539465451081,descending,False,3.8051020408163367,PHRASE_42
225,John Coltrane,96,5.3710657596370766,20,3.723655768711237,60.6,27,9.815294188153509,0.1302857335855624,descending,True,2.6855328798185383,PHRASE_15
225,John Coltrane,97,5.769387755102116,21,3.639900955076005,60.76190476190476,27,9.58622405381688,0.1924301379554702,descending,False,2.884693877551058,PHRASE_15
225,John Coltrane,98,5.8379591836734335,22,3.7684401873733018,60.81818181818182,27,9.79627184947214,0.140980524676273,descending,False,2.9189795918367167,PHRASE_15
225,John Coltrane,99,5.623582766439881,21,3.734274193548406,61.23809523809524,29,11.467987584097958,0.2326048387096709,descending,False,2.8117913832199406,PHRASE_15
225,John Coltrane,100,5.642448979591791,21,3.721788194444475,61.19047619047619,27,11.206371689351968,0.1957304526748816,descending,False,2.8212244897958954,PHRASE_15
225,John Coltrane,101,5.845623582766393,20,3.4213629592850325,58.95,27,10.11175059027862,0.2336146971201302,descending,False,2.922811791383197,PHRASE_15
225,John Coltrane,102,5.626485260771005,22,3.910078669074005,59.95454545454545,26,10.84802987026288,0.1594015991746568,descending,False,2.8132426303855027,PHRASE_15
225,John Coltrane,103,5.910113378684741,10,1.692014917356025,74.9,12,4.784349485562275,0.189474976595701,descending,True,2.95505668934237,PHRASE_08
225,John Coltrane,104,9.976462585034028,30,3.0070778839990684,64.73333333333333,18,4.358389100981641,0.1708783940431192,descending,False,4.988231292517014,PHRASE_48
225,John Coltrane,105,6.080725623582794,24,3.946897374701653,61.375,28,8.48436061232666,0.0945107398567792,descending,False,3.040362811791397,PHRASE_15
225,John Coltrane,106,15.493877551020432,53,3.4207060063224395,55.301886792452834,29,7.416414496721718,0.32917983842643,ascending,True,7.746938775510216,PHRASE_11
225,John Coltrane,107,9.35006802721091,41,4.384994834334927,63.63414634146341,20,4.761410415970869,0.1161959363434472,ascending,False,4.675034013605455,PHRASE_13
225,John Coltrane,108,4.730612244897998,8,1.6911130284728075,64.625,7,2.394655507583502,0.1478669350972789,ascending,False,2.365306122448999,PHRASE_39
225,John Coltrane,109,6.763310657596321,20,2.957131649355287,62.25,22,5.43023940540378,0.1743366570331125,descending,True,3.381655328798161,PHRASE_63
225,John Coltrane,110,14.67646258503396,42,2.8617250074162075,68.57142857142857,21,5.274118554849923,0.1681499060614819,arch,False,7.33823129251698,PHRASE_07
225,John Coltrane,111,6.156780045351525,21,3.410873840759564,71.52380952380952,10,1.990909043844464,0.1132096319158769,flat,False,3.0783900226757623,PHRASE_09
225,John Coltrane,112,6.318367346938771,26,4.1149870801033614,59.38461538461539,23,6.616279009306824,0.2609388458225745,ascending,False,3.1591836734693857,PHRASE_01
225,John Coltrane,113,3.877551020408191,8,2.063157894736827,62.5,7,2.1213203435596424,0.0715789473683925,arch,True,1.9387755102040956,PHRASE_21
225,John Coltrane,114,6.026530612244869,13,2.157128344056902,62.07692307692308,22,5.967366877913684,0.0951574669827384,descending,False,3.0132653061224346,PHRASE_42
225,John Coltrane,115,2.2061678004534997,3,1.3598240348641295,55.0,4,1.632993161855452,0.0425934300867377,arch,True,1.1030839002267498,PHRASE_21
225,John Coltrane,116,2.1072108843536625,3,1.4236828512397228,51.666666666666664,3,1.247219128924647,0.0247933884297128,arch,True,1.0536054421768313,PHRASE_21
225,John Coltrane,117,16.309115646258533,12,0.7357848371596356,52.75,18,6.015604707757983,0.0645132585869363,ascending,True,8.154557823129267,PHRASE_19
226,John Coltrane,1,5.23265306122449,19,3.631045241809672,61.8421052631579,12,3.013358991220976,0.1404056162246487,ascending,False,2.616326530612245,PHRASE_50
226,John Coltrane,2,7.002040816326531,20,2.856310113669484,65.5,15,3.981205847478877,0.0547945205479447,descending,True,3.5010204081632654,PHRASE_63
226,John Coltrane,3,5.80698412698413,19,3.271922151760331,62.8421052631579,16,5.1734459440771285,0.0976851707225645,ascending,False,2.903492063492065,PHRASE_63
226,John Coltrane,4,7.867346938775512,33,4.194552529182879,66.45454545454545,12,2.955128147669066,0.1813287217178268,flat,False,3.933673469387756,PHRASE_09
226,John Coltrane,5,11.878458049886625,46,3.872556505803298,63.84782608695652,21,5.417232533091075,0.1526343921808159,flat,False,5.939229024943312,PHRASE_23
226,John Coltrane,6,5.01877551020408,14,2.7895250487963574,71.35714285714286,16,4.497731854694619,0.1487656329068178,descending,True,2.50938775510204,PHRASE_08
226,John Coltrane,7,8.955011337868491,29,3.2384101935601457,63.10344827586207,22,6.14954345143749,0.1086306961480397,descending,False,4.477505668934246,PHRASE_63
226,John Coltrane,8,4.552925170068022,16,3.514224240975381,61.4375,14,3.968134794837494,0.2250976173400233,ascending,False,2.276462585034011,PHRASE_18
226,John Coltrane,9,14.089795918367344,54,3.832560834298958,62.53703703703704,17,3.9614483086785266,0.1554911806360287,arch,True,7.044897959183672,PHRASE_23
226,John Coltrane,10,1.3306122448979494,8,6.012269938650351,62.5,19,6.324555320336759,0.0429447852760684,ascending,True,0.6653061224489747,PHRASE_60
226,John Coltrane,11,1.7387755102040927,9,5.176056338028136,67.11111111111111,13,3.9283710065919304,0.1619718309859135,ascending,True,0.8693877551020464,PHRASE_03
226,John Coltrane,12,8.0,30,3.75,64.46666666666667,19,4.616877251514876,0.121712018140597,descending,False,4.0,PHRASE_13
226,John Coltrane,13,10.455147392290243,45,4.304100010410524,62.24444444444445,18,4.537035525320988,0.1722030398723041,ascending,False,5.227573696145122,PHRASE_23
226,John Coltrane,14,2.212244897959181,11,4.9723247232472385,70.27272727272727,9,2.525898907172692,0.1851578515785194,descending,False,1.1061224489795904,PHRASE_16
226,John Coltrane,15,4.3914739229024775,8,1.8217118307997424,64.0,2,1.0,0.1102941176470542,flat,False,2.1957369614512388,PHRASE_00
226,John Coltrane,16,8.644897959183666,34,3.93295561850803,62.44117647058823,15,3.4657244083655128,0.1476340363025901,descending,True,4.322448979591833,PHRASE_13
226,John Coltrane,17,7.995918367346917,25,3.126595201633495,67.68,14,3.552126123886932,0.0989053371901803,flat,False,3.9979591836734585,PHRASE_09
226,John Coltrane,18,3.3714285714285666,10,2.9661016949152583,72.0,8,2.3664319132398464,0.0872746838848619,ascending,True,1.6857142857142833,PHRASE_59
226,John Coltrane,19,8.379591836734676,28,3.3414515343399973,70.64285714285714,16,4.081441322046186,0.1402825133950285,descending,False,4.189795918367338,PHRASE_09
226,John Coltrane,20,6.400000000000006,25,3.906249999999997,64.48,25,7.139299685543394,0.129053287981855,descending,False,3.200000000000003,PHRASE_42
226,John Coltrane,21,13.240816326530592,53,4.002774352651055,68.37735849056604,18,4.861191775198557,0.1781065899438263,arch,False,6.620408163265296,PHRASE_23
226,John Coltrane,22,7.928163265306125,32,4.0362438220757815,65.875,16,4.357106264483344,0.17083104521325,descending,False,3.9640816326530626,PHRASE_13
226,John Coltrane,23,7.793877551020415,24,3.079340141398269,64.91666666666667,14,3.936121892873181,0.1231037793488719,descending,False,3.896938775510208,PHRASE_09
226,John Coltrane,24,3.844897959183669,20,5.201698513800431,59.6,22,6.476109943476871,0.1110875206416575,descending,True,1.9224489795918345,PHRASE_10
226,John Coltrane,25,2.1061224489795904,14,6.647286821705431,59.642857142857146,21,6.671979175810502,0.052325581395372,ascending,False,1.0530612244897952,PHRASE_10
226,John Coltrane,26,5.59591836734694,17,3.037928519328956,63.8235294117647,23,6.81896398994699,0.1035740335521515,ascending,True,2.79795918367347,PHRASE_42
226,John Coltrane,27,13.012244897959192,52,3.996235884567124,65.3076923076923,19,5.179614113702285,0.1904363585668411,flat,True,6.506122448979596,PHRASE_23
226,John Coltrane,28,2.3367346938775313,8,3.4235807860262297,66.0,14,4.031128874149275,0.1441048034934425,descending,False,1.1683673469387656,PHRASE_35
226,John Coltrane,29,2.734693877551024,14,5.11940298507462,66.85714285714286,14,4.015276949301485,0.1077611940298527,flat,False,1.367346938775512,PHRASE_03
226,John Coltrane,30,14.26798185941044,49,3.4342628468988465,63.3469387755102,17,3.611495367873248,0.1460638443273921,arch,False,7.13399092970522,PHRASE_07
226,John Coltrane,31,5.183673469387742,20,3.858267716535443,66.9,11,3.5902646142032486,0.0775853018372746,arch,False,2.591836734693871,PHRASE_50
226,John Coltrane,32,12.163265306122469,30,2.46644295302013,71.2,16,4.3619567474548235,0.1366070096942486,descending,False,6.081632653061234,PHRASE_48
226,John Coltrane,33,8.685714285714255,37,4.259868421052647,64.13513513513513,14,3.3138706213809868,0.0901837928153445,arch,True,4.342857142857127,PHRASE_13
226,John Coltrane,34,8.92244897959182,34,3.8106129917657894,65.44117647058823,10,3.1454091333111114,0.092884009352447,flat,False,4.46122448979591,PHRASE_09
226,John Coltrane,35,6.669931972789129,38,5.697209530026098,67.39473684210526,15,3.943945884678723,0.1196488794604148,flat,False,3.3349659863945647,PHRASE_22
226,John Coltrane,36,10.604081632653047,40,3.772132409545809,64.25,19,4.408798022137099,0.151077752117011,descending,False,5.3020408163265245,PHRASE_13
226,John Coltrane,37,5.231201814058977,20,3.823213232999257,62.8,29,8.755569655939013,0.0936470506640853,descending,True,2.615600907029489,PHRASE_15
226,John Coltrane,38,3.089795918367372,24,7.767503302509844,58.291666666666664,23,7.073890765028504,0.0713929252898893,ascending,True,1.544897959183686,PHRASE_10
226,John Coltrane,39,4.791836734693959,28,5.843270868824432,62.285714285714285,22,6.999271099076485,0.1439522998296497,ascending,False,2.3959183673469795,PHRASE_10
226,John Coltrane,40,8.081632653061206,24,2.9696969696969764,62.916666666666664,9,2.9427405971682625,0.1616161616161604,flat,False,4.040816326530603,PHRASE_09
226,John Coltrane,41,6.530612244897952,22,3.3687500000000035,65.27272727272727,14,3.7438655058134542,0.1412499999999976,flat,True,3.265306122448976,PHRASE_09
226,John Coltrane,42,9.986757369614509,36,3.604773668531572,62.25,19,3.939648884524271,0.1407759936060417,arch,True,4.993378684807254,PHRASE_13
226,John Coltrane,43,6.672789115646253,22,3.2969721684167625,67.0909090909091,15,3.871916261644883,0.0672783498147946,ascending,True,3.3363945578231267,PHRASE_09
226,John Coltrane,44,10.04263038548754,24,2.3898121387283204,62.458333333333336,12,3.3662437853224803,0.0953395953757308,descending,False,5.021315192743771,PHRASE_48
227,John Coltrane,1,6.80344671201814,11,1.6168275383959048,66.27272727272727,12,4.2445881927013644,0.1774744027303751,ascending,True,3.40172335600907,PHRASE_25
227,John Coltrane,2,13.429387755102042,42,3.1274694547443924,72.45238095238095,22,6.5763008162875165,0.1745452826238191,flat,False,6.714693877551021,PHRASE_38
227,John Coltrane,3,6.6850793650793605,13,1.9446291195745096,70.15384615384616,17,4.638404132825026,0.2211782424053316,descending,True,3.3425396825396803,PHRASE_08
227,John Coltrane,4,8.236009070294784,7,0.8499262130790071,77.57142857142857,12,4.135461378894322,0.0913746393251246,ascending,False,4.118004535147392,PHRASE_04
227,John Coltrane,5,13.020589569160997,48,3.686469014712439,75.54166666666667,27,8.732025188287588,0.1376609172982628,descending,True,6.510294784580498,PHRASE_38
227,John Coltrane,6,5.489795918367356,15,2.7323420074349394,77.93333333333334,21,6.21253213718493,0.1263940520446117,ascending,False,2.744897959183678,PHRASE_36
227,John Coltrane,7,7.76589569160997,12,1.5452177670844105,81.0,15,3.851406669430448,0.2421658743970361,ascending,True,3.882947845804985,PHRASE_08
227,John Coltrane,8,14.060408163265308,65,4.622909893172317,75.81538461538462,23,4.690062514565509,0.1347280280745228,descending,True,7.030204081632654,PHRASE_44
227,John Coltrane,9,13.219047619047616,49,3.70677233429395,70.3061224489796,21,5.711442441320445,0.1291683820502283,ascending,True,6.609523809523807,PHRASE_23
227,John Coltrane,10,13.241723356009077,22,1.6614151654222886,77.0,22,6.022684390927958,0.2678025892184429,descending,False,6.6208616780045375,PHRASE_05
227,John Coltrane,11,6.236734693877565,5,0.8017015706806264,69.0,10,3.40587727318528,0.0536649214659681,ascending,False,3.1183673469387827,PHRASE_49
227,John Coltrane,12,5.742857142857133,13,2.263681592039805,71.07692307692308,13,3.5617959700893,0.2473347547974518,ascending,False,2.8714285714285666,PHRASE_08
227,John Coltrane,13,5.035827664399079,22,4.36869596541788,77.54545454545455,21,6.74690011464708,0.1564481268011505,ascending,False,2.5179138321995396,PHRASE_36
227,John Coltrane,14,3.230476190476196,18,5.571933962264142,78.11111111111111,20,6.590303389483075,0.1428571428571252,ascending,False,1.615238095238098,PHRASE_36
227,John Coltrane,15,12.865941043083891,27,2.098563945659761,75.85185185185185,27,7.043272091565815,0.1586075137295793,descending,False,6.432970521541947,PHRASE_38
227,John Coltrane,16,4.791836734693902,7,1.4608177172061254,66.28571428571429,5,2.118913853455904,0.0885860306643936,flat,True,2.395918367346951,PHRASE_00
227,John Coltrane,17,7.627301587301588,36,4.719886789311579,74.61111111111111,24,6.696922086458731,0.1465020037816031,arch,True,3.813650793650794,PHRASE_36
227,John Coltrane,18,5.822448979591854,19,3.2632316859446098,70.42105263157895,17,4.793809489151874,0.1666783502745619,descending,False,2.911224489795927,PHRASE_08
227,John Coltrane,19,7.919138321995462,47,5.9349891476774905,76.51063829787235,19,5.303039435281459,0.1433537398993188,descending,True,3.959569160997731,PHRASE_22
227,John Coltrane,20,18.13469387755103,137,7.554580238577534,73.56934306569343,24,5.844450384626797,0.1837172080926279,flat,False,9.067346938775517,PHRASE_31
227,John Coltrane,21,10.164535147392256,44,4.328776413478026,75.27272727272727,27,6.823634183561893,0.1317372215876674,descending,False,5.082267573696129,PHRASE_38
227,John Coltrane,22,4.470204081632659,7,1.5659240321402463,69.0,10,2.878491668515698,0.1357438519600727,ascending,True,2.2351020408163293,PHRASE_39
227,John Coltrane,23,8.053061224489795,18,2.235174860618348,78.27777777777777,12,4.688112099953284,0.1583488201835957,ascending,False,4.026530612244898,PHRASE_08
227,John Coltrane,24,12.199999999999989,22,1.803278688524592,78.81818181818181,22,5.005781781067711,0.1781197724991594,descending,True,6.099999999999994,PHRASE_05
227,John Coltrane,25,4.6181405895692365,6,1.2992241971913765,68.83333333333333,7,2.608745973749755,0.2048119414711051,descending,True,2.3090702947846182,PHRASE_39
227,John Coltrane,26,14.457687074829948,23,1.590849205751711,63.52173913043478,7,2.4999054802547915,0.1377700820597685,descending,True,7.228843537414974,PHRASE_33
227,John Coltrane,27,4.442448979591859,8,1.800808526277095,67.5,7,2.8722813232690143,0.0468781902078646,descending,True,2.2212244897959295,PHRASE_59
228,John Coltrane,1,0.3541043083900232,2,5.648053278688515,73.0,4,2.0,0.0819672131147543,descending,False,0.1770521541950116,PHRASE_40
228,John Coltrane,2,0.4181405895691608,2,4.78308026030369,75.5,9,4.5,0.1323210412147519,ascending,False,0.2090702947845804,PHRASE_37
228,John Coltrane,3,1.8053514739229024,8,4.431270096463022,78.5,15,4.8218253804964775,0.22186495176849,descending,True,0.9026757369614512,PHRASE_37
228,John Coltrane,4,0.4905215419501143,2,4.077292899408276,78.0,10,5.0,0.053254437869823,descending,False,0.2452607709750571,PHRASE_37
228,John Coltrane,5,2.2175056689342405,10,4.509571335078534,78.6,10,3.852272056851645,0.2500000000000028,descending,True,1.1087528344671205,PHRASE_37
228,John Coltrane,6,1.1087528344671185,5,4.509571335078541,73.2,17,5.670978751503131,0.2356020942408376,descending,False,0.5543764172335592,PHRASE_37
228,John Coltrane,7,0.9959183673469384,4,4.016393442622952,68.25,8,3.2691742076555053,0.151639344262292,descending,False,0.4979591836734691,PHRASE_16
228,John Coltrane,8,11.334240362811787,35,3.087988156209988,73.97142857142858,22,6.975408699897967,0.1825144046094758,descending,False,5.667120181405894,PHRASE_05
228,John Coltrane,9,1.2103401360544126,5,4.131070143884924,73.0,4,1.7888543819998317,0.1678657074340534,flat,False,0.6051700680272063,PHRASE_40
228,John Coltrane,10,1.0507029478458063,5,4.758718922651926,78.6,7,2.939387691339814,0.2237569060773436,descending,False,0.5253514739229033,PHRASE_37
228,John Coltrane,11,15.52253968253968,71,4.573993782722514,79.47887323943662,12,3.7711251167129936,0.2877711293941626,descending,False,7.76126984126984,PHRASE_44
228,John Coltrane,12,21.643900226757367,58,2.679738835993027,78.32758620689656,24,6.212856334148993,0.1793679596352415,descending,True,10.821950113378684,PHRASE_54
228,John Coltrane,13,3.4684807256235786,8,2.3064853556485385,79.0,12,5.0990195135927845,0.2744769874477001,descending,False,1.7342403628117893,PHRASE_08
228,John Coltrane,14,3.2914285714285683,8,2.430555555555558,79.0,12,5.0990195135927845,0.3395061728395009,descending,True,1.645714285714284,PHRASE_08
228,John Coltrane,15,3.680362811791369,15,4.075685134069416,76.26666666666667,22,6.903783181866463,0.1340694006309126,ascending,True,1.8401814058956845,PHRASE_36
228,John Coltrane,16,5.473469387755117,9,1.6442953020134183,85.55555555555556,4,1.2570787221094175,0.0645041014168548,arch,True,2.7367346938775583,PHRASE_12
228,John Coltrane,17,6.208163265306126,18,2.899408284023667,75.33333333333333,26,6.385748020222672,0.1627072832201035,descending,False,3.104081632653063,PHRASE_36
228,John Coltrane,18,6.117278911564625,20,3.269427516569548,72.5,19,5.652433104425032,0.1772459706715327,ascending,True,3.0586394557823127,PHRASE_36
228,John Coltrane,19,6.449342403628108,20,3.101091359135918,77.85,19,4.89157438868101,0.1791179117911798,descending,True,3.224671201814054,PHRASE_36
228,John Coltrane,20,7.991836734693891,11,1.3764044943820202,72.18181818181819,12,3.638635653852636,0.1718533651117935,descending,True,3.9959183673469454,PHRASE_25
228,John Coltrane,21,6.314285714285717,10,1.5837104072398185,65.1,12,4.205948168962618,0.1997414350355621,ascending,False,3.1571428571428584,PHRASE_18
228,John Coltrane,22,16.706122448979585,48,2.8731981431712694,72.54166666666667,18,5.094761743420611,0.2284387979477148,ascending,False,8.353061224489792,PHRASE_07
228,John Coltrane,23,2.404716553287954,13,5.406042546771334,80.38461538461539,9,2.646869312936193,0.2468316234158099,flat,False,1.202358276643977,PHRASE_37
228,John Coltrane,24,3.1444897959183606,15,4.770249221183811,79.06666666666666,14,4.249967320135794,0.2126456674743313,ascending,False,1.5722448979591803,PHRASE_37
228,John Coltrane,25,21.22757369614513,47,2.2141013698864263,80.63829787234043,24,5.684714599826876,0.2337096319338209,descending,False,10.613786848072564,PHRASE_54
228,John Coltrane,26,12.524263038548751,38,3.0341106604866743,71.3157894736842,22,6.308328926935841,0.1415737253765902,ascending,False,6.2621315192743765,PHRASE_38
228,John Coltrane,27,14.915918367346933,56,3.754378283712786,68.41071428571429,17,4.666662870503801,0.1612546215216943,descending,True,7.457959183673466,PHRASE_44
228,John Coltrane,28,4.4263038548753,16,3.614754098360642,72.4375,24,8.688848816155106,0.3829508196721243,arch,False,2.21315192743765,PHRASE_36
228,John Coltrane,29,3.2326530612244824,10,3.0934343434343505,73.2,24,8.280096617793781,0.3030303030303051,descending,True,1.6163265306122412,PHRASE_36
228,John Coltrane,30,4.501043083900214,15,3.332560857649534,70.53333333333333,24,7.779174477767905,0.1090601321941021,descending,True,2.250521541950107,PHRASE_36
228,John Coltrane,31,14.390566893424024,64,4.447357805566765,78.71875,26,6.792617200865952,0.1932293767648323,ascending,True,7.195283446712011,PHRASE_44
228,John Coltrane,32,22.23891156462585,55,2.473142619420517,80.41818181818182,18,4.860568276132139,0.1918151265987993,descending,True,11.119455782312926,PHRASE_54
228,John Coltrane,33,6.466757369614527,10,1.5463700628366213,70.0,16,4.604345773288535,0.2446981597845401,descending,True,3.233378684807263,PHRASE_08
228,John Coltrane,34,4.431564625850342,7,1.5795775512710295,67.85714285714286,7,2.9965967090575756,0.1168283597363748,descending,True,2.215782312925171,PHRASE_39
228,John Coltrane,35,1.8448979591836976,3,1.6261061946902444,62.333333333333336,5,2.357022603955158,0.1216814159292051,flat,True,0.9224489795918488,PHRASE_21
229,John Coltrane,1,14.62784580498866,5,0.3418138300510938,64.4,3,1.019803902718557,0.0081105213552259,arch,True,7.313922902494331,PHRASE_33
229,John Coltrane,2,9.182947845804993,8,0.8711799450820803,69.75,4,1.299038105676658,0.0363880602911836,flat,True,4.5914739229024955,PHRASE_00
229,John Coltrane,3,11.910204081632646,9,0.7556545579163816,67.44444444444444,7,2.2166597048066667,0.0705962988348176,descending,True,5.955102040816323,PHRASE_33
229,John Coltrane,4,4.473469387755102,2,0.4470802919708029,60.5,3,1.5,0.0200729927007307,flat,True,2.236734693877551,PHRASE_00
229,John Coltrane,5,5.436734693877554,8,1.4714714714714707,54.75,5,1.7853571071357126,0.0840840840840837,flat,True,2.718367346938777,PHRASE_21
229,John Coltrane,6,5.567346938775515,7,1.2573313782991191,55.285714285714285,7,2.4327694808466287,0.0263929618768321,flat,True,2.7836734693877574,PHRASE_21
229,John Coltrane,7,6.7673469387755105,11,1.6254523522316042,64.63636363636364,10,2.6379305688267105,0.1652593486127854,ascending,True,3.3836734693877553,PHRASE_25
229,John Coltrane,8,3.88934240362812,3,0.7713386194029846,68.0,2,0.816496580927726,0.0014925373134336,flat,True,1.94467120181406,PHRASE_00
229,John Coltrane,9,6.954376417233561,13,1.8693264816360595,67.46153846153847,5,1.6923076923076923,0.1310517529215372,flat,True,3.4771882086167807,PHRASE_00
229,John Coltrane,10,4.998095238095232,8,1.600609756097563,66.875,5,1.8328597873268977,0.0781431475029009,flat,True,2.499047619047616,PHRASE_00
229,John Coltrane,11,6.281632653061223,13,2.0695256660168946,67.61538461538461,7,1.902971827208151,0.1143599740090993,flat,True,3.1408163265306115,PHRASE_00
229,John Coltrane,12,3.7836734693877503,4,1.0571736785329031,69.0,4,1.4142135623730951,0.0571736785329031,flat,True,1.8918367346938751,PHRASE_00
229,John Coltrane,13,5.591836734693885,8,1.4306569343065674,70.5,7,2.0,0.0905109489051101,flat,True,2.7959183673469425,PHRASE_00
229,John Coltrane,14,2.959183673469397,9,3.041379310344818,70.0,10,3.018461712712472,0.1862068965517292,flat,True,1.4795918367346983,PHRASE_16
229,John Coltrane,15,2.873469387755094,9,3.132102272727282,69.77777777777777,10,3.010270485365348,0.1363636363636285,flat,True,1.436734693877547,PHRASE_16
229,John Coltrane,16,2.6790022675736935,9,3.3594596424702092,70.0,10,3.018461712712472,0.1159263271939284,flat,True,1.3395011337868468,PHRASE_16
229,John Coltrane,17,4.2057142857142935,13,3.0910326086956466,70.46153846153847,15,3.629269572949369,0.2408557625948947,arch,True,2.1028571428571468,PHRASE_08
229,John Coltrane,18,3.5294331065759508,12,3.3999794407894863,70.75,15,3.6314597615834874,0.1562499999999948,arch,True,1.7647165532879754,PHRASE_55
229,John Coltrane,19,5.198367346938767,11,2.1160489949748778,72.18181818181819,12,3.5628941713209863,0.2138470128419866,flat,True,2.5991836734693834,PHRASE_08
229,John Coltrane,20,5.933514739229025,18,3.0336151153369917,60.888888888888886,22,6.623937138128391,0.1108580338444116,descending,True,2.9667573696145126,PHRASE_42
229,John Coltrane,21,3.869387755102025,15,3.876582278481029,63.333333333333336,18,5.387227693556513,0.0643459915611729,ascending,True,1.9346938775510123,PHRASE_06
229,John Coltrane,22,4.405986394557829,19,4.312314723320153,59.10526315789474,20,6.544541613493486,0.0790513833992081,descending,True,2.2029931972789143,PHRASE_10
229,John Coltrane,23,0.7053061224489738,3,4.253472222222257,54.333333333333336,6,2.494438257849294,0.1399176954732493,ascending,True,0.3526530612244869,PHRASE_32
229,John Coltrane,24,1.428027210884352,3,2.1008003048780513,59.666666666666664,6,2.494438257849294,0.0426829268292721,arch,True,0.714013605442176,PHRASE_21
229,John Coltrane,25,2.365532879818602,8,3.3819018404907863,62.75,8,2.7271780286589284,0.1177914110429498,flat,True,1.182766439909301,PHRASE_16
229,John Coltrane,26,2.1224489795918373,9,4.240384615384614,52.77777777777778,8,2.3934065809486684,0.0865384615384552,flat,True,1.0612244897959189,PHRASE_32
229,John Coltrane,27,2.7795918367346815,7,2.5183553597650628,54.142857142857146,6,1.8070158058105024,0.0680372001957896,flat,True,1.3897959183673407,PHRASE_21
229,John Coltrane,28,3.4530612244897725,16,4.63356973995275,65.75,17,4.968651728587948,0.0697399527186623,ascending,True,1.7265306122448862,PHRASE_60
229,John Coltrane,29,2.995918367346917,7,2.3365122615803986,65.0,10,3.070597894314954,0.0585831062670303,descending,True,1.4979591836734585,PHRASE_59
229,John Coltrane,30,1.7959183673469283,7,3.897727272727296,55.57142857142857,7,2.610809554642438,0.0954545454545338,descending,True,0.8979591836734642,PHRASE_32
229,John Coltrane,31,2.608163265306132,10,3.834115805946778,62.4,12,3.746998799039039,0.1064162754303724,flat,True,1.304081632653066,PHRASE_35
229,John Coltrane,32,1.714285714285694,8,4.666666666666722,65.0,14,4.47213595499958,0.0642857142857103,ascending,True,0.857142857142847,PHRASE_03
229,John Coltrane,33,3.160362811791373,14,4.4298711362397185,62.857142857142854,17,5.012229940813953,0.0388026289355009,descending,True,1.5801814058956865,PHRASE_60
229,John Coltrane,34,1.959183673469397,8,4.083333333333314,53.375,8,2.8256636388643286,0.0520833333333357,descending,True,0.9795918367346984,PHRASE_32
229,John Coltrane,35,4.470521541950092,24,5.368501141263024,57.208333333333336,17,4.339538825983957,0.0929343139741165,arch,True,2.235260770975046,PHRASE_60
229,John Coltrane,36,2.2291156462585207,11,4.934692382812462,65.0909090909091,15,4.187742838647644,0.0221354166666788,ascending,True,1.1145578231292603,PHRASE_03
229,John Coltrane,37,1.210340136054441,5,4.131070143884826,68.2,11,3.867815921162743,0.105515587530033,descending,True,0.6051700680272205,PHRASE_03
229,John Coltrane,38,3.2014512471655507,15,4.685375113327263,68.33333333333333,11,3.533962208186286,0.1757281278331732,descending,True,1.6007256235827754,PHRASE_16
229,John Coltrane,39,2.838639455782328,14,4.931940184049053,69.42857142857143,11,2.718042512920064,0.0398773006134988,descending,True,1.419319727891164,PHRASE_41
229,John Coltrane,40,3.131791383219962,13,4.15097891566264,68.38461538461539,11,3.476038008521539,0.172381835032433,descending,True,1.565895691609981,PHRASE_16
229,John Coltrane,41,3.36399092970521,15,4.458989430543579,68.86666666666666,11,3.0081371127142607,0.1233822260569468,descending,True,1.681995464852605,PHRASE_16
229,John Coltrane,42,0.9462131519274236,4,4.2273773006135595,68.0,6,2.23606797749979,0.0828220858895577,descending,True,0.4731065759637118,PHRASE_41
229,John Coltrane,43,4.109931972789127,16,3.893008474576261,65.25,17,4.815340071064556,0.1652542372881302,descending,True,2.0549659863945635,PHRASE_35
229,John Coltrane,44,2.522993197278936,12,4.756255392579765,58.5,10,3.122498999199199,0.0356629278113285,descending,True,1.261496598639468,PHRASE_32
229,John Coltrane,45,3.0645351473922915,16,5.221020229973508,55.8125,11,2.766286997041341,0.0845752001539328,flat,True,1.5322675736961455,PHRASE_32
229,John Coltrane,46,4.838820861677988,23,4.75322411336884,60.91304347826087,18,5.115305622033281,0.0922340106470897,arch,True,2.419410430838994,PHRASE_60
229,John Coltrane,47,2.292970521541946,7,3.052808544303803,54.142857142857146,10,3.1815796359028696,0.0278481012658259,flat,True,1.146485260770973,PHRASE_17
229,John Coltrane,48,7.151746031746029,38,5.313387784090911,64.34210526315789,26,6.023097278894384,0.1128246753246745,ascending,True,3.5758730158730145,PHRASE_13
229,John Coltrane,49,7.504399092970516,26,3.464634500096696,61.23076923076923,30,8.266278542775193,0.1056855540514295,descending,True,3.752199546485258,PHRASE_15
229,John Coltrane,50,0.9714285714285892,5,5.147058823529317,51.0,6,2.1908902300206643,0.0840336134453867,ascending,True,0.4857142857142946,PHRASE_32
229,John Coltrane,51,0.8285714285714221,5,6.034482758620737,58.8,8,2.7129319932501077,0.0985221674876631,ascending,True,0.414285714285711,PHRASE_32
229,John Coltrane,52,0.8204081632653129,4,4.875621890547223,62.25,8,3.112474899497183,0.129353233830843,arch,True,0.4102040816326564,PHRASE_41
229,John Coltrane,53,7.953741496598667,26,3.2689018132055994,68.6923076923077,19,5.097278540624404,0.4356483065343672,ascending,True,3.9768707482993335,PHRASE_43
229,John Coltrane,54,2.383673469387759,8,3.3561643835616386,68.5,12,4.092676385936225,0.0462328767123134,descending,True,1.1918367346938794,PHRASE_55
229,John Coltrane,55,2.342857142857156,6,2.5609756097560834,62.5,17,6.3966136874651625,0.055749128919867,descending,True,1.171428571428578,PHRASE_06
229,John Coltrane,56,0.6691156462585468,3,4.4835298901989775,58.666666666666664,3,1.247219128924647,0.1032940219601705,arch,True,0.3345578231292734,PHRASE_32
229,John Coltrane,57,0.824489795918339,4,4.851485148515018,61.75,5,1.920286436967152,0.0495049504951088,ascending,True,0.4122448979591695,PHRASE_41
229,John Coltrane,58,0.8734693877550512,4,4.579439252336715,66.0,6,2.23606797749979,0.0747663551400701,ascending,True,0.4367346938775256,PHRASE_41
229,John Coltrane,59,2.3632653061224573,4,1.692573402417956,70.75,3,1.0897247358851685,0.0811744386873685,flat,True,1.1816326530612289,PHRASE_34
229,John Coltrane,60,2.3183673469387713,6,2.5880281690140894,74.33333333333333,8,3.2489314482696545,0.1760563380281783,ascending,True,1.1591836734693857,PHRASE_51
229,John Coltrane,61,4.671836734693898,12,2.5685829110606213,77.5,11,3.926406329796582,0.1550080571572738,ascending,True,2.335918367346949,PHRASE_08
229,John Coltrane,62,3.2769160997732456,9,2.746484720992026,73.11111111111111,8,2.7261875880856214,0.1062887511071641,flat,True,1.6384580498866228,PHRASE_59
229,John Coltrane,63,4.960362811791413,18,3.6287668227033136,66.38888888888889,18,5.176215787285457,0.1409358543007553,flat,True,2.4801814058957063,PHRASE_06
229,John Coltrane,64,4.684625850340183,14,2.9884990706319403,68.64285714285714,20,6.1366247453552285,0.1000619578686493,descending,True,2.3423129251700914,PHRASE_06
229,John Coltrane,65,0.7633560090703213,3,3.930014258554997,65.33333333333333,11,4.642796092394707,0.0494296577947025,ascending,True,0.3816780045351606,PHRASE_03
229,John Coltrane,66,2.809614512471626,7,2.4914449896694477,68.42857142857143,8,2.4411439272335804,0.0557851239669332,flat,True,1.404807256235813,PHRASE_59
229,John Coltrane,67,2.873469387755165,8,2.7840909090908483,68.625,8,2.54644359843292,0.1156565656565977,arch,True,1.4367346938775825,PHRASE_59
229,John Coltrane,68,2.6857142857143117,17,6.329787234042492,55.35294117647059,13,3.5136904760160186,0.1013340087808008,arch,True,1.3428571428571558,PHRASE_32
229,John Coltrane,69,3.200362811791422,10,3.124645731776405,65.9,11,4.011234224026316,0.118467293957619,ascending,True,1.600181405895711,PHRASE_52
229,John Coltrane,70,1.796643990929681,4,2.226373182552534,73.75,3,1.299038105676658,0.0953150242326242,flat,True,0.8983219954648405,PHRASE_34
229,John Coltrane,71,2.2465306122448965,10,4.451308139534887,70.9,12,3.672873534441392,0.1046511627907053,ascending,True,1.1232653061224482,PHRASE_03
229,John Coltrane,72,4.547437641723377,11,2.418944659971466,74.63636363636364,12,4.497933409764721,0.143790328210547,arch,True,2.2737188208616885,PHRASE_08
229,John Coltrane,73,7.987664399092978,24,3.0046329941860437,66.875,20,6.502002896544008,0.0897983284883641,ascending,True,3.993832199546489,PHRASE_63
229,John Coltrane,74,3.6244897959184073,18,4.966216216216162,65.5,17,4.387482193696061,0.1047297297297079,descending,True,1.8122448979592036,PHRASE_60
229,John Coltrane,75,2.646258503401384,12,4.534704370179909,53.583333333333336,12,3.3029868637677353,0.0994344473007846,descending,True,1.323129251700692,PHRASE_32
229,John Coltrane,76,6.492879818594133,30,4.6204459097004715,62.53333333333333,17,4.883532419149984,0.0487818506929268,ascending,True,3.2464399092970666,PHRASE_22
229,John Coltrane,77,0.8571428571428896,3,3.499999999999867,70.0,2,0.816496580927726,0.0285714285714475,flat,True,0.4285714285714448,PHRASE_27
229,John Coltrane,78,4.085714285714289,12,2.937062937062935,61.75,15,4.548351349665063,0.0759240759240641,descending,True,2.0428571428571445,PHRASE_30
229,John Coltrane,79,2.8400907029478617,8,2.8168114460909397,67.625,5,1.5761900266148114,0.112369059785426,flat,True,1.4200453514739309,PHRASE_59
229,John Coltrane,80,3.271882086167807,10,3.0563448610437254,68.8,9,2.4,0.1749532192113211,flat,True,1.6359410430839034,PHRASE_16
229,John Coltrane,81,1.0204081632653583,4,3.9199999999998,67.25,8,2.8613807855648994,0.1100000000000807,descending,True,0.5102040816326792,PHRASE_16
229,John Coltrane,82,2.803809523809491,14,4.9932065217391886,61.642857142857146,20,5.776889213027357,0.0569358178053747,descending,True,1.4019047619047456,PHRASE_60
229,John Coltrane,83,2.351020408163322,9,3.828124999999907,54.111111111111114,9,3.0711722135745005,0.0283950617284343,descending,True,1.175510204081661,PHRASE_32
229,John Coltrane,84,5.474104308389997,23,4.201600609756118,57.82608695652174,18,5.189053477508067,0.0742311770943797,ascending,True,2.7370521541949984,PHRASE_60
229,John Coltrane,85,4.092517006802723,12,2.9321808510638285,66.25,8,2.3139072294858036,0.1148936170212571,ascending,True,2.0462585034013614,PHRASE_59
229,John Coltrane,86,1.7647165532879967,7,3.9666426809210193,70.14285714285714,4,1.355261854357877,0.0559210526315451,flat,True,0.8823582766439984,PHRASE_40
229,John Coltrane,87,7.2156009070294544,26,3.603303499597759,68.34615384615384,12,3.197863561965511,0.1814159292035388,descending,True,3.6078004535147272,PHRASE_09
229,John Coltrane,88,4.945850340136019,14,2.8306558098591754,71.71428571428571,15,3.614031611621005,0.2588028169013818,flat,True,2.4729251700680095,PHRASE_08
229,John Coltrane,89,6.8702040816326075,23,3.347789923954395,69.47826086956522,14,3.474998470032711,0.160963244613426,descending,True,3.435102040816304,PHRASE_09
229,John Coltrane,90,4.179591836734687,16,3.828125000000006,67.0625,11,3.3065985166028247,0.154166666666671,descending,True,2.0897959183673436,PHRASE_16
229,John Coltrane,91,4.342857142857099,14,3.2236842105263483,66.57142857142857,12,3.310465778930419,0.0916353383458316,descending,True,2.1714285714285495,PHRASE_50
229,John Coltrane,92,2.4653061224489647,9,3.650662251655651,65.77777777777777,7,2.484519974999766,0.1241721854304591,descending,True,1.2326530612244824,PHRASE_16
229,John Coltrane,93,2.9387755102040956,11,3.743055555555538,63.36363636363637,10,2.931730090290382,0.0708333333333439,descending,True,1.4693877551020478,PHRASE_50
229,John Coltrane,94,2.7591836734694084,10,3.6242603550295582,58.4,10,2.727636339397171,0.1597633136094546,flat,True,1.3795918367347042,PHRASE_53
229,John Coltrane,95,1.1959183673469056,6,5.017064846416521,53.666666666666664,6,2.2110831935702664,0.0614334470990208,descending,True,0.5979591836734528,PHRASE_32
229,John Coltrane,96,3.665306122448954,16,4.365256124721634,59.5,14,3.3166247903554,0.1202672605790722,flat,True,1.832653061224477,PHRASE_50
229,John Coltrane,97,3.18367346938777,16,5.025641025641002,61.375,17,4.9355217555999085,0.0564102564102361,ascending,True,1.591836734693885,PHRASE_60
229,John Coltrane,98,5.334693877551047,23,4.311400153022167,62.56521739130435,24,6.120713846947861,0.0811017597551605,flat,True,2.6673469387755233,PHRASE_42
229,John Coltrane,99,2.4469387755102048,8,3.269391159299415,73.25,10,3.733296130767019,0.2318598832360144,ascending,True,1.2234693877551024,PHRASE_02
229,John Coltrane,100,2.0877551020408305,8,3.8318670576734832,74.0,14,4.636809247747852,0.2111436950146732,descending,True,1.0438775510204152,PHRASE_37
229,John Coltrane,101,4.028571428571411,19,4.71631205673761,77.05263157894737,14,4.489445918344447,0.2365754812563134,ascending,True,2.014285714285706,PHRASE_37
229,John Coltrane,102,1.3489795918367236,5,3.7065052950075943,49.4,7,2.4166091947189146,0.0166414523449788,ascending,True,0.6744897959183618,PHRASE_32
229,John Coltrane,103,1.702040816326587,6,3.525179856114991,77.0,12,4.203173404306164,0.1498800959232557,ascending,True,0.8510204081632935,PHRASE_37
229,John Coltrane,104,0.9877551020408646,3,3.0371900826444795,49.333333333333336,7,3.0912061651652345,0.0475206611570461,ascending,True,0.4938775510204323,PHRASE_17
229,John Coltrane,105,1.1653061224489534,4,3.4325744308231947,75.75,12,4.656984002549289,0.2381786339754913,ascending,True,0.5826530612244767,PHRASE_37
229,John Coltrane,106,1.6285714285714905,6,3.68421052631565,50.5,10,3.0413812651491097,0.1228070175438829,ascending,True,0.8142857142857451,PHRASE_32
229,John Coltrane,107,1.0285714285714107,4,3.888888888888956,75.75,12,4.656984002549289,0.1746031746031711,ascending,True,0.5142857142857054,PHRASE_37
229,John Coltrane,108,2.5764172335600506,11,4.269494807252311,61.27272727272727,34,9.909507914494949,0.0986622073578562,ascending,True,1.2882086167800253,PHRASE_15
229,John Coltrane,109,1.004081632653083,5,4.979674796747859,77.0,13,4.857983120596447,0.1605691056911188,ascending,True,0.5020408163265415,PHRASE_37
229,John Coltrane,110,3.275102040816364,12,3.664007976071743,68.33333333333333,35,11.534970981998852,0.1025811454525047,ascending,True,1.637551020408182,PHRASE_15
229,John Coltrane,111,11.708163265306156,21,1.7936203590726811,71.14285714285714,16,5.148145429234125,0.0859334146766628,descending,True,5.854081632653077,PHRASE_04
229,John Coltrane,112,6.526530612244869,25,3.8305190744215305,59.32,29,8.969816051625585,0.0769230769230789,descending,True,3.2632653061224346,PHRASE_15
229,John Coltrane,113,6.3977324263038895,18,2.813496845537661,66.0,19,5.196152422706632,0.174530374991139,ascending,True,3.1988662131519447,PHRASE_63
229,John Coltrane,114,9.2863492063492,14,1.5075892246683995,67.64285714285714,5,1.673624930551426,0.0520403977261642,flat,True,4.6431746031746,PHRASE_00
229,John Coltrane,115,4.100589569160945,2,0.4877347430821359,70.0,2,1.0,0.0047335707491733,arch,True,2.0502947845804727,PHRASE_00
230,John Coltrane,1,10.164535147392291,20,1.9676256424900056,65.1,9,2.754995462791182,0.0375053540833809,ascending,False,5.082267573696146,PHRASE_49
230,John Coltrane,2,4.389795918367344,26,5.922826592282663,61.53846153846154,27,7.407017302898907,0.0986827832016115,descending,True,2.194897959183672,PHRASE_10
230,John Coltrane,3,8.867346938775512,33,3.721518987341771,62.54545454545455,17,4.0757294129927075,0.0940902697864724,descending,False,4.433673469387756,PHRASE_13
230,John Coltrane,4,9.87718820861678,43,4.353465692036439,63.325581395348834,19,4.537804664549517,0.1019504848662961,descending,False,4.93859410430839,PHRASE_13
230,John Coltrane,5,2.7662585034013603,13,4.6994884910485935,60.92307692307692,15,4.141005794983006,0.0672175224604919,ascending,True,1.38312925170068,PHRASE_03
230,John Coltrane,6,2.8763718820861683,12,4.171922300706356,62.25,12,3.243583409338094,0.1019172552976814,flat,False,1.4381859410430842,PHRASE_50
230,John Coltrane,7,8.268027210884355,31,3.7493829192035535,65.7741935483871,16,3.916134346597872,0.1381218803137545,ascending,False,4.134013605442178,PHRASE_09
230,John Coltrane,8,5.518367346938774,24,4.349112426035504,60.416666666666664,17,4.812454905993637,0.158809993425382,descending,False,2.759183673469387,PHRASE_22
230,John Coltrane,9,12.126530612244906,54,4.453046112420058,65.0925925925926,17,3.66297045275046,0.1728112494857673,ascending,True,6.063265306122453,PHRASE_23
230,John Coltrane,10,5.752743764172337,21,3.650432013118062,65.9047619047619,13,3.714896164731826,0.0605449041372391,ascending,False,2.8763718820861683,PHRASE_50
230,John Coltrane,11,4.687755102040825,18,3.839791031780576,63.666666666666664,17,4.9216076867444665,0.0661926183911366,ascending,False,2.3438775510204124,PHRASE_06
230,John Coltrane,12,2.0271201814058912,10,4.933106626694718,65.9,12,3.78021163428716,0.0590183005951037,descending,False,1.0135600907029456,PHRASE_03
230,John Coltrane,13,2.061723356009068,13,6.305404632542185,62.23076923076923,12,3.66173238012674,0.0725017047579165,descending,False,1.030861678004534,PHRASE_03
230,John Coltrane,14,4.21632653061225,25,5.929332042594378,59.32,23,6.335424216262081,0.0871894159406284,descending,True,2.108163265306125,PHRASE_10
230,John Coltrane,15,12.23111111111112,62,5.069040697674415,64.85483870967742,21,4.999505698771625,0.1606660832937897,ascending,True,6.115555555555559,PHRASE_23
230,John Coltrane,16,3.7857142857142776,17,4.490566037735858,64.76470588235294,13,3.6060310879986126,0.1599999999999889,descending,True,1.8928571428571388,PHRASE_35
230,John Coltrane,17,5.061224489795904,23,4.5443548387096895,67.3913043478261,16,4.13615165009575,0.1321415770609406,descending,False,2.530612244897952,PHRASE_22
230,John Coltrane,18,2.351020408163265,13,5.529513888888889,67.92307692307692,14,4.251000578353262,0.07901234567902,arch,False,1.1755102040816323,PHRASE_03
230,John Coltrane,19,8.402630385487555,41,4.879424432474428,62.390243902439025,24,6.551402935884533,0.084813091678445,descending,False,4.2013151927437775,PHRASE_13
230,John Coltrane,20,8.048979591836712,46,5.715010141987846,63.73913043478261,23,5.113642378411998,0.0945740365111533,ascending,True,4.024489795918356,PHRASE_13
230,John Coltrane,21,7.337505668934256,33,4.497441159018978,61.666666666666664,16,3.8742871615435286,0.0946400316455697,flat,True,3.668752834467128,PHRASE_13
230,John Coltrane,22,4.043174603174577,18,4.451947236180933,64.66666666666667,20,5.547772325697746,0.091170136396248,ascending,False,2.0215873015872887,PHRASE_60
230,John Coltrane,23,5.656961451247184,15,2.6516001795792628,66.66666666666667,14,4.221637386396683,0.1380194971780459,descending,False,2.828480725623592,PHRASE_52
230,John Coltrane,24,6.4754648526077005,33,5.096159233527573,65.60606060606061,20,5.398874147165589,0.1171139623487129,flat,True,3.2377324263038503,PHRASE_22
230,John Coltrane,25,3.827120181405917,20,5.225861496895265,66.1,12,2.930870177950569,0.1089254396359658,ascending,False,1.9135600907029584,PHRASE_03
230,John Coltrane,26,3.408163265306115,23,6.748502994011991,60.21739130434783,21,6.580316641906411,0.0607052561543579,descending,False,1.7040816326530577,PHRASE_10
230,John Coltrane,27,4.786213151927427,30,6.268003335354774,60.86666666666667,26,6.701906859659835,0.0770068981200699,ascending,True,2.3931065759637136,PHRASE_10
230,John Coltrane,28,3.5201360544217835,19,5.397518648784424,61.36842105263158,15,3.406039934181776,0.0865123230136896,ascending,False,1.7600680272108915,PHRASE_03
230,John Coltrane,29,11.127165532879816,48,4.31376704679769,62.75,24,6.368869601428498,0.0928128337015129,descending,False,5.563582766439907,PHRASE_23
230,John Coltrane,30,1.392562358276649,6,4.308604181593158,51.333333333333336,12,3.858612300930075,0.0883866345339485,ascending,True,0.6962811791383245,PHRASE_32
230,John Coltrane,31,9.723174603174584,42,4.319576857777205,62.88095238095238,19,4.938682979212271,0.0665031064012348,ascending,False,4.861587301587292,PHRASE_13
230,John Coltrane,32,7.401995464852604,28,3.782763733503256,67.42857142857143,14,3.9318168412922527,0.1388545100297736,flat,False,3.700997732426302,PHRASE_09
230,John Coltrane,33,3.5795918367347213,17,4.749144811858573,66.82352941176471,13,3.8689608593894937,0.1071835803876934,ascending,False,1.7897959183673606,PHRASE_03
230,John Coltrane,34,9.51020408163265,42,4.416309012875537,64.23809523809524,20,4.428315404785779,0.0683452551263705,descending,False,4.755102040816325,PHRASE_13
230,John Coltrane,35,5.260136054421764,23,4.3725104754022075,66.30434782608695,17,4.247093969217639,0.0695083889434809,arch,False,2.630068027210882,PHRASE_22
230,John Coltrane,36,3.876643990929722,16,4.127281235376678,63.0625,18,4.616123238172915,0.0738184370613072,flat,False,1.938321995464861,PHRASE_60
230,John Coltrane,37,12.322448979591798,51,4.138787678039099,63.78431372549019,18,3.663886961449848,0.1341025357918452,descending,False,6.161224489795899,PHRASE_23
230,John Coltrane,38,5.855510204081611,28,4.781820716576067,69.21428571428571,25,5.752993896703716,0.2517620087674299,flat,False,2.9277551020408055,PHRASE_01
230,John Coltrane,39,6.693877551020421,30,4.4817073170731625,62.9,20,5.399691349203829,0.1566531165311626,flat,False,3.3469387755102105,PHRASE_13
230,John Coltrane,40,1.096054421768713,8,7.298907646474641,65.25,16,4.575751304430781,0.1116352201257747,ascending,False,0.5480272108843565,PHRASE_47
230,John Coltrane,41,1.7513832199546755,12,6.851727173856645,63.0,20,5.49241901776136,0.1666062457921824,ascending,True,0.8756916099773377,PHRASE_60
230,John Coltrane,42,6.130068027210882,25,4.078258167613638,61.92,25,7.182868507775984,0.1529356060605891,ascending,False,3.065034013605441,PHRASE_42
230,John Coltrane,43,2.2062585034013864,14,6.345584607794696,56.785714285714285,21,6.416258048655679,0.2148495313270773,ascending,False,1.1031292517006932,PHRASE_10
230,John Coltrane,44,11.932063492063492,62,5.196083648166871,66.51612903225806,17,3.8215937204255295,0.1124278796816274,flat,True,5.966031746031746,PHRASE_23
230,John Coltrane,45,1.9559637188208967,11,5.62382619583101,61.72727272727273,20,6.311474530076284,0.0719237635929744,descending,False,0.9779818594104484,PHRASE_60
230,John Coltrane,46,7.1087528344670545,27,3.7981345854492914,59.851851851851855,14,3.658614428114512,0.0880202618215185,descending,False,3.5543764172335273,PHRASE_50
231,John Coltrane,1,2.159455782312925,5,2.315398185483871,54.2,8,2.925747767665559,0.1129032258064518,ascending,True,1.0797278911564625,PHRASE_17
231,John Coltrane,2,6.8034467120181406,28,4.1155610068259385,60.357142857142854,18,4.219125550177817,0.1365187713310582,flat,False,3.4017233560090703,PHRASE_13
231,John Coltrane,3,9.16027210884354,39,4.25751544676806,63.51282051282051,19,5.143438911815637,0.1178707224334604,descending,False,4.58013605442177,PHRASE_13
231,John Coltrane,4,5.22448979591837,19,3.6367187499999982,64.05263157894737,18,5.226185931497435,0.1088888888888881,ascending,False,2.612244897959185,PHRASE_06
231,John Coltrane,5,5.948662131519278,23,3.866415589168088,65.21739130434783,12,3.1890644905899563,0.2118199560868498,flat,False,2.974331065759639,PHRASE_58
231,John Coltrane,6,2.8653061224489846,13,4.537037037037029,60.69230769230769,10,2.4615384615384617,0.0940170940171027,ascending,False,1.4326530612244923,PHRASE_50
231,John Coltrane,7,2.253061224489798,10,4.438405797101445,64.7,10,3.2878564445547194,0.1159420289855085,descending,False,1.126530612244899,PHRASE_03
231,John Coltrane,8,13.102040816326529,48,3.6635514018691593,62.5,14,3.246793289796359,0.1330218068535802,ascending,False,6.551020408163264,PHRASE_07
231,John Coltrane,9,5.951020408163274,21,3.528806584362135,63.80952380952381,12,3.5270255594554674,0.1796982167352561,descending,True,2.975510204081637,PHRASE_09
231,John Coltrane,10,13.461224489795924,61,4.53153426318981,64.73770491803279,21,5.20057260196764,0.1061249241964796,descending,True,6.730612244897962,PHRASE_23
231,John Coltrane,11,2.4979591836734727,12,4.803921568627445,68.5,14,4.6097722286464435,0.1405228758169988,ascending,False,1.2489795918367363,PHRASE_03
231,John Coltrane,12,4.742857142857147,21,4.4277108433734895,62.95238095238095,17,3.981818087688928,0.0877796901893302,flat,True,2.3714285714285737,PHRASE_22
231,John Coltrane,13,3.877551020408177,13,3.3526315789473564,61.46153846153846,11,3.365329669881132,0.1894736842105302,flat,True,1.9387755102040884,PHRASE_18
231,John Coltrane,14,6.224489795918359,18,2.8918032786885286,60.94444444444444,9,2.5489043882121027,0.150163934426233,flat,False,3.1122448979591795,PHRASE_18
231,John Coltrane,15,12.48979591836735,52,4.163398692810457,63.61538461538461,14,3.3749863028431237,0.1816993464052302,ascending,False,6.244897959183675,PHRASE_23
231,John Coltrane,16,3.959183673469397,7,1.768041237113398,65.57142857142857,6,2.3211538298959886,0.2371134020618442,flat,False,1.9795918367346983,PHRASE_24
231,John Coltrane,17,11.322448979591826,42,3.709444844989189,60.404761904761905,17,4.265361726465455,0.2516222062004268,descending,False,5.661224489795913,PHRASE_23
231,John Coltrane,18,7.363265306122457,25,3.3952328159645195,63.84,12,3.483446569132359,0.1141906873614153,descending,False,3.6816326530612287,PHRASE_09
231,John Coltrane,19,9.52653061224487,32,3.3590402742073793,68.375,12,3.452806829233283,0.1276778063410388,arch,True,4.763265306122435,PHRASE_09
231,John Coltrane,20,14.265306122448976,49,3.434907010014307,62.0,17,3.4166459266003995,0.1902718168812515,descending,True,7.132653061224488,PHRASE_07
231,John Coltrane,21,3.46122448979591,6,1.73349056603774,60.333333333333336,6,2.3570226039551585,0.5801886792452806,ascending,False,1.730612244897955,PHRASE_56
231,John Coltrane,22,4.710204081632639,19,4.033795493934154,61.526315789473685,16,4.36937212221416,0.1663778162911636,descending,True,2.3551020408163197,PHRASE_35
231,John Coltrane,23,2.195918367346934,9,4.098513011152425,59.666666666666664,10,3.0550504633038935,0.2713754646840158,flat,False,1.097959183673467,PHRASE_53
231,John Coltrane,24,1.7469387755101875,8,4.579439252336491,66.375,14,4.151430476353903,0.0280373831775737,ascending,True,0.8734693877550939,PHRASE_03
231,John Coltrane,25,1.1020408163265358,4,3.629629629629613,58.25,3,1.299038105676658,0.1629629629629561,arch,True,0.5510204081632679,PHRASE_21
231,John Coltrane,26,5.730612244897941,26,4.537037037037051,63.19230769230769,18,3.9028513321301466,0.1595441595441644,descending,False,2.8653061224489704,PHRASE_22
231,John Coltrane,27,3.632653061224488,9,2.4775280898876417,65.33333333333333,9,2.943920288775949,0.1483146067415753,ascending,False,1.816326530612244,PHRASE_39
231,John Coltrane,28,9.436734693877554,37,3.920847750865051,63.48648648648648,17,4.252958408307134,0.1271626297577932,descending,False,4.718367346938777,PHRASE_13
232,John Coltrane,1,9.906938775510207,22,2.2206657877389575,62.27272727272727,17,4.212339213892034,0.1205412729802969,descending,False,4.953469387755104,PHRASE_19
232,John Coltrane,2,8.123356009070292,20,2.462036623492631,60.85,15,4.362052269287933,0.1071013845466718,descending,False,4.061678004535146,PHRASE_19
232,John Coltrane,3,5.183673469387756,15,2.893700787401574,64.46666666666667,15,4.856153027059817,0.1294488188976391,arch,True,2.591836734693878,PHRASE_06
232,John Coltrane,4,6.778775510204085,18,2.655346820809247,63.166666666666664,13,3.975620147292187,0.1820809248554929,ascending,True,3.3893877551020424,PHRASE_18
232,John Coltrane,5,10.520816326530614,22,2.0910924891371816,64.86363636363636,10,2.7352157060600697,0.1900993171942905,ascending,False,5.260408163265307,PHRASE_25
232,John Coltrane,6,3.328616780045351,9,2.703825821570658,65.0,15,5.41602560309064,0.1163551147201521,descending,False,1.6643083900226756,PHRASE_06
232,John Coltrane,7,8.881632653061232,19,2.13924632352941,64.6842105263158,13,4.34138750048448,0.1485294117647067,flat,False,4.440816326530616,PHRASE_25
232,John Coltrane,8,8.306938775510204,16,1.9261006289308176,60.875,19,5.622221536012255,0.1145833333333341,flat,False,4.153469387755102,PHRASE_19
232,John Coltrane,9,8.463673469387757,25,2.953800154320987,66.72,17,4.737256590052938,0.1709104938271622,ascending,False,4.2318367346938786,PHRASE_09
232,John Coltrane,10,8.071836734693875,20,2.4777508090614897,67.4,9,2.690724809414742,0.1496763754045295,descending,False,4.035918367346937,PHRASE_25
232,John Coltrane,11,4.669387755102036,24,5.1398601398601445,62.25,18,5.4333077709010125,0.1137529137529132,flat,False,2.334693877551018,PHRASE_60
232,John Coltrane,12,8.710204081632668,11,1.2628865979381425,65.27272727272727,11,3.6949820787093777,0.097948557742373,descending,False,4.355102040816334,PHRASE_49
232,John Coltrane,13,3.668027210884361,8,2.181008902077147,58.875,7,2.666341125962693,0.0322453016815019,ascending,False,1.8340136054421805,PHRASE_21
232,John Coltrane,14,7.248979591836729,15,2.0692567567567584,63.93333333333333,17,4.5382326466980025,0.0711711711711696,ascending,False,3.6244897959183646,PHRASE_63
232,John Coltrane,15,8.457142857142856,21,2.483108108108109,62.57142857142857,19,5.169244474328347,0.0986700986701031,descending,True,4.228571428571428,PHRASE_63
232,John Coltrane,16,6.981950113378673,20,2.864529203907716,62.15,18,5.082076347321043,0.0861567241737615,ascending,True,3.4909750566893365,PHRASE_63
232,John Coltrane,17,8.293877551020387,15,1.808562992125989,66.53333333333333,11,3.5188381921057723,0.0905511811023665,ascending,False,4.146938775510193,PHRASE_49
232,John Coltrane,18,9.521632653061232,22,2.310528120713304,64.5909090909091,24,6.357952006661286,0.1284293552812109,descending,False,4.760816326530616,PHRASE_26
232,John Coltrane,19,18.821224489795924,30,1.5939451769604436,63.733333333333334,20,4.689941956523082,0.0974535430642285,ascending,False,9.410612244897962,PHRASE_07
232,John Coltrane,20,2.742857142857133,5,1.8229166666666732,60.8,5,1.7204650534085253,0.0803571428571373,descending,False,1.3714285714285666,PHRASE_21
233,John Coltrane,1,3.963854875283446,4,1.0091186801368377,65.75,7,2.5860201081971503,0.0,ascending,False,1.981927437641723,PHRASE_00
233,John Coltrane,2,2.934331065759638,4,1.363172699452876,64.5,5,1.8027756377319943,0.0392878118141634,arch,False,1.467165532879819,PHRASE_00
233,John Coltrane,3,8.383265306122446,13,1.550708408393788,65.38461538461539,12,3.0265100881393847,0.1165479223807286,flat,False,4.191632653061223,PHRASE_49
233,John Coltrane,4,3.1958276643990935,4,1.251631946415394,64.5,5,1.8027756377319943,0.0661293069194528,arch,False,1.5979138321995467,PHRASE_00
233,John Coltrane,5,5.5147392290249435,19,3.4453125,67.10526315789474,10,3.1270422689500945,0.1050246710526308,flat,False,2.757369614512472,PHRASE_50
233,John Coltrane,6,4.113287981859408,14,3.4036031665527378,68.5,12,3.886790817260797,0.0919094136585161,arch,False,2.056643990929704,PHRASE_55
233,John Coltrane,7,4.835555555555558,13,2.688419117647057,67.6923076923077,10,3.313947573621234,0.0454025360144058,flat,False,2.417777777777779,PHRASE_49
233,John Coltrane,8,5.026938775510203,16,3.1828515751867497,62.125,17,4.728570079844435,0.0667063620944765,descending,False,2.5134693877551015,PHRASE_30
233,John Coltrane,9,11.237460317460313,37,3.2925589016328627,62.945945945945944,21,5.931801357802662,0.0867119207703393,flat,False,5.6187301587301555,PHRASE_26
233,John Coltrane,10,10.682585034013613,27,2.527478125756204,66.4074074074074,21,6.361104372199784,0.1729901380168221,ascending,False,5.341292517006806,PHRASE_26
233,John Coltrane,11,4.404308390022663,12,2.724604849920205,56.833333333333336,12,3.782268572636739,0.0180198733460354,descending,False,2.2021541950113317,PHRASE_30
233,John Coltrane,12,5.5264399092970535,20,3.618966337868666,58.15,14,3.771935842508459,0.0581004119548984,ascending,True,2.7632199546485268,PHRASE_50
233,John Coltrane,13,6.007755102040818,24,3.994836605747672,60.166666666666664,26,5.899623340142619,0.0565104815393591,ascending,True,3.003877551020409,PHRASE_42
233,John Coltrane,14,6.011247165532879,19,3.1607417690195256,64.94736842105263,17,4.828355764707248,0.0976476446268534,ascending,True,3.0056235827664395,PHRASE_63
233,John Coltrane,15,4.532698412698423,11,2.42681047765793,67.45454545454545,13,4.997520046139909,0.127959097912866,arch,False,2.266349206349211,PHRASE_52
233,John Coltrane,16,5.536643990929704,21,3.792911379962813,66.57142857142857,17,5.385796386894739,0.0992030012368661,ascending,True,2.768321995464852,PHRASE_06
233,John Coltrane,17,5.362675736961435,12,2.237688905426783,68.66666666666667,9,2.778888666755511,0.1967407206948128,flat,True,2.6813378684807176,PHRASE_39
233,John Coltrane,18,7.766848072562368,25,3.218808938508337,63.0,14,4.13763217311544,0.0543387500802911,flat,False,3.883424036281184,PHRASE_63
233,John Coltrane,19,2.102040816326536,6,2.854368932038828,64.5,9,2.9860788111948193,0.0271197411003179,ascending,False,1.051020408163268,PHRASE_59
233,John Coltrane,20,5.249931972789113,17,3.238137196465132,66.94117647058823,9,2.600239541800041,0.0191083352769868,flat,False,2.6249659863945567,PHRASE_50
233,John Coltrane,21,5.53646258503403,16,2.889931929324445,68.8125,10,2.603333199957316,0.0796861048992843,ascending,False,2.768231292517015,PHRASE_49
233,John Coltrane,22,5.56816326530614,18,3.2326638322826464,67.38888888888889,10,3.199633466662651,0.0489175585202566,flat,False,2.78408163265307,PHRASE_50
233,John Coltrane,23,4.657324263038532,7,1.5030089391785355,61.57142857142857,5,1.8405855323893037,0.1029660934426518,flat,False,2.328662131519266,PHRASE_21
233,John Coltrane,24,6.085260770975054,14,2.3006409300939046,60.285714285714285,15,4.446966404649538,0.1165300342823132,ascending,False,3.042630385487527,PHRASE_30
233,John Coltrane,25,6.8734693877551365,15,2.1823040380047396,63.333333333333336,8,2.14993539954628,0.116086038532595,arch,False,3.436734693877568,PHRASE_49
233,John Coltrane,26,3.8238095238095298,11,2.876712328767119,70.0,14,4.156047072968168,0.1208681729229733,flat,False,1.9119047619047649,PHRASE_55
233,John Coltrane,27,6.4571428571428555,15,2.3230088495575227,70.86666666666666,17,5.239168721170267,0.1808259587020595,flat,True,3.228571428571428,PHRASE_08
233,John Coltrane,28,5.466666666666669,25,4.573170731707315,66.32,17,4.531842892245934,0.1613821138211335,flat,False,2.7333333333333343,PHRASE_22
233,John Coltrane,29,5.7645351473923085,11,1.90821978160304,67.45454545454545,8,2.270908363053963,0.0809705132643079,descending,False,2.8822675736961543,PHRASE_49
233,John Coltrane,30,6.252426303854861,29,4.638199411022308,63.37931034482759,19,5.06110110074497,0.0721280083559448,descending,True,3.1262131519274305,PHRASE_22
234,John Coltrane,1,3.3494784580498855,8,2.388431542461006,63.75,12,3.59687364248454,0.123321057192374,ascending,True,1.6747392290249428,PHRASE_52
234,John Coltrane,2,3.79936507936508,4,1.052807486631016,64.75,11,4.14578098794425,0.1172650878533228,ascending,False,1.89968253968254,PHRASE_52
234,John Coltrane,3,3.198548752834469,6,1.875850725952812,68.83333333333333,9,3.0230595245361753,0.2413793103448272,descending,True,1.5992743764172346,PHRASE_39
234,John Coltrane,4,2.7747845804988636,8,2.8831066945606723,63.625,10,3.276335605520289,0.0878661087866098,descending,True,1.3873922902494318,PHRASE_59
234,John Coltrane,5,7.244625850340139,13,1.7944335937499991,63.23076923076923,10,3.16601778880872,0.1770833333333326,descending,False,3.6223129251700694,PHRASE_25
234,John Coltrane,6,2.409070294784584,5,2.0754894578313223,62.4,9,3.4985711369071804,0.2746987951807218,descending,True,1.204535147392292,PHRASE_62
234,John Coltrane,7,6.170702947845811,16,2.592897460018812,62.375,12,3.4072532926097527,0.1505174035747889,arch,False,3.0853514739229055,PHRASE_18
234,John Coltrane,8,3.924172335600907,10,2.548308062130177,65.3,10,3.1953090617340916,0.2100591715976304,descending,False,1.9620861678004535,PHRASE_18
234,John Coltrane,9,4.478095238095236,15,3.349638451722673,61.93333333333333,11,2.9544693074880453,0.1936156853213459,arch,True,2.239047619047618,PHRASE_18
234,John Coltrane,10,6.141678004535137,17,2.7679731805293053,60.23529411764706,11,3.1906003817224984,0.1463994565217372,descending,False,3.0708390022675687,PHRASE_18
234,John Coltrane,11,3.3957369614512487,4,1.1779475399326882,61.0,5,1.8708286933869709,0.2181473369303919,ascending,True,1.6978684807256244,PHRASE_24
234,John Coltrane,12,4.604081632653063,11,2.3891843971631195,62.09090909090909,7,2.0205555246266247,0.198798266351456,descending,True,2.3020408163265316,PHRASE_24
234,John Coltrane,13,4.375238095238103,12,2.7427078798432687,66.33333333333333,12,3.064129385141706,0.1268735617886738,ascending,False,2.1876190476190516,PHRASE_52
234,John Coltrane,14,3.50621315192744,7,1.9964559188741704,68.85714285714286,6,1.9587584572574412,0.1266297599337767,descending,True,1.75310657596372,PHRASE_39
234,John Coltrane,15,1.996734693877542,5,2.5040883074407305,67.6,5,1.743559577416269,0.2839556645770872,ascending,False,0.998367346938771,PHRASE_24
234,John Coltrane,16,3.799999999999997,10,2.631578947368423,65.5,13,4.4328320518603,0.1364124597207338,flat,True,1.8999999999999984,PHRASE_52
234,John Coltrane,17,10.591655328798184,22,2.077106865456913,70.81818181818181,10,2.901979945365885,0.1905063670540309,flat,False,5.295827664399091,PHRASE_25
234,John Coltrane,18,2.7334240362811784,9,3.2925736660472533,66.11111111111111,10,2.601044424604361,0.2115078311653881,descending,False,1.3667120181405892,PHRASE_16
234,John Coltrane,19,2.832653061224491,8,2.824207492795388,58.5,10,3.3166247903554,0.1487031700288132,arch,True,1.4163265306122454,PHRASE_18
234,John Coltrane,20,1.8530612244897924,4,2.1585903083700484,61.25,5,1.920286436967152,0.2158590308370002,descending,False,0.9265306122448962,PHRASE_24
234,John Coltrane,21,3.675736961451264,11,2.992597162245514,63.27272727272727,8,2.631657241114569,0.2017766810610798,arch,True,1.837868480725632,PHRASE_18
234,John Coltrane,22,2.6590476190476124,8,3.0085959885386893,60.375,13,4.635124054434789,0.1026401964797465,flat,False,1.3295238095238062,PHRASE_30
234,John Coltrane,23,7.628299319727887,20,2.6218163658414797,63.45,11,2.8191310718020897,0.0695821740267756,descending,True,3.814149659863943,PHRASE_49
234,John Coltrane,24,11.151020408163248,20,1.7935578330893147,62.7,10,2.72213151776324,0.2511794371237975,descending,False,5.575510204081624,PHRASE_45
234,John Coltrane,25,9.31219954648526,19,2.0403342846289463,60.21052631578947,10,3.018869557831576,0.1974733848266691,arch,False,4.65609977324263,PHRASE_57
234,John Coltrane,26,4.786213151927456,9,1.8804010006064211,66.33333333333333,7,2.211083193570267,0.1058596118860017,ascending,False,2.393106575963728,PHRASE_00
234,John Coltrane,27,4.937868480725626,12,2.430198383541512,67.16666666666667,14,3.647678104706548,0.0653747244672998,descending,True,2.468934240362813,PHRASE_52
234,John Coltrane,28,2.894603174603162,14,4.836586970826956,67.85714285714286,16,4.389226141639205,0.1159715476451681,descending,False,1.447301587301581,PHRASE_03
234,John Coltrane,29,6.599999999999994,17,2.575757575757578,65.17647058823529,9,2.455133735848142,0.1106988249845279,flat,True,3.299999999999997,PHRASE_49
234,John Coltrane,30,3.31632653061223,11,3.316923076923092,69.36363636363636,13,4.33322737738654,0.0933606837606753,descending,True,1.658163265306115,PHRASE_55
234,John Coltrane,31,3.4701133786848004,12,3.4581002666109115,69.0,12,4.06201920231798,0.1615871190339245,descending,False,1.7350566893424002,PHRASE_35
234,John Coltrane,32,3.189795918367338,8,2.507997440818945,67.375,9,2.7810744326608736,0.0741167270917705,flat,False,1.594897959183669,PHRASE_59
234,John Coltrane,33,1.994013605442177,6,3.00900655021834,67.5,10,3.640054944640259,0.2823871906841198,flat,True,0.9970068027210884,PHRASE_02
234,John Coltrane,34,3.3668934240363058,11,3.267106681034459,67.18181818181819,8,2.3671302847802793,0.1612068965517197,flat,True,1.6834467120181529,PHRASE_16
234,John Coltrane,35,3.045351473922892,5,1.641846612062552,62.8,8,2.785677655436824,0.4186150409530728,flat,False,1.522675736961446,PHRASE_62
234,John Coltrane,36,5.057596371882084,14,2.7681133428981357,65.64285714285714,11,3.476598149610845,0.143651362984227,arch,True,2.528798185941042,PHRASE_52
234,John Coltrane,37,2.155102040816331,6,2.7840909090909034,64.66666666666667,9,3.0912061651652345,0.1401515151515251,descending,True,1.0775510204081655,PHRASE_59
234,John Coltrane,38,4.502040816326513,11,2.4433363553943885,62.18181818181818,13,3.737237234744448,0.203989120580228,descending,True,2.2510204081632565,PHRASE_18
234,John Coltrane,39,3.2734693877550853,4,1.2219451371571135,61.0,5,1.8708286933869709,0.5897755610972595,flat,False,1.636734693877543,PHRASE_56
241,Johnny Hodges,1,5.004081632653062,9,1.798531810766721,60.0,9,3.265986323710904,0.1824361065796638,ascending,True,2.502040816326531,PHRASE_18
241,Johnny Hodges,2,9.264126984126984,16,1.72709204304023,64.375,12,3.998046397929869,0.2304894406532396,descending,False,4.632063492063493,PHRASE_25
241,Johnny Hodges,3,2.548390022675733,6,2.3544276765375893,65.16666666666667,12,4.13991411612474,0.0903509396355309,descending,False,1.2741950113378664,PHRASE_52
241,Johnny Hodges,4,5.75092970521542,14,2.4343889975395876,61.214285714285715,17,4.585358241629724,0.1495725821714723,descending,False,2.87546485260771,PHRASE_30
241,Johnny Hodges,5,7.226031746031751,12,1.6606625076882513,65.83333333333333,10,3.2871804872193366,0.1731206145580998,descending,False,3.613015873015875,PHRASE_25
241,Johnny Hodges,6,6.500136054421766,15,2.30764400535834,66.6,12,4.013311184877976,0.2176476334003119,descending,False,3.250068027210883,PHRASE_25
241,Johnny Hodges,7,14.09555555555555,18,1.276998265804825,61.888888888888886,14,4.228066131208989,0.3544514763181002,ascending,False,7.047777777777775,PHRASE_45
241,Johnny Hodges,8,11.389478458049894,22,1.9316073234635929,67.63636363636364,12,3.3377381364883307,0.1947654277727797,descending,False,5.694739229024947,PHRASE_25
241,Johnny Hodges,9,2.919410430839008,9,3.082814223354506,69.88888888888889,7,2.7666443551086073,0.0840725148742452,flat,False,1.459705215419504,PHRASE_59
241,Johnny Hodges,10,3.333197278911584,5,1.500061226988848,63.8,9,3.655133376499413,0.1097051580336643,arch,False,1.666598639455792,PHRASE_52
241,Johnny Hodges,11,14.102040816326536,30,2.1273516642547023,65.66666666666667,12,3.590109871423002,0.1772567936967346,flat,True,7.051020408163268,PHRASE_48
241,Johnny Hodges,12,7.736598639455792,12,1.551069217782778,67.0,10,3.415650255319866,0.2695671543800418,descending,False,3.868299319727896,PHRASE_25
241,Johnny Hodges,13,17.985714285714295,35,1.9459888800635416,61.142857142857146,17,3.4652796806760233,0.2381355825359005,ascending,False,8.992857142857147,PHRASE_07
242,Johnny Hodges,1,3.419138321995465,7,2.0472994482173172,62.714285714285715,9,2.762725657973388,0.2190152801358236,ascending,False,1.7095691609977326,PHRASE_18
242,Johnny Hodges,2,4.748480725623583,13,2.737717756723716,61.53846153846154,15,5.314933744653754,0.089242053789732,descending,False,2.3742403628117916,PHRASE_30
242,Johnny Hodges,3,3.541043083900224,7,1.9768186475409852,62.57142857142857,8,2.55550625999976,0.195081967213114,ascending,False,1.770521541950112,PHRASE_24
242,Johnny Hodges,4,7.772879818594109,19,2.444396471247198,62.05263157894737,15,4.454136861396987,0.1194921583271098,descending,False,3.8864399092970543,PHRASE_63
242,Johnny Hodges,5,4.260861678004538,10,2.3469431198910065,62.1,15,5.412023651093923,0.1171662125340633,descending,True,2.130430839002269,PHRASE_30
242,Johnny Hodges,6,8.42884353741497,16,1.8982438016528915,67.5625,15,4.743004717476043,0.0688705234159774,descending,False,4.214421768707485,PHRASE_04
242,Johnny Hodges,7,8.632018140589565,19,2.2011075151311377,68.42105263157895,11,2.9076268035648702,0.1425689307330206,descending,False,4.316009070294783,PHRASE_25
242,Johnny Hodges,8,3.686167800453518,7,1.8989911417322816,64.28571428571429,14,4.233009254294015,0.1086614173228352,ascending,True,1.843083900226759,PHRASE_52
242,Johnny Hodges,9,5.009705215419501,12,2.395350521436848,64.91666666666667,14,4.2122506520333705,0.12050984936269,ascending,True,2.5048526077097506,PHRASE_52
242,Johnny Hodges,10,2.589024943310662,7,2.7037205717488746,58.0,5,1.5118578920369088,0.3587443946188299,descending,True,1.294512471655331,PHRASE_62
249,Kenny Dorham,1,4.2714285714285705,8,1.872909698996656,71.375,8,2.912795049432761,0.1132345914954608,ascending,True,2.1357142857142852,PHRASE_39
249,Kenny Dorham,2,6.770068027210884,32,4.726688102893891,66.9375,16,3.968134794837494,0.2745176848874607,ascending,False,3.385034013605442,PHRASE_58
249,Kenny Dorham,3,12.84063492063492,39,3.0372329905063293,71.84615384615384,17,4.197303539413416,0.1679793456148272,flat,False,6.4203174603174595,PHRASE_29
249,Kenny Dorham,4,17.61206349206349,52,2.952521720321569,72.36538461538461,18,3.887993580606871,0.2509797963671565,arch,False,8.806031746031746,PHRASE_07
249,Kenny Dorham,5,11.550022675736962,27,2.3376577482153933,68.81481481481481,16,3.6821595619663903,0.2303143577380083,descending,True,5.775011337868481,PHRASE_29
250,Kenny Dorham,1,2.828571428571429,7,2.474747474747474,71.71428571428571,7,2.249716535431946,0.1414141414141415,ascending,True,1.4142857142857146,PHRASE_39
250,Kenny Dorham,2,2.9469387755102048,7,2.3753462603878113,71.57142857142857,10,2.969229955832361,0.1897506925207756,ascending,True,1.4734693877551024,PHRASE_39
250,Kenny Dorham,3,6.417414965986392,11,1.714085820895523,71.0,14,3.789938833759242,0.2035278154681142,descending,False,3.208707482993196,PHRASE_08
250,Kenny Dorham,4,9.361632653061225,21,2.243198465294733,69.42857142857143,19,6.122335599857207,0.2431306437235988,descending,True,4.680816326530612,PHRASE_05
250,Kenny Dorham,5,7.648979591836742,10,1.3073639274279605,65.5,13,4.177319714841085,0.1131270010672364,descending,False,3.824489795918371,PHRASE_49
250,Kenny Dorham,6,6.275192743764173,13,2.071649514338575,66.84615384615384,20,6.236939015576765,0.2995201202590189,descending,False,3.1375963718820863,PHRASE_43
250,Kenny Dorham,7,10.179047619047616,17,1.670097305389222,71.41176470588235,19,5.605237293916045,0.3071000855431984,arch,False,5.089523809523808,PHRASE_05
250,Kenny Dorham,8,6.067664399092976,20,3.2961612054532377,70.05,12,2.8718460961548757,0.1863190624252574,descending,False,3.033832199546488,PHRASE_09
250,Kenny Dorham,9,20.425260770975058,46,2.2521132295832156,69.8695652173913,21,6.21222040977779,0.3170965657660138,descending,False,10.212630385487529,PHRASE_11
250,Kenny Dorham,10,9.142766439909307,23,2.5156499568448067,72.91304347826087,25,7.586676212586865,0.2864165319100402,descending,False,4.5713832199546545,PHRASE_05
250,Kenny Dorham,11,5.269614512471662,10,1.897672016868193,77.2,7,2.4819347291981715,0.2112483325444305,arch,False,2.634807256235831,PHRASE_51
250,Kenny Dorham,12,4.439999999999998,12,2.702702702702704,69.25,18,5.80409338312195,0.3514126371269191,descending,False,2.219999999999999,PHRASE_43
250,Kenny Dorham,13,2.303129251700682,8,3.47353497164461,68.875,9,2.8476964374736293,0.2205419029615617,ascending,False,1.151564625850341,PHRASE_16
250,Kenny Dorham,14,4.195283446712011,3,0.7150887509999363,62.333333333333336,4,1.8856180831641267,0.194711694376582,descending,False,2.0976417233560056,PHRASE_24
250,Kenny Dorham,15,6.2795918367346815,15,2.388690282742936,68.73333333333333,19,5.359933664597808,0.3526161845953781,descending,False,3.1397959183673407,PHRASE_43
250,Kenny Dorham,16,2.4613151927437684,7,2.8440079599056554,60.285714285714285,5,1.6659862556700855,0.3231132075471641,flat,False,1.2306575963718842,PHRASE_62
251,Kenny Dorham,1,17.783582766439906,31,1.7431807981067409,68.19354838709677,14,3.719342248810631,0.2427880692018933,descending,False,8.891791383219953,PHRASE_07
251,Kenny Dorham,2,18.28426303854875,35,1.9142144217795063,69.4,18,4.79404392375134,0.120463429637273,descending,False,9.142131519274376,PHRASE_07
251,Kenny Dorham,3,14.923537414965985,76,5.092626358398367,68.02631578947368,18,3.9768199548016487,0.2356015851019853,descending,False,7.461768707482992,PHRASE_44
251,Kenny Dorham,4,2.298775510204088,13,5.655184659090894,75.92307692307692,4,1.3846153846153846,0.1508838383838384,flat,False,1.149387755102044,PHRASE_40
251,Kenny Dorham,5,1.6137868480725643,8,4.957284172661865,76.0,4,1.224744871391589,0.0719424460431789,flat,False,0.8068934240362822,PHRASE_40
251,Kenny Dorham,6,4.313106575963715,20,4.637028936742938,73.8,10,2.85657137141714,0.1372812920592134,flat,False,2.1565532879818576,PHRASE_16
251,Kenny Dorham,7,16.721269841269844,45,2.6911831713244223,70.04444444444445,13,3.2452053902166744,0.2300815830584971,descending,True,8.360634920634922,PHRASE_07
251,Kenny Dorham,8,7.743582766439914,11,1.4205310812551968,67.27272727272727,15,5.118432094639727,0.1466095838262706,descending,False,3.871791383219957,PHRASE_04
251,Kenny Dorham,9,6.257142857142853,7,1.1187214611872154,77.0,4,1.5118578920369088,0.1513372472276584,flat,False,3.1285714285714263,PHRASE_51
251,Kenny Dorham,10,11.673832199546496,16,1.3705867727498744,75.6875,12,3.635222654803967,0.0683195549477884,descending,False,5.836916099773248,PHRASE_33
251,Kenny Dorham,11,1.2673469387755034,7,5.5233494363929445,76.85714285714286,6,2.030381486221699,0.1417069243156154,flat,False,0.6336734693877517,PHRASE_40
251,Kenny Dorham,12,1.5395011337868567,8,5.196488540623314,75.625,5,1.5761900266148114,0.1023979261179599,arch,False,0.7697505668934284,PHRASE_40
251,Kenny Dorham,13,7.52489795918369,36,4.784118029941409,68.13888888888889,25,6.948831947320266,0.1056748872978029,flat,False,3.762448979591845,PHRASE_42
251,Kenny Dorham,14,9.056870748299332,22,2.429095060689818,71.9090909090909,14,5.375948887990007,0.1901113648199356,ascending,False,4.528435374149666,PHRASE_04
251,Kenny Dorham,15,6.52625850340138,33,5.05649599733154,71.72727272727273,14,3.8476496349718,0.1125194574160607,descending,False,3.26312925170069,PHRASE_22
251,Kenny Dorham,16,13.164263038548768,33,2.506786737956121,71.96969696969697,8,1.6964284851246552,0.0862329125785431,flat,True,6.582131519274384,PHRASE_33
251,Kenny Dorham,17,6.9979138321995435,16,2.286395686437164,68.625,10,3.0388114452858046,0.1071909995852295,descending,True,3.498956916099772,PHRASE_49
251,Kenny Dorham,18,2.6848072562358425,10,3.7246621621621414,65.1,8,2.211334438749598,0.3513513513513542,flat,False,1.3424036281179212,PHRASE_02
251,Kenny Dorham,19,10.89922902494331,35,3.21123631037582,71.8,13,3.387371505206613,0.3749958390200011,flat,False,5.449614512471655,PHRASE_29
251,Kenny Dorham,20,16.663219954648525,49,2.9406081257620627,69.77551020408163,14,3.9136876817528554,0.1138248998432323,descending,False,8.331609977324263,PHRASE_07
251,Kenny Dorham,21,20.530249433106604,66,3.214768540199513,68.5,21,4.74261786805813,0.08860770678519,flat,True,10.265124716553302,PHRASE_11
251,Kenny Dorham,22,2.9163718820861675,12,4.114701583056014,65.66666666666667,15,4.6785562825394,0.1609181102851872,descending,False,1.4581859410430835,PHRASE_35
252,Kenny Dorham,1,8.719092970521539,23,2.6378890645805604,69.1304347826087,12,3.4427535469268093,0.2130492676431424,descending,False,4.359546485260769,PHRASE_25
252,Kenny Dorham,2,1.683446712018139,7,4.158135775862074,68.14285714285714,5,1.6413036132965797,0.1310344827586219,descending,False,0.8417233560090693,PHRASE_40
252,Kenny Dorham,3,2.577414965986396,9,3.4918707770270254,70.55555555555556,7,2.3147407395555177,0.1891891891891895,arch,False,1.288707482993198,PHRASE_16
252,Kenny Dorham,4,4.70875283446712,19,4.03503871787957,71.94736842105263,18,5.185746499685727,0.1591478213969259,arch,True,2.35437641723356,PHRASE_36
252,Kenny Dorham,5,5.510204081632647,20,3.6296296296296338,70.2,14,3.3555923471125033,0.1481481481481481,ascending,False,2.7551020408163236,PHRASE_09
252,Kenny Dorham,6,6.604081632653063,23,3.4826946847960434,68.1304347826087,14,4.214925321181622,0.1485784919653874,arch,False,3.3020408163265316,PHRASE_09
252,Kenny Dorham,7,3.469387755102048,10,2.882352941176465,72.0,12,3.82099463490856,0.1482352941176462,ascending,True,1.734693877551024,PHRASE_55
252,Kenny Dorham,8,7.004081632653062,25,3.5693473193473193,69.76,15,3.7765592806150945,0.1480186480186466,descending,True,3.502040816326531,PHRASE_09
252,Kenny Dorham,9,7.306122448979586,33,4.5167597765363166,70.18181818181819,15,3.671797061918298,0.2022346368715047,descending,True,3.653061224489793,PHRASE_58
252,Kenny Dorham,10,10.53877551020409,36,3.4159566227730416,72.52777777777777,15,3.89077335294034,0.1600481969188417,descending,False,5.269387755102045,PHRASE_29
252,Kenny Dorham,11,10.481632653061226,33,3.148364485981308,69.6969696969697,16,4.108268443656321,0.2577881619937721,descending,True,5.240816326530613,PHRASE_29
252,Kenny Dorham,12,4.3999999999999915,17,3.8636363636363713,68.52941176470588,11,3.201427017455948,0.0946196660482394,arch,False,2.1999999999999957,PHRASE_55
252,Kenny Dorham,13,5.469387755102048,18,3.291044776119399,75.0,12,3.7859388972001824,0.1797014925373156,flat,True,2.734693877551024,PHRASE_08
252,Kenny Dorham,14,4.987755102040822,18,3.608837970540094,69.83333333333333,12,3.0413812651491097,0.1178396072013091,ascending,False,2.493877551020411,PHRASE_55
252,Kenny Dorham,15,6.8816326530612315,21,3.0516014234875413,69.0,14,4.253849796976628,0.1684460260972711,descending,False,3.440816326530616,PHRASE_09
252,Kenny Dorham,16,7.069387755102056,14,1.980369515011543,68.28571428571429,12,3.5138211074996697,0.2297921478060057,ascending,False,3.534693877551028,PHRASE_25
252,Kenny Dorham,17,4.2204081632653185,15,3.5541586073500864,69.73333333333333,12,3.37573037364591,0.2359767891682794,flat,False,2.1102040816326593,PHRASE_58
252,Kenny Dorham,18,1.29795918367347,3,2.3113207547169803,75.66666666666667,5,2.0548046676563256,0.0377358490566083,descending,False,0.6489795918367349,PHRASE_12
252,Kenny Dorham,19,3.281632653061223,11,3.351990049751245,71.81818181818181,13,4.17390555754509,0.206467661691563,descending,False,1.6408163265306115,PHRASE_08
252,Kenny Dorham,20,11.151020408163276,40,3.58711566617862,68.4,15,3.793415347678131,0.213030746705719,ascending,True,5.575510204081638,PHRASE_29
252,Kenny Dorham,21,10.09360544217688,29,2.873106162721731,66.89655172413794,19,5.560605446979653,0.3642098452579894,descending,False,5.04680272108844,PHRASE_01
252,Kenny Dorham,22,1.9490249433106612,7,3.591539463886814,62.714285714285715,7,2.118913853455904,0.189035740878649,ascending,False,0.9745124716553306,PHRASE_16
252,Kenny Dorham,23,13.053061224489824,44,3.3708567854909246,72.4090909090909,14,3.178894760891975,0.24640400250156,descending,True,6.526530612244912,PHRASE_29
252,Kenny Dorham,24,4.114285714285728,8,1.944444444444438,67.875,9,2.8912583765550943,0.2003968253968316,descending,False,2.057142857142864,PHRASE_39
253,Kenny Dorham,1,17.549569160997734,45,2.564165512393789,66.75555555555556,15,3.9953058876389513,0.2623937896673625,descending,True,8.774784580498867,PHRASE_07
253,Kenny Dorham,2,4.902040816326529,12,2.4479600333055793,71.0,15,4.339738855430512,0.2114904246461299,descending,True,2.4510204081632647,PHRASE_08
253,Kenny Dorham,3,4.0887074829932,11,2.690336749633966,65.9090909090909,7,1.9750509984000393,0.4226673765473176,descending,True,2.0443537414966,PHRASE_56
253,Kenny Dorham,4,3.546848072562355,17,4.792987929623572,70.23529411764706,12,3.3699260205652948,0.2954173486088362,arch,False,1.7734240362811775,PHRASE_58
253,Kenny Dorham,5,10.004897959183673,48,4.797650130548304,69.625,14,3.683437027198013,0.203338047577603,flat,False,5.002448979591836,PHRASE_29
253,Kenny Dorham,6,3.3494784580498873,7,2.089877599653379,74.57142857142857,6,2.1946130708196026,0.1594454072790289,descending,True,1.6747392290249437,PHRASE_51
253,Kenny Dorham,7,1.3750566893424008,2,1.454485488126652,63.0,2,1.0,0.1451187335092331,arch,False,0.6875283446712004,PHRASE_21
253,Kenny Dorham,8,7.114013605442182,13,1.8273791309669511,69.0,14,4.835764198615911,0.2219502243982042,flat,True,3.557006802721091,PHRASE_08
253,Kenny Dorham,9,2.821224489795924,6,2.126736111111107,64.5,6,1.8929694486000912,0.1213991769547292,flat,False,1.410612244897962,PHRASE_59
253,Kenny Dorham,10,6.934058956916104,18,2.5958821682712414,69.22222222222223,13,3.424674446093876,0.2227658015906229,descending,False,3.467029478458052,PHRASE_25
253,Kenny Dorham,11,3.1346938775510296,6,1.9140624999999944,65.33333333333333,11,4.189935029992178,0.2305555555555561,descending,False,1.5673469387755148,PHRASE_18
253,Kenny Dorham,12,10.29024943310658,22,2.137946231820184,72.13636363636364,20,5.4630615338209445,0.2393124724548252,descending,False,5.1451247165532905,PHRASE_05
253,Kenny Dorham,13,5.413151927437653,16,2.955764075067018,68.25,7,1.984313483298443,0.1978552278820395,flat,False,2.7065759637188265,PHRASE_39
253,Kenny Dorham,14,5.249523809523808,12,2.2859216255442676,67.66666666666667,10,2.8674417556808756,0.1938627410325505,descending,False,2.624761904761904,PHRASE_39
253,Kenny Dorham,15,9.183492063492068,24,2.613384955752211,68.41666666666667,15,3.861310946067698,0.2202907711757255,descending,False,4.591746031746034,PHRASE_29
253,Kenny Dorham,16,6.539319727891154,32,4.89347536617843,68.625,13,3.314268395890713,0.2183061473590866,flat,False,3.269659863945577,PHRASE_58
253,Kenny Dorham,17,5.6917913832199645,30,5.270748342682296,72.8,13,3.166491223210111,0.1803289138194687,descending,False,2.8458956916099822,PHRASE_58
253,Kenny Dorham,18,2.040453514739226,11,5.390958392603136,70.27272727272727,13,3.863368974704687,0.1749644381223328,ascending,False,1.020226757369613,PHRASE_03
253,Kenny Dorham,19,15.301950113378696,40,2.6140459028831544,71.325,19,4.895852836840585,0.1971559654779944,descending,False,7.650975056689347,PHRASE_07
253,Kenny Dorham,20,4.577233560090718,13,2.8401434686112776,73.38461538461539,15,4.699238261323466,0.2143310082435069,descending,False,2.288616780045359,PHRASE_08
253,Kenny Dorham,21,15.963718820861658,41,2.5683238636363668,70.29268292682927,24,5.60593719428731,0.2612073863636332,ascending,True,7.981859410430829,PHRASE_38
253,Kenny Dorham,22,5.848480725623602,13,2.2227994944129454,72.07692307692308,20,5.441458210408428,0.2737691824533408,descending,False,2.924240362811801,PHRASE_43
253,Kenny Dorham,23,7.476825396825404,15,2.0061990489130412,71.46666666666667,22,7.079234107977752,0.2131211180124304,descending,False,3.738412698412702,PHRASE_36
253,Kenny Dorham,24,10.14712018140591,24,2.365203089244848,71.875,20,5.9041828393097715,0.1856407322654455,descending,True,5.073560090702955,PHRASE_05
253,Kenny Dorham,25,10.454784580498853,28,2.678199611327044,69.17857142857143,16,3.674755302140844,0.2332037756801744,ascending,False,5.227392290249426,PHRASE_29
253,Kenny Dorham,26,1.7342403628118177,3,1.7298640167363757,72.33333333333333,2,0.9428090415820634,0.1280334728033509,flat,False,0.8671201814059089,PHRASE_34
253,Kenny Dorham,27,8.85551020408164,25,2.8231010324483754,65.48,12,3.2633724886993822,0.2415601442150076,descending,True,4.42775510204082,PHRASE_25
253,Kenny Dorham,28,9.167891156462588,17,1.8542977561438911,65.6470588235294,13,3.86448651897808,0.3076101151608656,descending,False,4.583945578231294,PHRASE_25
253,Kenny Dorham,29,11.285623582766448,32,2.835465826528642,70.4375,16,3.578909575555102,0.1920851282710746,descending,False,5.642811791383224,PHRASE_29
253,Kenny Dorham,30,6.034285714285772,12,1.9886363636363444,64.5,11,3.227486121839514,0.4434824434824408,ascending,True,3.017142857142886,PHRASE_14
253,Kenny Dorham,31,12.370430839002324,31,2.5059757742843622,68.19354838709677,16,4.409808384680016,0.2003680783669607,descending,False,6.185215419501162,PHRASE_29
253,Kenny Dorham,32,1.9707936507936663,6,3.0444587628865736,67.66666666666667,13,4.818944098266987,0.1782032400588924,ascending,True,0.9853968253968332,PHRASE_35
253,Kenny Dorham,33,1.9998185941043405,5,2.500226777939002,68.8,13,4.48998886412873,0.1596516690856607,ascending,True,0.99990929705217,PHRASE_52
253,Kenny Dorham,34,5.674376417233532,13,2.291000639386201,71.07692307692308,10,2.786272350196128,0.241144501278778,flat,False,2.837188208616766,PHRASE_39
253,Kenny Dorham,35,5.331882086167809,12,2.2506124115405517,65.33333333333333,12,3.7490739597339977,0.2808927599346719,descending,True,2.665941043083905,PHRASE_18
253,Kenny Dorham,36,9.964263038548722,21,2.1075316778328057,69.76190476190476,14,4.868800203284289,0.2983177978444515,descending,False,4.982131519274361,PHRASE_29
253,Kenny Dorham,37,10.692789115646292,27,2.5250661644951062,66.29629629629629,13,3.619032148238847,0.2576767779587419,flat,False,5.346394557823146,PHRASE_29
253,Kenny Dorham,38,1.381587301587274,4,2.895220588235352,69.0,7,2.549509756796392,0.1239495798318807,descending,False,0.690793650793637,PHRASE_59
253,Kenny Dorham,39,6.446439909297055,17,2.6371144754615026,66.47058823529412,12,3.2560829419054227,0.1868527690229694,flat,False,3.2232199546485276,PHRASE_25
253,Kenny Dorham,40,4.652698412698442,7,1.504503275109161,62.857142857142854,17,5.642405045180428,0.1059731752963303,descending,True,2.326349206349221,PHRASE_30
254,Kenny Dorham,1,12.010521541950112,9,0.7493429797003384,71.11111111111111,10,3.314763086705844,0.0509908168197199,descending,False,6.005260770975056,PHRASE_33
254,Kenny Dorham,2,11.313922902494326,19,1.679346780400206,73.89473684210526,16,5.149294656267371,0.0954335556695741,flat,True,5.656961451247163,PHRASE_04
254,Kenny Dorham,3,19.868843537414968,56,2.818483113752773,71.19642857142857,21,5.36995491753204,0.1672601276397594,descending,False,9.934421768707484,PHRASE_11
254,Kenny Dorham,4,3.0653061224489875,7,2.283621837549928,74.0,7,2.5071326821120348,0.1884154460719067,descending,False,1.5326530612244935,PHRASE_51
254,Kenny Dorham,5,10.159183673469386,15,1.4764965849738854,68.2,17,5.00932463844512,0.0883844471228965,descending,False,5.079591836734693,PHRASE_04
254,Kenny Dorham,6,10.483809523809526,28,2.6707848837209296,70.21428571428571,24,7.330743203684559,0.0719390227021056,flat,False,5.241904761904763,PHRASE_26
254,Kenny Dorham,7,4.497959183673473,14,3.112522686025406,78.28571428571429,11,3.1943828249996997,0.0830308529945503,descending,False,2.2489795918367363,PHRASE_12
254,Kenny Dorham,8,3.8376870748299297,10,2.605736164781794,70.7,9,2.6095976701399777,0.1125370770848815,descending,False,1.9188435374149648,PHRASE_59
254,Kenny Dorham,9,9.313832199546482,21,2.254711009397673,69.57142857142857,17,5.132264222974277,0.0743876905098112,ascending,True,4.656916099773241,PHRASE_04
254,Kenny Dorham,10,15.751836734693882,84,5.332711442786068,70.03571428571429,15,4.193096448107204,0.1062770637552984,descending,False,7.875918367346941,PHRASE_44
254,Kenny Dorham,11,10.500680272108838,34,3.237885462555068,74.79411764705883,25,7.66496771707528,0.0594540900060452,arch,False,5.250340136054419,PHRASE_38
254,Kenny Dorham,12,9.801496598639432,24,2.4486056551130666,74.25,21,6.015604707757983,0.0590867237637763,descending,False,4.900748299319716,PHRASE_04
254,Kenny Dorham,13,9.704081632653043,17,1.751840168243957,73.41176470588235,6,1.717002296391344,0.2262881177707646,flat,False,4.852040816326522,PHRASE_25
254,Kenny Dorham,14,14.479637188208612,58,4.005625227076261,72.20689655172414,16,3.83162259988104,0.1448026159185122,descending,True,7.239818594104307,PHRASE_44
254,Kenny Dorham,15,10.546485260770964,27,2.5600946033111183,69.07407407407408,12,3.8865954436577494,0.1059815093528279,ascending,True,5.273242630385482,PHRASE_48
254,Kenny Dorham,16,8.05795918367349,24,2.9784216391449627,73.45833333333333,18,5.243878706538595,0.1564628147547875,descending,False,4.028979591836745,PHRASE_05
254,Kenny Dorham,17,2.353922902494304,6,2.5489364981504607,71.16666666666667,5,1.7716909687891085,0.337237977805189,arch,True,1.176961451247152,PHRASE_56
254,Kenny Dorham,18,13.514013605442187,24,1.775934278350514,71.75,16,4.483767017438201,0.1146135362972566,ascending,False,6.757006802721094,PHRASE_48
255,Kenny Dorham,1,15.218367346938775,34,2.2341424165213892,67.11764705882354,13,2.7090773975692835,0.1628000536408744,descending,True,7.6091836734693885,PHRASE_07
255,Kenny Dorham,2,8.180226757369617,43,5.256577999046424,67.30232558139535,17,4.077932009657849,0.1155377160788161,flat,False,4.0901133786848085,PHRASE_13
255,Kenny Dorham,3,1.5470294784580505,2,1.2928001876172606,69.5,1,0.5,0.0075046904315192,arch,False,0.7735147392290251,PHRASE_27
255,Kenny Dorham,4,8.053333333333335,23,2.855960264900662,69.6086956521739,13,3.186099297488915,0.1640537009505805,arch,True,4.026666666666667,PHRASE_09
255,Kenny Dorham,5,12.621678004535148,26,2.0599479713123587,68.76923076923077,21,6.3446385137234165,0.1231082110467538,descending,False,6.310839002267574,PHRASE_26
255,Kenny Dorham,6,11.052244897959191,27,2.442942610237091,69.62962962962963,12,2.882233549384255,0.2252258906369257,flat,False,5.526122448979596,PHRASE_29
255,Kenny Dorham,7,9.798820861677996,14,1.428743335308058,69.21428571428571,8,1.9338551958115544,0.2797689573459693,arch,False,4.899410430838998,PHRASE_25
255,Kenny Dorham,8,7.669841269841271,12,1.5645695364238408,64.41666666666667,16,4.609018936341611,0.0580889309366119,descending,False,3.834920634920635,PHRASE_04
274,Lee Morgan,1,7.244625850340135,20,2.7606670673076925,66.55,10,2.4181604578687494,0.1586538461538463,descending,False,3.622312925170067,PHRASE_25
274,Lee Morgan,2,8.835192743764171,23,2.603225607752957,66.04347826086956,10,2.4223283960320208,0.2818659658344287,descending,False,4.417596371882086,PHRASE_25
274,Lee Morgan,3,11.583582766439903,35,3.021517669075791,65.54285714285714,23,5.920148922561503,0.1828453750322985,descending,False,5.791791383219952,PHRASE_26
274,Lee Morgan,4,11.685714285714283,18,1.5403422982885089,66.16666666666667,12,4.412734098291242,0.093957387355922,arch,False,5.842857142857142,PHRASE_48
274,Lee Morgan,5,1.126530612244899,5,4.438405797101445,66.2,4,1.469693845669907,0.119565217391306,flat,False,0.5632653061224495,PHRASE_41
274,Lee Morgan,6,0.4040816326530603,2,4.9494949494949605,71.5,1,0.5,0.0,arch,True,0.2020408163265301,PHRASE_61
274,Lee Morgan,7,20.448979591836732,53,2.5918163672654693,69.01886792452831,15,3.6626135942857303,0.1892126857396326,descending,False,10.224489795918366,PHRASE_11
274,Lee Morgan,8,19.11020408163266,91,4.7618539085860725,67.2967032967033,20,4.3915365793024845,0.1618966253737728,flat,True,9.55510204081633,PHRASE_31
274,Lee Morgan,9,19.551020408163268,96,4.910229645093945,67.90625,27,5.757383167507613,0.1672233820459306,descending,True,9.775510204081634,PHRASE_31
274,Lee Morgan,10,3.604081632653078,13,3.6070215175537776,71.92307692307692,9,2.2000537917038603,0.3318233295583132,ascending,False,1.802040816326539,PHRASE_02
274,Lee Morgan,11,2.5142857142857338,10,3.977272727272696,72.7,7,2.0518284528683193,0.3441558441558378,ascending,True,1.2571428571428669,PHRASE_02
274,Lee Morgan,12,10.669387755102065,56,5.248661055853087,72.44642857142857,15,3.9230074235078822,0.1155317521040621,descending,False,5.334693877551032,PHRASE_23
274,Lee Morgan,13,17.18630385487529,75,4.363940067237,70.92,26,6.054772222525523,0.1805160466331359,descending,False,8.593151927437646,PHRASE_44
274,Lee Morgan,14,10.097777777777791,27,2.673855633802813,71.18518518518519,15,3.9066613295094097,0.3187697614257021,ascending,True,5.0488888888888965,PHRASE_29
274,Lee Morgan,15,15.678548752834471,42,2.678819364094968,69.97619047619048,23,5.1570021525896275,0.290600268431517,descending,True,7.839274376417237,PHRASE_07
274,Lee Morgan,16,20.210068027210863,50,2.474014433433867,67.64,21,4.4799999999999995,0.2882378285221903,descending,True,10.105034013605431,PHRASE_11
275,Lee Morgan,1,5.391383219954648,14,2.5967362045760436,64.78571428571429,13,3.5087354545186105,0.1218707940780621,flat,False,2.695691609977324,PHRASE_52
275,Lee Morgan,2,5.80190476190476,25,4.308929743926463,61.44,11,3.13789738519283,0.2913735421942912,descending,True,2.90095238095238,PHRASE_58
275,Lee Morgan,3,14.64598639455782,75,5.120856866825209,68.18666666666667,16,3.0361964509709987,0.1189308363059853,ascending,True,7.32299319727891,PHRASE_44
275,Lee Morgan,4,14.87782312925171,71,4.772203526227226,66.16901408450704,22,4.941876006598138,0.2093362108908231,descending,False,7.438911564625855,PHRASE_44
275,Lee Morgan,5,6.69315192743764,34,5.079818950563748,65.8529411764706,16,4.008317477014488,0.1509106678230724,ascending,False,3.34657596371882,PHRASE_22
275,Lee Morgan,6,3.988027210884354,17,4.262759279475982,71.0,14,3.9107694443752146,0.0538118631732156,descending,False,1.994013605442177,PHRASE_55
275,Lee Morgan,7,4.5316099773242655,22,4.854786733652246,67.95454545454545,13,3.5223606847380675,0.1287404175256694,flat,False,2.2658049886621328,PHRASE_22
275,Lee Morgan,8,1.4816326530612258,4,2.6997245179063336,72.0,9,3.5355339059327378,0.0578512396694236,ascending,False,0.7408163265306129,PHRASE_59
275,Lee Morgan,9,12.402539682539684,42,3.3864031944302244,65.54761904761905,17,4.691442975056674,0.2401819538094731,descending,False,6.201269841269841,PHRASE_29
275,Lee Morgan,10,19.98820861678004,100,5.002949584789219,68.57,19,4.205365620252298,0.1398284702999491,flat,False,9.99410430839002,PHRASE_31
275,Lee Morgan,11,2.395918367346937,5,2.08688245315162,73.8,8,2.785677655436824,0.1754684838160142,descending,False,1.1979591836734684,PHRASE_51
275,Lee Morgan,12,4.852970521541948,23,4.73936528110048,70.78260869565217,21,6.178198145506648,0.2003027811004826,descending,True,2.426485260770974,PHRASE_36
275,Lee Morgan,13,23.98621315192743,115,4.794420831316555,66.15652173913044,27,5.186254918109441,0.1437938649564392,descending,False,11.993106575963717,PHRASE_31
275,Lee Morgan,14,6.571247165532867,33,5.021877760600717,66.84848484848484,15,3.669045058827954,0.1715023189045852,descending,False,3.2856235827664335,PHRASE_22
275,Lee Morgan,15,22.633650793650787,105,4.639110188509876,67.66666666666667,17,3.7560533153745976,0.1726404206206744,descending,False,11.316825396825394,PHRASE_31
275,Lee Morgan,16,14.28272108843538,76,5.321114900264815,62.44736842105263,18,5.222408037138729,0.1636723885004584,ascending,False,7.14136054421769,PHRASE_44
275,Lee Morgan,17,12.432653061224473,60,4.826001313197644,65.96666666666667,19,4.408199430858615,0.1788429269716214,descending,True,6.2163265306122355,PHRASE_23
276,Lee Morgan,1,3.4224036281179133,7,2.0453461253047815,66.42857142857143,15,4.865538961693257,0.1150217322166862,descending,False,1.7112018140589569,PHRASE_52
276,Lee Morgan,2,10.04081632653061,22,2.191056910569106,65.31818181818181,16,4.445491726931327,0.1254200542005415,descending,False,5.020408163265305,PHRASE_48
276,Lee Morgan,3,20.97759637188209,49,2.3358252838575218,69.08163265306122,16,3.958131566498174,0.1848468077378756,descending,True,10.488798185941045,PHRASE_11
276,Lee Morgan,4,10.071655328798188,27,2.680790706051873,64.29629629629629,17,4.2844664719478835,0.2057636887608077,descending,False,5.035827664399093,PHRASE_48
276,Lee Morgan,5,6.894512471655318,19,2.755814871336109,69.3157894736842,19,4.634568413210803,0.0958927537757171,flat,True,3.447256235827659,PHRASE_63
276,Lee Morgan,6,4.236734693877551,9,2.1242774566473988,64.33333333333333,10,3.126943839882286,0.0905587668593424,descending,False,2.1183673469387756,PHRASE_52
276,Lee Morgan,7,5.555374149659869,14,2.5200822884012517,72.71428571428571,14,4.266624149448022,0.3287291013584132,flat,False,2.7776870748299345,PHRASE_08
276,Lee Morgan,8,6.49596371882086,18,2.7709514367896344,75.72222222222223,17,5.605607862326158,0.2236588567120033,flat,True,3.24798185941043,PHRASE_08
276,Lee Morgan,9,15.899863945578232,41,2.578638417305586,68.85365853658537,26,6.598451317229048,0.1551661190215411,descending,True,7.949931972789116,PHRASE_38
276,Lee Morgan,10,12.248526077097509,29,2.367631812796208,66.44827586206897,17,4.702062694081453,0.2293838862559205,flat,False,6.124263038548754,PHRASE_29
276,Lee Morgan,11,14.222222222222229,40,2.8124999999999987,67.975,19,5.05216537734069,0.1722448979591814,descending,True,7.111111111111114,PHRASE_07
276,Lee Morgan,12,14.477641723356015,9,0.6216482056936645,67.0,11,3.5276684147527875,0.0399458700882113,descending,False,7.238820861678008,PHRASE_33
276,Lee Morgan,13,22.453696145124695,48,2.137732678386765,66.1875,19,4.521505326400343,0.1334386310754869,descending,False,11.226848072562348,PHRASE_11
276,Lee Morgan,14,18.93931972789113,40,2.1120082756242664,71.55,20,5.123231402152356,0.3219735065084317,descending,False,9.469659863945566,PHRASE_07
276,Lee Morgan,15,6.155102040816331,15,2.437002652519892,66.73333333333333,7,2.322833518691246,0.1591511936339436,descending,False,3.0775510204081655,PHRASE_39
276,Lee Morgan,16,4.914285714285711,9,1.8313953488372103,68.0,9,2.748737083745107,0.1798172757475149,descending,True,2.4571428571428555,PHRASE_39
277,Lee Morgan,1,6.721768707482992,12,1.7852444084606824,69.33333333333333,4,1.1785113019775793,0.565624262051749,flat,False,3.360884353741496,PHRASE_56
277,Lee Morgan,2,4.725260770975055,4,0.846514127764128,65.25,6,2.384848003542364,0.3731956388206389,flat,True,2.3626303854875275,PHRASE_14
277,Lee Morgan,3,4.116462585034011,6,1.4575621364357492,64.83333333333333,13,5.145116346811045,0.255067865326987,descending,False,2.0582312925170054,PHRASE_43
277,Lee Morgan,4,4.587392290249426,17,3.7058090794052574,68.94117647058823,10,2.919923210821378,0.0868396077190766,descending,False,2.293696145124713,PHRASE_55
277,Lee Morgan,5,8.5101133786848,19,2.232637704638474,66.94736842105263,17,4.465937565388721,0.1528606753069589,descending,False,4.2550566893424,PHRASE_04
277,Lee Morgan,6,7.740952380952386,15,1.9377460629921248,65.8,18,5.075431016179808,0.0918635170603679,descending,False,3.870476190476193,PHRASE_04
277,Lee Morgan,7,28.844988662131527,69,2.3920966240692287,72.95652173913044,22,5.341754536188436,0.266882798349768,flat,True,14.422494331065764,PHRASE_54
277,Lee Morgan,8,3.6571428571428584,7,1.9140624999999991,72.85714285714286,7,2.4159335036125373,0.5785714285714275,flat,True,1.8285714285714292,PHRASE_56
277,Lee Morgan,9,3.6963265306122537,9,2.434849823321549,74.11111111111111,6,2.282515398241571,0.4801727522575584,arch,True,1.8481632653061268,PHRASE_56
277,Lee Morgan,10,1.323537414965983,5,3.777754934210535,73.2,5,2.039607805437114,0.0142543859649202,arch,False,0.6617687074829917,PHRASE_40
277,Lee Morgan,11,1.1087528344671114,5,4.5095713350785696,72.2,5,2.039607805437114,0.0870418848167517,arch,False,0.5543764172335557,PHRASE_40
277,Lee Morgan,12,1.0855328798185866,6,5.5272393048128725,71.5,7,2.4324199198877374,0.016042780748659,flat,False,0.5427664399092933,PHRASE_41
277,Lee Morgan,13,1.1617233560090767,6,5.164740787008092,71.5,7,2.4324199198877374,0.0243597751405505,flat,False,0.5808616780045384,PHRASE_41
277,Lee Morgan,14,1.9795011337868544,8,4.0414222873900165,77.5,12,3.570714214271425,0.1222965542521907,ascending,False,0.9897505668934272,PHRASE_37
277,Lee Morgan,15,9.454149659863944,22,2.3270204927469496,72.27272727272727,18,5.428726773394042,0.2013968838744347,descending,True,4.727074829931972,PHRASE_05
277,Lee Morgan,16,22.44571428571427,48,2.138492871690429,69.47916666666667,21,4.945492827368731,0.2154778068729195,flat,False,11.222857142857135,PHRASE_54
277,Lee Morgan,17,5.6141496598639264,17,3.02806320279179,72.58823529411765,7,1.784205986835659,0.3100685020033593,flat,False,2.8070748299319632,PHRASE_14
277,Lee Morgan,18,5.032199546485259,13,2.583363374188898,69.3076923076923,14,4.356862233386552,0.2233597692862377,flat,False,2.5160997732426296,PHRASE_08
277,Lee Morgan,19,26.95619047619047,65,2.4113199547767104,73.76923076923077,18,4.536244569343611,0.2566690893429194,descending,True,13.478095238095236,PHRASE_54
277,Lee Morgan,20,12.828299319727904,27,2.1047217037162715,67.4074074074074,13,2.423026256858685,0.2318570054867391,flat,True,6.414149659863952,PHRASE_45
277,Lee Morgan,21,14.487755102040808,30,2.070714185096494,69.36666666666666,19,4.453338323350498,0.1281275923056465,descending,False,7.243877551020404,PHRASE_07
278,Lester Young,1,9.66530612244898,12,1.241554054054054,56.25,9,3.538478957593691,0.3976914414414416,ascending,False,4.83265306122449,PHRASE_62
278,Lester Young,2,10.020770975056688,26,2.5946107405027203,57.69230769230769,16,4.4095109686050815,0.1663664587840215,flat,True,5.010385487528344,PHRASE_19
278,Lester Young,3,7.628299319727898,14,1.835271456089033,61.92857142857143,7,1.9443796555451711,0.1614289790968111,descending,True,3.814149659863949,PHRASE_57
278,Lester Young,4,10.94285714285715,26,2.375979112271539,59.03846153846154,16,5.199709823492144,0.1167184715487597,descending,False,5.471428571428575,PHRASE_19
278,Lester Young,5,14.72380952380952,27,1.8337645536869345,59.333333333333336,28,6.743995957997119,0.196106696236063,arch,True,7.361904761904761,PHRASE_26
278,Lester Young,6,7.379365079365073,16,2.168208216820823,59.1875,13,4.530711174859858,0.1596533816796268,flat,False,3.689682539682536,PHRASE_30
278,Lester Young,7,12.04897959183674,25,2.0748644986449856,59.28,15,4.512382962471159,0.175127973501959,flat,False,6.02448979591837,PHRASE_19
278,Lester Young,8,11.865306122448985,20,1.6855865153078768,59.8,9,2.336664289109585,0.1458357222031118,flat,False,5.932653061224492,PHRASE_57
278,Lester Young,9,10.1004081632653,19,1.88111209892508,53.73684210526316,10,2.3360358969654893,0.1753190190109274,flat,False,5.05020408163265,PHRASE_57
278,Lester Young,10,4.857142857142861,6,1.2352941176470578,50.0,13,5.259911279353167,0.28856209150327,flat,False,2.4285714285714306,PHRASE_62
278,Lester Young,11,3.4000000000000057,5,1.470588235294115,48.8,12,4.791659420284375,0.2588235294117629,flat,False,1.7000000000000028,PHRASE_17
278,Lester Young,12,8.177551020408174,21,2.5680059895183396,59.80952380952381,15,4.767139979355173,0.0748467958849797,descending,False,4.088775510204087,PHRASE_19
278,Lester Young,13,5.833696145124719,11,1.8855970085436855,55.09090909090909,18,5.680181582477567,0.1798916296751241,ascending,False,2.9168480725623596,PHRASE_30
278,Lester Young,14,4.823945578231303,7,1.4510943140794192,54.714285714285715,17,5.310751512983173,0.0814060619735335,ascending,False,2.4119727891156515,PHRASE_30
278,Lester Young,15,6.4034467120181375,18,2.8109861469163446,63.111111111111114,19,5.173531878587918,0.1423198957477465,descending,False,3.2017233560090688,PHRASE_63
278,Lester Young,16,5.36893424036279,16,2.980107277104375,59.1875,24,7.73966044151809,0.1430164294462996,descending,False,2.684467120181395,PHRASE_42
278,Lester Young,17,17.58925170068028,36,2.046704465466696,61.583333333333336,16,3.5619517121937516,0.2095100336992054,descending,False,8.79462585034014,PHRASE_07
279,Lester Young,1,6.8847165532879835,11,1.5977418844856657,53.63636363636363,8,2.9005556606443306,0.0691399662731879,ascending,False,3.4423582766439917,PHRASE_57
279,Lester Young,2,6.757006802721087,8,1.1839561855670109,56.75,10,3.152380053229623,0.0309479703608252,ascending,False,3.3785034013605433,PHRASE_57
279,Lester Young,3,12.028072562358275,14,1.163943759685392,57.07142857142857,17,4.7126620580590535,0.0651084575388639,descending,False,6.014036281179138,PHRASE_19
279,Lester Young,4,10.21678004535147,16,1.566051136363637,55.4375,16,4.703306682537297,0.0941184303977279,descending,False,5.108390022675735,PHRASE_19
279,Lester Young,5,7.217732426303854,9,1.246929017096971,50.44444444444444,10,3.685138655950445,0.0402447989645074,flat,False,3.608866213151927,PHRASE_17
279,Lester Young,6,10.530249433106576,18,1.7093612183020948,57.388888888888886,11,3.3687928746212292,0.0305996761300999,ascending,True,5.265124716553288,PHRASE_57
279,Lester Young,7,12.64489795918368,19,1.502582311168495,57.73684210526316,17,5.309793387428037,0.1397317265619408,descending,False,6.32244897959184,PHRASE_19
279,Lester Young,8,18.89687074829932,28,1.481726809319471,56.464285714285715,16,4.03097066347498,0.1296546957348143,ascending,False,9.44843537414966,PHRASE_07
279,Lester Young,9,7.238639455782305,10,1.3814750770618764,58.5,14,4.522167621838006,0.0686289251434745,descending,True,3.6193197278911526,PHRASE_30
279,Lester Young,10,3.4214965986394645,5,1.4613488150151068,54.0,8,2.6076809620810595,0.0955675732994013,ascending,False,1.7107482993197325,PHRASE_17
279,Lester Young,11,3.167346938775509,4,1.2628865979381447,52.75,11,4.322904116447646,0.07044673539519,descending,True,1.5836734693877546,PHRASE_17
279,Lester Young,12,4.098231292516999,6,1.4640462120709143,55.666666666666664,10,3.448026810929534,0.0113206294402706,ascending,False,2.0491156462584996,PHRASE_17
279,Lester Young,13,8.928072562358267,14,1.5680876137841369,56.92857142857143,12,3.432289650495418,0.160176568595583,flat,False,4.464036281179133,PHRASE_57
279,Lester Young,14,7.617959183673463,13,1.7064937848264052,51.53846153846154,7,2.373422864698694,0.1046280421012549,flat,True,3.808979591836731,PHRASE_57
279,Lester Young,15,9.8889342403628,13,1.314600712677311,51.53846153846154,12,3.2252700451133274,0.0556933928301214,flat,False,4.9444671201814,PHRASE_57
279,Lester Young,16,10.4326530612245,13,1.2460876369327063,57.07692307692308,15,4.4800676241726265,0.0598504607894305,ascending,False,5.21632653061225,PHRASE_19
279,Lester Young,17,6.408163265306115,12,1.8726114649681551,55.166666666666664,15,4.705198071164368,0.0857324840764229,arch,False,3.2040816326530575,PHRASE_30
279,Lester Young,18,10.24625850340135,15,1.4639490107555453,54.46666666666667,14,4.014418457953226,0.1338821758951877,flat,False,5.123129251700675,PHRASE_57
279,Lester Young,19,6.44081632653058,10,1.5525982256020356,51.1,10,3.144837038703278,0.0832981270243557,descending,False,3.22040816326529,PHRASE_17
280,Lester Young,1,1.469387755102041,3,2.0416666666666665,55.333333333333336,5,2.0548046676563256,0.1249999999999999,ascending,False,0.7346938775510204,PHRASE_21
280,Lester Young,2,4.979591836734695,13,2.6106557377049175,56.30769230769231,13,4.4095109686050815,0.1423315118397088,ascending,False,2.4897959183673475,PHRASE_30
280,Lester Young,3,5.138684807256235,12,2.3352278744660575,61.0,12,3.7859388972001824,0.1587707840576127,ascending,False,2.5693424036281174,PHRASE_18
280,Lester Young,4,4.212244897959188,8,1.8992248062015484,61.125,12,3.6550478793033614,0.0907515073212751,descending,False,2.106122448979594,PHRASE_52
280,Lester Young,5,4.09832199546485,7,1.708016111898018,62.57142857142857,14,5.038626311013828,0.0672804532577896,descending,False,2.049160997732425,PHRASE_52
280,Lester Young,6,9.112562358276644,17,1.8655565066788764,53.588235294117645,8,2.3529411764705883,0.139370533314752,flat,False,4.556281179138322,PHRASE_57
280,Lester Young,7,1.2467120181405915,5,4.010549290651139,57.8,9,3.4292856398964497,0.0559112404510749,ascending,False,0.6233560090702959,PHRASE_32
280,Lester Young,8,7.779410430839,14,1.7996222367316486,58.142857142857146,8,2.4743582965269675,0.0902376177595374,ascending,False,3.8897052154195,PHRASE_57
280,Lester Young,9,1.4033560090702937,5,3.562887797311275,52.8,3,0.9797958971132712,0.1396070320579128,flat,True,0.7016780045351467,PHRASE_21
280,Lester Young,10,6.782312925170068,17,2.506519558676028,53.23529411764706,9,2.4139158269039047,0.1502774991641586,ascending,False,3.391156462585034,PHRASE_57
280,Lester Young,11,11.905351473922911,24,2.0159001649442105,58.5,17,5.6421036266035856,0.0978846761874644,arch,False,5.9526757369614565,PHRASE_19
280,Lester Young,12,1.3886167800453393,3,2.1604232665991896,62.0,0,0.0,0.0081648649531216,flat,False,0.6943083900226696,PHRASE_27
280,Lester Young,13,3.968843537414955,9,2.267663090055198,67.77777777777777,12,4.416579314300398,0.1307120085015903,flat,False,1.9844217687074777,PHRASE_52
280,Lester Young,14,9.912018140589566,16,1.614202049780381,63.0,22,6.782329983125268,0.1532942898975088,flat,False,4.956009070294783,PHRASE_26
280,Lester Young,15,3.105850340136058,6,1.9318380935692985,52.0,4,1.4142135623730951,0.0584808130366229,arch,False,1.552925170068029,PHRASE_21
280,Lester Young,16,16.195736961451246,28,1.728850009520716,61.107142857142854,10,1.8193265181357183,0.2094137479138432,flat,True,8.097868480725623,PHRASE_45
280,Lester Young,17,19.181632653061257,34,1.772528992446002,57.76470588235294,22,5.190822350861247,0.1649797259755764,flat,False,9.590816326530629,PHRASE_11
281,Lester Young,1,1.428571428571428,2,1.4000000000000006,57.5,5,2.5,0.0971428571428571,ascending,False,0.714285714285714,PHRASE_21
281,Lester Young,2,2.984308390022674,8,2.6806881040666237,60.625,10,3.4977671449083054,0.2012643608291284,arch,True,1.492154195011337,PHRASE_18
281,Lester Young,3,7.721904761904762,20,2.590034533793784,60.1,15,4.938623289946299,0.1688044729485284,flat,False,3.860952380952381,PHRASE_19
281,Lester Young,4,4.09832199546485,11,2.6840253186968854,58.54545454545455,8,2.807899129360091,0.2623495042492912,ascending,True,2.049160997732425,PHRASE_62
281,Lester Young,5,7.970249433106577,22,2.7602649308084484,55.81818181818182,12,3.700569534008658,0.1649330844865277,flat,False,3.9851247165532886,PHRASE_57
281,Lester Young,6,7.604172335600907,23,3.024655279354931,57.52173913043478,16,5.273968600732497,0.1437210744787463,ascending,False,3.8020861678004536,PHRASE_19
281,Lester Young,7,8.309841269841272,15,1.8050886308068457,58.13333333333333,19,5.607930891950158,0.0890346664338103,flat,False,4.154920634920636,PHRASE_19
281,Lester Young,8,10.918367346938773,18,1.648598130841122,57.55555555555556,10,2.47705520106755,0.1508369678089321,descending,False,5.459183673469386,PHRASE_57
281,Lester Young,9,1.5591836734693914,5,3.2068062827225057,65.0,4,1.4142135623730951,0.0890052356020865,ascending,False,0.7795918367346957,PHRASE_27
281,Lester Young,10,10.505668934240362,27,2.570041010144615,59.48148148148148,18,6.106283165847201,0.1088107058061722,flat,False,5.252834467120181,PHRASE_19
281,Lester Young,11,12.416326530612238,22,1.7718606180144651,59.27272727272727,23,7.652580183903622,0.1084812623274133,descending,True,6.208163265306119,PHRASE_26
281,Lester Young,12,8.307120181405892,27,3.250223833336974,66.18518518518519,12,3.289005670265678,0.1571200838556117,ascending,False,4.153560090702946,PHRASE_09
281,Lester Young,13,3.1698866213152,8,2.5237495707908835,54.0,13,4.358898943540674,0.2638205333638597,ascending,False,1.5849433106576,PHRASE_18
281,Lester Young,14,4.809433106575966,13,2.703021273385635,53.07692307692308,18,4.358220145912398,0.1162115268557622,ascending,False,2.404716553287983,PHRASE_30
281,Lester Young,15,6.469387755102048,18,2.782334384858041,58.22222222222222,12,4.3147750753216885,0.1981072555205064,flat,True,3.234693877551024,PHRASE_18
281,Lester Young,16,5.786122448979597,18,3.1108916478555275,58.333333333333336,14,4.041451884327381,0.1859951091045847,descending,False,2.893061224489798,PHRASE_18
282,Lester Young,1,1.648979591836735,2,1.2128712871287126,61.0,2,1.0,0.1237623762376236,arch,True,0.8244897959183675,PHRASE_21
282,Lester Young,2,12.569523809523812,39,3.102742839824215,56.76923076923077,19,5.131409255433205,0.1956068379768935,ascending,False,6.284761904761906,PHRASE_19
282,Lester Young,3,9.653061224489791,27,2.797040169133193,55.7037037037037,21,5.090403569934421,0.1530655391120508,descending,True,4.8265306122448965,PHRASE_19
282,Lester Young,4,5.910204081632649,14,2.368784530386742,61.285714285714285,17,5.0061187051243525,0.1305248618784532,descending,False,2.9551020408163247,PHRASE_30
282,Lester Young,5,3.84897959183673,12,3.1177094379639483,58.0,18,5.830951894845301,0.1834570519618241,descending,False,1.924489795918365,PHRASE_30
282,Lester Young,6,11.097959183673474,33,2.9735196763515988,57.81818181818182,19,5.572957135997856,0.1460095623390949,ascending,True,5.548979591836737,PHRASE_19
282,Lester Young,7,3.220408163265297,8,2.4841571609632513,58.0,8,3.0413812651491097,0.1394169835234514,ascending,False,1.6102040816326486,PHRASE_21
282,Lester Young,8,6.599999999999994,22,3.333333333333336,55.54545454545455,15,3.5640537788932107,0.1657390228818743,flat,False,3.299999999999997,PHRASE_19
283,Lester Young,1,6.1184580498866215,16,2.6150379506641364,55.875,17,4.846067993745032,0.1537001897533202,flat,False,3.0592290249433107,PHRASE_30
283,Lester Young,2,5.3986394557823125,13,2.408014112903226,58.84615384615385,25,7.843136674788237,0.0387096774193559,descending,True,2.6993197278911563,PHRASE_42
283,Lester Young,3,7.941224489795918,31,3.903680098684211,60.516129032258064,18,5.96154866078971,0.1038011695906432,descending,True,3.970612244897959,PHRASE_13
283,Lester Young,4,5.108390022675735,12,2.3490767045454555,58.25,15,5.554652704415162,0.0272727272727271,descending,False,2.5541950113378675,PHRASE_30
283,Lester Young,5,7.012426303854873,12,1.7112479304635766,56.416666666666664,14,4.424521317486095,0.0480132450331119,ascending,False,3.5062131519274367,PHRASE_30
283,Lester Young,6,12.097596371882084,32,2.645153550863724,57.90625,14,4.2965056659452925,0.1381957773512469,descending,False,6.048798185941042,PHRASE_19
283,Lester Young,7,6.060408163265301,17,2.805091594827589,55.588235294117645,12,3.2003460020553987,0.1512212643678158,flat,False,3.0302040816326503,PHRASE_57
283,Lester Young,8,8.62040816326531,25,2.9000946969696955,56.48,20,5.528978205780883,0.1084175084175027,descending,True,4.310204081632655,PHRASE_19
283,Lester Young,9,6.356462585034009,19,2.989083904109591,58.578947368421055,21,6.115689826165279,0.203652968036529,descending,False,3.1782312925170046,PHRASE_42
283,Lester Young,10,14.146757369614503,44,3.1102533853098087,59.61363636363637,24,5.568645620757958,0.0783750512925732,descending,False,7.073378684807253,PHRASE_26
283,Lester Young,11,7.546485260770979,25,3.312800480769229,59.52,19,5.4853988004519785,0.041538461538462,flat,False,3.77324263038549,PHRASE_63
283,Lester Young,12,4.862222222222215,17,3.4963436928702065,60.705882352941174,23,7.192845349474245,0.1268141625937378,descending,True,2.431111111111107,PHRASE_42
283,Lester Young,13,3.665306122448968,11,3.001113585746112,54.45454545454545,14,4.499770425732575,0.0645879732739423,flat,True,1.832653061224484,PHRASE_30
283,Lester Young,14,3.2734693877550995,11,3.3603491271820474,61.54545454545455,12,3.3673198504458424,0.0698254364089773,ascending,False,1.6367346938775498,PHRASE_50
283,Lester Young,15,6.318367346938771,14,2.2157622739018104,62.285714285714285,17,5.762298294313916,0.1899224806201601,descending,False,3.1591836734693857,PHRASE_30
284,Lester Young,1,9.195102040816328,17,1.848810369318182,54.294117647058826,3,1.2725475089872904,0.1709477588383836,arch,True,4.597551020408163,PHRASE_57
284,Lester Young,2,4.071473922902491,14,3.438558189271077,60.714285714285715,13,3.9718396498450983,0.1507975405453562,arch,False,2.0357369614512457,PHRASE_35
284,Lester Young,3,6.832471655328799,17,2.4881186278674594,56.11764705882353,7,2.166112075237878,0.1920135938827523,flat,True,3.4162358276643996,PHRASE_57
284,Lester Young,4,5.812244897959182,9,1.5484550561797756,57.44444444444444,11,3.235604395235786,0.2183988764044945,descending,False,2.906122448979591,PHRASE_18
284,Lester Young,5,2.787755102040819,5,1.79355783308931,55.0,5,2.449489742783178,0.2371888726207884,ascending,True,1.3938775510204096,PHRASE_62
284,Lester Young,6,4.463401360544211,14,3.136621349753099,59.57142857142857,13,4.16986271980755,0.1514357129793331,ascending,False,2.2317006802721053,PHRASE_18
284,Lester Young,7,10.47401360544218,29,2.7687571443416803,57.0,17,4.968868600840014,0.1873895874467433,flat,False,5.2370068027210905,PHRASE_19
284,Lester Young,8,3.2337414965986397,6,1.855435880175025,60.166666666666664,4,1.2133516482134197,0.0769101312689351,flat,False,1.61687074829932,PHRASE_21
284,Lester Young,9,7.297959183673463,16,2.192393736017899,57.75,17,5.695392874947259,0.1353467561521261,descending,False,3.6489795918367314,PHRASE_30
284,Lester Young,10,9.703129251700688,31,3.1948456210213387,62.83870967741935,13,2.9522738551348517,0.1991736541499547,ascending,False,4.851564625850344,PHRASE_09
284,Lester Young,11,3.9212698412698472,14,3.5702720207253833,65.07142857142857,6,1.9072899889740984,0.0843819393042224,arch,False,1.9606349206349236,PHRASE_59
284,Lester Young,12,3.448979591836732,4,1.1597633136094685,55.0,5,1.8708286933869709,0.1810650887573999,flat,False,1.724489795918366,PHRASE_21
284,Lester Young,13,4.028571428571425,5,1.2411347517730509,50.4,12,5.083306010855534,0.0780141843971602,ascending,False,2.0142857142857125,PHRASE_17
284,Lester Young,14,5.993650793650787,15,2.502648305084749,59.333333333333336,20,5.569759619788113,0.1202935835351081,descending,True,2.9968253968253933,PHRASE_30
284,Lester Young,15,5.53877551020409,13,2.347089167280763,63.61538461538461,24,7.291074222198637,0.1389502988618746,ascending,False,2.769387755102045,PHRASE_42
284,Lester Young,16,9.401179138321991,30,3.1910890707008344,65.1,12,3.058866892603642,0.1111454152516237,flat,False,4.7005895691609965,PHRASE_09
284,Lester Young,17,7.252063492063499,18,2.4820521800034996,55.72222222222222,13,3.587099657190651,0.0892012907421763,ascending,False,3.6260317460317495,PHRASE_57
284,Lester Young,18,8.675555555555547,30,3.457991803278692,55.333333333333336,9,2.560381915956203,0.1659417865506898,arch,False,4.337777777777774,PHRASE_57
284,Lester Young,19,7.240634920634903,23,3.1765170115748935,58.56521739130435,19,5.578110066076391,0.1297289171719125,ascending,False,3.620317460317452,PHRASE_19
309,Miles Davis,1,2.562902494331065,10,3.901826160815403,64.7,10,2.9,0.283125707814269,descending,False,1.2814512471655326,PHRASE_02
309,Miles Davis,2,2.669115646258506,11,4.121215210520946,73.9090909090909,3,0.668042657122685,0.1292690386379867,flat,False,1.334557823129253,PHRASE_40
309,Miles Davis,3,2.6200453514739266,10,3.8167278266288114,70.9,13,4.72122865364515,0.1992314616077005,descending,False,1.3100226757369633,PHRASE_35
309,Miles Davis,4,3.301587301587304,15,4.543269230769227,68.73333333333333,13,3.940671121635107,0.1443681318681329,ascending,False,1.650793650793652,PHRASE_03
309,Miles Davis,5,0.3918367346938751,2,5.104166666666698,73.0,2,1.0,0.1770833333333286,arch,False,0.1959183673469375,PHRASE_40
309,Miles Davis,6,3.3428571428571416,8,2.393162393162394,73.625,3,0.9921567416492216,0.4395604395604375,arch,False,1.6714285714285708,PHRASE_56
309,Miles Davis,7,5.766984126984127,28,4.85522404491908,70.32142857142857,26,7.497873848291792,0.1836712225350333,descending,False,2.8834920634920636,PHRASE_36
309,Miles Davis,8,1.1276190476190493,2,1.773648648648646,67.0,0,0.0,0.3745173745173742,flat,False,0.5638095238095246,PHRASE_56
309,Miles Davis,9,0.6240362811791371,2,3.2049418604651225,73.0,2,1.0,0.4372093023255862,arch,False,0.3120181405895685,PHRASE_56
309,Miles Davis,10,0.4063492063491978,2,4.921875000000104,73.5,3,1.5,0.2428571428571256,arch,False,0.2031746031745989,PHRASE_40
309,Miles Davis,11,2.6383673469387787,6,2.274133663366334,71.5,8,3.304037933599835,0.2421960946094599,ascending,False,1.3191836734693894,PHRASE_39
309,Miles Davis,12,0.5630839002267578,2,3.551868556701028,71.5,1,0.5,0.4845360824742308,flat,False,0.2815419501133789,PHRASE_56
309,Miles Davis,13,4.160181405895692,13,3.124863733484498,75.61538461538461,9,3.2472109106469893,0.0791435922033755,arch,False,2.080090702947846,PHRASE_55
309,Miles Davis,14,2.1804988662131564,8,3.6688851913477465,62.375,14,5.02338282435253,0.2217970049916763,descending,False,1.0902494331065782,PHRASE_35
309,Miles Davis,15,6.006122448979596,28,4.661909616038053,71.21428571428571,17,4.923392724368771,0.1546041454298361,ascending,False,3.003061224489798,PHRASE_22
309,Miles Davis,16,8.588480725623583,17,1.9793954883406557,72.47058823529412,7,2.278225497769069,0.4352821899290288,descending,False,4.294240362811792,PHRASE_14
309,Miles Davis,17,1.5063945578231284,3,1.9915101156069377,69.33333333333333,2,0.9428090415820634,0.6107899807321776,flat,False,0.7531972789115642,PHRASE_56
309,Miles Davis,18,4.281179138322003,19,4.438029661016942,70.26315789473684,18,5.045499352087101,0.2230508474576346,ascending,True,2.1405895691610013,PHRASE_58
309,Miles Davis,19,5.894965986394553,24,4.071270310192027,70.58333333333333,19,4.654000668481068,0.1895617922205732,flat,False,2.9474829931972764,PHRASE_22
309,Miles Davis,20,5.640181405895689,24,4.255182284547225,71.375,25,6.349622692202533,0.1954875126642296,descending,False,2.8200907029478444,PHRASE_36
309,Miles Davis,21,5.602040816326522,28,4.998178506375235,71.60714285714286,17,4.624000167714142,0.1635701275045503,arch,False,2.801020408163261,PHRASE_22
309,Miles Davis,22,6.633469387755085,13,1.9597587989170615,78.07692307692308,8,2.1289773081689303,0.0964120655235589,flat,True,3.3167346938775424,PHRASE_12
309,Miles Davis,23,10.626530612244906,33,3.105434991357785,73.03030303030303,15,4.253232984126727,0.5149563621620541,descending,False,5.313265306122453,PHRASE_46
309,Miles Davis,24,1.6965079365079418,7,4.126122754491005,73.85714285714286,3,0.832993127835043,0.215568862275451,flat,False,0.8482539682539709,PHRASE_40
309,Miles Davis,25,1.24081632653062,6,4.835526315789443,74.16666666666667,1,0.3726779962499649,0.1184210526315925,flat,False,0.62040816326531,PHRASE_40
309,Miles Davis,26,9.327709750566896,34,3.6450533849355287,65.41176470588235,22,5.876762048945898,0.1797244209339002,flat,False,4.663854875283448,PHRASE_01
309,Miles Davis,27,20.16943310657598,20,0.9915995107209664,73.65,7,1.5256146302392355,0.1164915815225239,descending,True,10.08471655328799,PHRASE_33
309,Miles Davis,28,4.556916099773218,8,1.7555732484076527,68.625,3,1.4086784586980805,0.3133757961783452,flat,False,2.278458049886609,PHRASE_24
309,Miles Davis,29,12.891791383219925,16,1.2410998227000285,73.0625,15,4.038389994787527,0.6667393690372364,descending,False,6.445895691609962,PHRASE_46
309,Miles Davis,30,4.236734693877565,6,1.416184971098261,78.33333333333333,11,3.636237371545238,0.0433526011560794,ascending,False,2.1183673469387827,PHRASE_12
309,Miles Davis,31,6.0604081632652935,27,4.45514547413794,64.55555555555556,25,6.83852557930183,0.2943157327586228,descending,False,3.0302040816326468,PHRASE_01
310,Miles Davis,1,8.2140589569161,17,2.0696223498233217,69.0,13,3.725902969908968,0.3773851590106008,flat,False,4.10702947845805,PHRASE_14
310,Miles Davis,2,4.580136054421768,8,1.7466730038022815,71.375,13,4.270172713134681,0.335868187579214,flat,False,2.290068027210884,PHRASE_43
310,Miles Davis,3,5.334784580498866,20,3.7489798694232865,68.9,15,3.9484174044799265,0.1741022850924927,ascending,False,2.667392290249433,PHRASE_58
310,Miles Davis,4,2.5019501133786832,8,3.197505800464039,74.0,11,3.6742346141747673,0.0533642691415297,descending,False,1.2509750566893416,PHRASE_55
310,Miles Davis,5,2.819773242630383,12,4.255661348430266,68.58333333333333,12,3.522743564641375,0.1456510550694806,ascending,False,1.4098866213151915,PHRASE_16
310,Miles Davis,6,1.4067120181405883,4,2.8435102198723348,74.25,5,1.920286436967152,0.2023986072603033,descending,False,0.7033560090702942,PHRASE_51
310,Miles Davis,7,2.420408163265307,8,3.3052276559865077,65.75,12,3.992179855667828,0.0657672849915703,descending,True,1.2102040816326536,PHRASE_55
310,Miles Davis,8,6.322448979591833,20,3.1633311814073615,67.85,12,3.3656351555092834,0.1316978695932862,ascending,False,3.1612244897959165,PHRASE_09
310,Miles Davis,9,1.4485260770975046,6,4.142141515341268,70.0,8,2.768874620972692,0.045898559799624,descending,False,0.7242630385487523,PHRASE_41
310,Miles Davis,10,4.448979591836732,10,2.24770642201835,65.1,16,5.281098370604357,0.1981651376146774,descending,True,2.224489795918366,PHRASE_43
310,Miles Davis,11,3.2224489795918387,7,2.172260924635844,68.85714285714286,11,4.085814184592883,0.2830905636478782,flat,False,1.6112244897959194,PHRASE_02
310,Miles Davis,12,2.4693877551020336,7,2.8347107438016614,69.42857142857143,6,2.0603150145508513,0.0495867768595045,ascending,True,1.2346938775510168,PHRASE_59
310,Miles Davis,13,3.2326530612244824,8,2.47474747474748,68.25,11,3.929058411375428,0.2803030303030296,flat,False,1.6163265306122412,PHRASE_02
310,Miles Davis,14,1.9510204081632592,9,4.612970711297085,69.44444444444444,11,3.0590888662080453,0.0302649930264989,descending,False,0.9755102040816296,PHRASE_41
310,Miles Davis,15,3.726530612244901,12,3.220153340635266,71.83333333333333,10,2.9953667926019047,0.0898138006571696,descending,False,1.8632653061224504,PHRASE_55
310,Miles Davis,16,1.5265306122448976,6,3.930481283422461,67.16666666666667,8,2.5440562537456244,0.2085561497326176,ascending,True,0.7632653061224488,PHRASE_16
310,Miles Davis,17,5.551020408163268,13,2.341911764705882,70.0,11,3.088439984597651,0.0139705882352996,ascending,False,2.775510204081634,PHRASE_49
310,Miles Davis,18,1.2897959183673322,3,2.325949367088634,71.66666666666667,3,1.247219128924647,0.0221518987341746,flat,False,0.6448979591836661,PHRASE_27
310,Miles Davis,19,3.8897959183673407,13,3.342077649527812,70.38461538461539,12,3.5634568682770675,0.0682056663168932,arch,True,1.9448979591836704,PHRASE_55
310,Miles Davis,20,1.4734693877551024,4,2.7146814404432127,68.0,4,2.0,0.2936288088642627,descending,True,0.7367346938775512,PHRASE_24
310,Miles Davis,21,4.028571428571425,10,2.4822695035461018,69.3,9,2.8301943396169813,0.0577507598784211,arch,False,2.0142857142857125,PHRASE_59
310,Miles Davis,22,2.755102040816326,11,3.9925925925925942,65.36363636363636,11,3.053246477044848,0.1940740740740744,ascending,False,1.377551020408163,PHRASE_16
310,Miles Davis,23,5.044897959183672,14,2.7750809061488684,68.42857142857143,13,3.519624284215691,0.0736245954692575,arch,True,2.522448979591836,PHRASE_55
310,Miles Davis,24,0.9714285714285752,3,3.0882352941176356,66.66666666666667,8,3.7712361663282534,0.1638655462184846,ascending,True,0.4857142857142875,PHRASE_16
310,Miles Davis,25,2.702040816326516,7,2.5906344410876274,71.28571428571429,5,1.577908716741037,0.2386706948640469,descending,True,1.351020408163258,PHRASE_24
310,Miles Davis,26,7.012244897959192,15,2.1391152502910336,71.4,16,4.062839729384691,0.388242142025614,flat,True,3.506122448979596,PHRASE_14
310,Miles Davis,27,5.338775510204101,20,3.7461773700305674,70.4,14,3.760319135392633,0.1429663608562659,ascending,False,2.6693877551020506,PHRASE_09
310,Miles Davis,28,5.171428571428578,16,3.0939226519336978,67.0,11,3.588175023601831,0.3109707971586439,descending,True,2.585714285714289,PHRASE_02
310,Miles Davis,29,5.195918367346934,11,2.1170463472113137,65.9090909090909,8,2.3531234737354154,0.0054988216810703,arch,False,2.597959183673467,PHRASE_49
310,Miles Davis,30,2.787029478458038,5,1.7940247990366855,67.6,5,1.624807680927192,0.0131480456927078,arch,True,1.393514739229019,PHRASE_27
310,Miles Davis,31,4.371428571428567,12,2.7450980392156894,65.41666666666667,16,5.468978169843268,0.0513538748832945,descending,False,2.1857142857142833,PHRASE_06
310,Miles Davis,32,3.962267573696153,16,4.038091749839751,66.875,13,4.121210380458634,0.1100173976742137,arch,True,1.9811337868480765,PHRASE_35
310,Miles Davis,33,1.5483900226757328,3,1.9374963388202264,68.33333333333333,4,1.699673171197595,0.0229629195712062,arch,True,0.7741950113378664,PHRASE_27
310,Miles Davis,34,4.620408163265296,15,3.2464664310954134,67.4,11,2.9844039047465856,0.0578720062818941,flat,True,2.310204081632648,PHRASE_50
310,Miles Davis,35,1.848979591836752,6,3.245033112582751,69.16666666666667,10,3.8042374035044424,0.3664459161148081,arch,False,0.924489795918376,PHRASE_02
310,Miles Davis,36,3.987755102040836,14,3.5107471852609855,71.42857142857143,9,2.5274008589934476,0.1136131013306045,arch,True,1.993877551020418,PHRASE_16
310,Miles Davis,37,2.7354195011337765,7,2.5590224815969327,70.0,8,2.5634797778466227,0.0910206247098597,descending,False,1.3677097505668885,PHRASE_59
310,Miles Davis,38,2.9183673469387656,7,2.3986013986014068,69.28571428571429,8,3.1036515689143473,0.2069930069930132,descending,False,1.4591836734693828,PHRASE_39
310,Miles Davis,39,5.376870748299325,10,1.8598178137651804,70.6,11,3.352610922848042,0.1657388663967602,flat,True,2.6884353741496625,PHRASE_39
310,Miles Davis,40,7.179591836734716,10,1.3928368391131285,69.0,12,4.123105625617661,0.1256395679363373,descending,True,3.589795918367358,PHRASE_49
310,Miles Davis,41,3.7673469387755176,14,3.716143011917653,68.0,12,3.625307868699863,0.0585048754062794,arch,False,1.8836734693877588,PHRASE_55
310,Miles Davis,42,3.46122448979591,10,2.8891509433962335,65.7,10,2.758622844826744,0.0436320754717014,ascending,False,1.730612244897955,PHRASE_59
311,Miles Davis,1,4.614603174603172,4,0.8668134287286742,70.0,5,1.8708286933869709,0.0848730246088531,flat,False,2.307301587301586,PHRASE_00
311,Miles Davis,2,3.4249433106575964,3,0.875926906779661,72.0,4,1.632993161855452,0.0237288135593217,arch,False,1.7124716553287982,PHRASE_00
311,Miles Davis,3,2.56580498866213,3,1.169223699095023,77.66666666666667,3,1.247219128924647,0.0497737556561086,flat,False,1.282902494331065,PHRASE_34
311,Miles Davis,4,6.284263038548758,9,1.4321488366722464,67.66666666666667,12,4.163331998932265,0.2727902546042375,descending,False,3.142131519274379,PHRASE_43
311,Miles Davis,5,2.8174149659864014,3,1.0648058721267115,84.33333333333333,6,2.494438257849294,0.0699246667954422,ascending,True,1.4087074829932007,PHRASE_12
311,Miles Davis,6,1.167346938775509,3,2.569930069930072,87.66666666666667,4,1.699673171197595,0.0769230769230741,ascending,False,0.5836734693877546,PHRASE_12
311,Miles Davis,7,9.47954648526077,25,2.6372569657072877,70.72,18,4.209703077415319,0.0702311696264507,descending,False,4.739773242630385,PHRASE_04
311,Miles Davis,8,8.074739229024942,14,1.73380212077642,70.07142857142857,16,6.111631600180637,0.2473040977713895,descending,False,4.037369614512471,PHRASE_43
311,Miles Davis,9,9.779591836734696,12,1.2270450751252084,70.83333333333333,9,3.4840908267278117,0.1594323873121858,descending,True,4.889795918367348,PHRASE_25
311,Miles Davis,10,7.905668934240367,17,2.150355667737493,72.41176470588235,11,3.896587096865693,0.0319068379990825,descending,True,3.952834467120184,PHRASE_49
311,Miles Davis,11,3.0775510204081655,6,1.9496021220159137,72.33333333333333,2,0.7453559924999299,0.4100795755968126,flat,False,1.5387755102040828,PHRASE_56
311,Miles Davis,12,7.061224489795933,6,0.8497109826589578,79.0,5,1.632993161855452,0.4928709055876754,flat,True,3.5306122448979664,PHRASE_46
311,Miles Davis,13,6.506122448979596,8,1.229611041405269,76.5,14,4.6097722286464435,0.3839397741530764,descending,False,3.253061224489798,PHRASE_14
311,Miles Davis,14,6.548027210884385,15,2.290766289893606,73.73333333333333,16,4.552898954390366,0.0984042553191424,ascending,True,3.2740136054421924,PHRASE_04
311,Miles Davis,15,4.260861678004517,3,0.7040829359673055,74.66666666666667,5,2.0548046676563256,0.3051771117166188,descending,True,2.1304308390022584,PHRASE_51
311,Miles Davis,16,8.391836734693868,12,1.429961089494165,70.83333333333333,9,2.733536577809454,0.419260700389107,ascending,False,4.195918367346934,PHRASE_14
311,Miles Davis,17,6.342857142857156,3,0.472972972972972,78.0,5,2.160246899469287,0.4195624195624156,ascending,True,3.171428571428578,PHRASE_14
311,Miles Davis,18,12.179591836734687,15,1.2315683646112607,72.8,15,4.846992194478276,0.0764075067024081,descending,True,6.089795918367344,PHRASE_04
311,Miles Davis,19,8.33614512471658,8,0.9596761908906896,70.0,5,1.7320508075688772,0.0531194916545182,descending,True,4.16807256235829,PHRASE_00
311,Miles Davis,20,6.9795918367346985,6,0.859649122807017,75.5,6,1.8929694486000912,0.1567251461988329,arch,False,3.4897959183673493,PHRASE_51
311,Miles Davis,21,12.457142857142884,22,1.7660550458715558,78.18181818181819,24,7.395553723422815,0.1087811271297547,descending,False,6.228571428571442,PHRASE_05
311,Miles Davis,22,8.481632653061212,7,0.8253128007699724,75.28571428571429,5,1.4846149779161806,0.0096246390760391,flat,True,4.240816326530606,PHRASE_00
311,Miles Davis,23,6.5061224489796246,6,0.9222082810539476,75.5,5,1.5,0.3023839397741596,flat,False,3.2530612244898123,PHRASE_51
311,Miles Davis,24,8.122448979591809,10,1.2311557788944765,71.9,14,4.1340053217188775,0.0753768844221076,descending,True,4.061224489795904,PHRASE_04
311,Miles Davis,25,5.537959183673479,24,4.333726415094332,71.83333333333333,18,5.096294950473552,0.0880503144653857,ascending,False,2.7689795918367395,PHRASE_22
311,Miles Davis,26,6.954376417233561,9,1.2941491026711185,72.22222222222223,10,3.3259176771323924,0.3931552587645973,arch,True,3.4771882086167807,PHRASE_14
311,Miles Davis,27,7.819319727891127,8,1.0231069042316296,72.75,12,4.085033659592048,0.1091314031180357,arch,False,3.909659863945563,PHRASE_04
312,Miles Davis,1,3.6107029478458057,3,0.8308631430868166,69.66666666666667,5,2.0548046676563256,0.1221864951768489,arch,True,1.8053514739229024,PHRASE_00
312,Miles Davis,2,3.4946031746031707,3,0.8584665697674428,76.33333333333333,3,1.247219128924647,0.0697674418604653,arch,True,1.7473015873015854,PHRASE_34
312,Miles Davis,3,9.465215419501137,17,1.796049983709297,71.58823529411765,15,4.703675953342072,0.0812187362247743,arch,True,4.732607709750567,PHRASE_04
312,Miles Davis,4,2.8331972789115696,4,1.4118325009604278,74.5,17,6.18465843842649,0.1763349980791418,ascending,False,1.4165986394557848,PHRASE_08
312,Miles Davis,5,9.148662131519288,7,0.7651391973350242,65.71428571428571,9,3.282607226593159,0.0452688769035554,descending,False,4.574331065759644,PHRASE_49
312,Miles Davis,6,2.1362358276644073,3,1.404339334239125,77.33333333333333,7,3.2998316455372216,0.1657608695652224,ascending,True,1.0681179138322037,PHRASE_51
312,Miles Davis,7,5.712108843537422,8,1.4005335365853642,70.25,9,3.3819373146171707,0.0497014735772328,descending,False,2.856054421768711,PHRASE_49
312,Miles Davis,8,2.217505668934237,5,2.2547856675392706,75.2,10,3.54400902933387,0.209383180628268,ascending,False,1.1087528344671185,PHRASE_51
312,Miles Davis,9,18.343764172335597,31,1.6899475870253169,75.12903225806451,24,6.694927957326959,0.1061609968354441,descending,False,9.171882086167798,PHRASE_38
312,Miles Davis,10,4.025487528344655,4,0.9936684617291224,74.0,5,2.1213203435596424,0.0346770014195197,ascending,False,2.0127437641723276,PHRASE_00
312,Miles Davis,11,12.294965986394573,13,1.057343307365438,69.61538461538461,13,4.179408525294192,0.1058486779981129,descending,False,6.147482993197286,PHRASE_04
312,Miles Davis,12,13.804263038548754,17,1.2315036269974768,72.29411764705883,13,4.321828396875739,0.2420363751051305,descending,True,6.902131519274377,PHRASE_45
312,Miles Davis,13,10.681179138321994,10,0.936226222826087,62.2,12,3.893584466786357,0.0760869565217362,descending,True,5.340589569160997,PHRASE_57
312,Miles Davis,14,10.17034013605442,16,1.573202054794521,70.8125,17,5.113936228581659,0.0520833333333315,ascending,True,5.08517006802721,PHRASE_04
312,Miles Davis,15,8.678458049886643,16,1.843645484949828,76.9375,10,2.7492896809903464,0.6047763377926426,flat,True,4.339229024943322,PHRASE_46
312,Miles Davis,16,8.6378231292517,16,1.852318548387097,76.9375,10,2.7492896809903464,0.6131447412634365,flat,True,4.31891156462585,PHRASE_46
312,Miles Davis,17,2.658684807256236,5,1.8806290938864627,79.6,4,1.3564659966250536,0.1746724890829703,arch,True,1.329342403628118,PHRASE_51
312,Miles Davis,18,8.626213151927402,16,1.8548115746971812,76.9375,10,2.7492896809903464,0.6091647039030978,flat,False,4.313106575963701,PHRASE_46
312,Miles Davis,19,4.782766439909295,8,1.6726721031670782,78.375,7,2.057759704144291,0.4133510335672319,flat,False,2.3913832199546476,PHRASE_14
312,Miles Davis,20,7.2000000000000455,17,2.361111111111096,76.6470588235294,11,2.785280141588639,0.3798185941043064,arch,True,3.6000000000000227,PHRASE_14
312,Miles Davis,21,7.134693877551001,13,1.822082379862705,77.23076923076923,10,2.8053203890477643,0.4221967963386671,arch,False,3.567346938775501,PHRASE_14
312,Miles Davis,22,3.338775510204073,10,2.9951100244498856,75.3,7,2.1,0.0709046454767771,descending,False,1.6693877551020364,PHRASE_12
312,Miles Davis,23,7.395918367346951,14,1.8929359823399527,77.78571428571429,5,1.7393993802694174,0.4330880549423532,arch,False,3.697959183673475,PHRASE_14
312,Miles Davis,24,5.620408163265324,9,1.6013071895424784,71.33333333333333,13,4.898979485566356,0.0777051561365492,descending,False,2.810204081632662,PHRASE_04
312,Miles Davis,25,7.203990929705242,12,1.6657433521353686,84.66666666666667,11,3.4480268109295333,0.1823630136986233,descending,False,3.601995464852621,PHRASE_12
312,Miles Davis,26,3.523446712018142,7,1.986691036400143,78.0,6,2.0,0.0171703650311485,descending,False,1.761723356009071,PHRASE_12
312,Miles Davis,27,3.681632653061172,5,1.358093126385829,67.2,9,3.655133376499413,0.1352549889135244,descending,False,1.840816326530586,PHRASE_39
312,Miles Davis,28,2.167346938775495,4,1.8455743879472823,74.0,3,1.224744871391589,0.2241054613935895,flat,False,1.0836734693877474,PHRASE_51
312,Miles Davis,29,8.383673469387816,10,1.1927945472249184,68.3,13,5.21632054229799,0.0275073028237561,descending,False,4.191836734693908,PHRASE_04
313,Miles Davis,1,1.6747392290249437,3,1.7913236568457536,70.0,0,0.0,0.5180350953206244,flat,True,0.8373696145124718,PHRASE_56
313,Miles Davis,2,2.9085714285714293,6,2.0628683693516696,72.33333333333333,4,1.699673171197595,0.2081891040633676,flat,False,1.4542857142857146,PHRASE_51
313,Miles Davis,3,2.5439002267573727,5,1.965485889504927,69.2,7,2.785677655436824,0.2343964487547467,ascending,True,1.2719501133786864,PHRASE_39
313,Miles Davis,4,3.967709750566893,7,1.7642419531821507,68.0,7,2.5071326821120348,0.3299881126554511,flat,True,1.9838548752834464,PHRASE_14
313,Miles Davis,5,3.8031746031746,7,1.8405676126878143,72.28571428571429,10,3.1036515689143473,0.2155735750059623,descending,True,1.9015873015873,PHRASE_39
313,Miles Davis,6,3.9731065759637154,7,1.761845514627828,69.14285714285714,16,5.303060340934453,0.2307920599952049,descending,False,1.9865532879818577,PHRASE_43
313,Miles Davis,7,1.4640816326530626,3,2.049066071926399,69.33333333333333,8,3.2998316455372216,0.2248242108849881,ascending,False,0.7320408163265313,PHRASE_39
313,Miles Davis,8,4.609206349206346,8,1.7356567256698132,71.5,9,2.692582403567252,0.245510808497241,ascending,True,2.304603174603173,PHRASE_39
313,Miles Davis,9,1.677641723356011,4,2.3842993079584747,67.0,9,3.24037034920393,0.1793901384083045,ascending,True,0.8388208616780055,PHRASE_39
313,Miles Davis,10,4.589977324263039,12,2.614392000711399,67.91666666666667,9,2.7525240941522906,0.2533569148988738,arch,True,2.2949886621315194,PHRASE_39
313,Miles Davis,11,3.043401360544216,7,2.3000581161428775,67.28571428571429,7,2.864276807966203,0.2099631931095112,descending,False,1.521700680272108,PHRASE_39
313,Miles Davis,12,3.0265759637188125,8,2.6432510189403096,70.375,9,3.42554740151118,0.1001258690961413,descending,False,1.5132879818594065,PHRASE_59
313,Miles Davis,13,5.1626303854875175,14,2.711795916933138,68.85714285714286,7,2.065261756400137,0.1893777012544362,flat,False,2.5813151927437588,PHRASE_39
313,Miles Davis,14,1.2775056689342392,2,1.5655507827753927,71.0,2,1.0,0.1127125563562749,arch,False,0.6387528344671196,PHRASE_34
313,Miles Davis,15,6.8913378684807185,15,2.1766455637890436,68.66666666666667,7,2.2110831935702664,0.1395224870684572,descending,False,3.4456689342403592,PHRASE_39
313,Miles Davis,16,5.4943310657596385,14,2.548080891456871,70.92857142857143,17,4.7126620580590535,0.2937185307470133,flat,False,2.7471655328798192,PHRASE_43
313,Miles Davis,17,1.0073469387755123,2,1.9854132901134476,78.0,2,1.0,0.1910228705204367,arch,False,0.5036734693877563,PHRASE_34
313,Miles Davis,18,0.9337868480725576,3,3.212724623603708,76.0,2,0.816496580927726,0.0713453132588531,flat,True,0.4668934240362787,PHRASE_34
313,Miles Davis,19,1.3800453514739246,2,1.4492277357870504,73.0,0,0.0,0.312783437397305,flat,False,0.6900226757369623,PHRASE_56
313,Miles Davis,20,0.6608163265306075,2,3.0265596046942775,72.0,4,2.0,0.1218859378217047,descending,True,0.3304081632653037,PHRASE_34
313,Miles Davis,21,5.708888888888893,16,2.8026469443363156,76.9375,18,5.129190360086083,0.2470190100174003,ascending,False,2.8544444444444466,PHRASE_08
313,Miles Davis,22,1.9303854875283548,4,2.072124985316564,65.0,8,3.082207001484488,0.2210501585810009,descending,False,0.9651927437641774,PHRASE_24
313,Miles Davis,23,9.494058956916106,19,2.00125152858453,69.3157894736842,11,3.3881004083012805,0.1455260241516362,ascending,True,4.747029478458053,PHRASE_25
313,Miles Davis,24,5.460634920634931,11,2.014417766408926,81.9090909090909,9,2.5745095015465993,0.3246572043153596,descending,True,2.730317460317466,PHRASE_51
313,Miles Davis,25,2.2552834467120135,8,3.5472259647288373,72.625,4,1.2183492931011204,0.1278328540690511,flat,False,1.1276417233560068,PHRASE_40
313,Miles Davis,26,2.1962811791383388,7,3.1872057487403738,75.42857142857143,8,3.3319725113401715,0.1684149665482942,descending,False,1.0981405895691694,PHRASE_51
313,Miles Davis,27,5.2041723356009015,10,1.9215351366425009,69.9,8,2.913760456866693,0.1633087005019576,descending,True,2.6020861678004508,PHRASE_39
313,Miles Davis,28,3.6264852607710054,11,3.033239957981066,72.72727272727273,18,5.327303754175858,0.1612100445200471,ascending,True,1.8132426303855027,PHRASE_08
313,Miles Davis,29,2.211609977324258,6,2.71295574785712,73.0,7,2.581988897471611,0.198519460279701,descending,False,1.105804988662129,PHRASE_51
313,Miles Davis,30,1.6422675736961594,3,1.8267425162929256,73.0,0,0.0,0.2394786258698873,flat,False,0.8211337868480797,PHRASE_34
313,Miles Davis,31,2.0811791383219997,4,1.9219873610808416,69.5,2,0.8660254037844386,0.2721725866201818,flat,True,1.040589569161,PHRASE_24
313,Miles Davis,32,1.4196825396825543,4,2.8175313059033695,72.25,3,1.299038105676658,0.212113467927447,flat,False,0.7098412698412773,PHRASE_51
313,Miles Davis,33,1.412471655328801,4,2.8319152351902335,68.25,5,2.0463381929681126,0.0290897415315256,flat,False,0.7062358276644005,PHRASE_27
313,Miles Davis,34,1.3483446712018292,4,2.966600517977835,69.5,8,2.8722813232690143,0.0,flat,False,0.6741723356009146,PHRASE_59
313,Miles Davis,35,1.3717006802720846,5,3.6451100972030006,73.6,2,0.8,0.3040402036632952,flat,False,0.6858503401360423,PHRASE_51
313,Miles Davis,36,1.4396371882086214,4,2.778477822580636,73.5,1,0.5,0.0400075604838696,flat,False,0.7198185941043107,PHRASE_34
313,Miles Davis,37,3.578775510204082,6,1.676551094890511,66.66666666666667,8,3.4480268109295333,0.1976252027575079,flat,False,1.789387755102041,PHRASE_39
313,Miles Davis,38,3.616235827664383,6,1.6591838270335422,70.66666666666667,2,0.9428090415820634,0.1796759386992427,flat,True,1.8081179138321912,PHRASE_34
313,Miles Davis,39,1.0216780045351186,3,2.936345880681901,79.33333333333333,5,2.0548046676563256,0.0956587357954243,descending,True,0.5108390022675593,PHRASE_12
313,Miles Davis,40,1.9512925170068056,3,1.537442476642028,74.66666666666667,3,1.247219128924647,0.1427044112862071,flat,True,0.9756462585034028,PHRASE_34
313,Miles Davis,41,1.500226757369603,5,3.3328295042321896,68.4,7,2.4166091947189146,0.0390870616686915,flat,False,0.7501133786848015,PHRASE_59
313,Miles Davis,42,2.8551927437641496,4,1.4009562082056115,64.75,4,1.479019945774904,0.0272566990167784,descending,True,1.4275963718820748,PHRASE_00
313,Miles Davis,43,3.480090702947848,10,2.8734883236030004,69.2,12,4.093897898091744,0.1630916388657153,ascending,False,1.740045351473924,PHRASE_55
313,Miles Davis,44,4.244625850340128,10,2.3559202512981643,66.6,16,4.6946778377222005,0.1780456012137535,descending,False,2.122312925170064,PHRASE_52
313,Miles Davis,45,3.149206349206338,7,2.222782258064524,67.71428571428571,9,3.010186786529354,0.0852246543778788,descending,False,1.574603174603169,PHRASE_59
313,Miles Davis,46,2.7202267573696304,5,1.8380820593187737,67.6,8,3.006659275674582,0.1376936029742794,descending,False,1.3601133786848152,PHRASE_39
313,Miles Davis,47,1.200997732426316,3,2.49792311758928,67.0,4,1.632993161855452,0.0157087833245308,ascending,False,0.6004988662131581,PHRASE_27
313,Miles Davis,48,10.12208616780046,28,2.7662281802215114,73.25,15,4.171544763548117,0.0642585755761883,arch,False,5.0610430839002305,PHRASE_04
313,Miles Davis,49,5.337687074829944,3,0.562041190864599,73.66666666666667,2,0.9428090415820634,0.0613274877650914,flat,False,2.668843537414972,PHRASE_00
313,Miles Davis,50,6.064263038548717,17,2.8033084798492505,75.23529411764706,12,3.7499711648257006,0.1874555965210092,arch,True,3.0321315192743583,PHRASE_08
313,Miles Davis,51,6.297052154195001,10,1.5880446525027034,66.3,4,1.268857754044952,0.0746128916096302,flat,False,3.1485260770975003,PHRASE_00
314,Miles Davis,1,2.806893424036282,7,2.4938602727331474,78.57142857142857,7,2.6649654437396615,0.4114909842952247,ascending,True,1.403446712018141,PHRASE_56
314,Miles Davis,2,12.82448979591837,49,3.820814767663908,70.24489795918367,18,4.942653225541422,0.1941297121437165,arch,False,6.412244897959185,PHRASE_23
314,Miles Davis,3,9.539954648526075,36,3.773602844701363,68.5,17,3.700600551862419,0.1435756527030352,flat,False,4.7699773242630386,PHRASE_13
314,Miles Davis,4,11.813151927437636,53,4.486524877149879,69.32075471698113,18,5.200774923774414,0.1039926289926297,ascending,False,5.906575963718819,PHRASE_23
314,Miles Davis,5,1.1668027210884375,2,1.7140858208955192,79.0,0,0.0,0.0248756218905488,flat,False,0.5834013605442188,PHRASE_34
314,Miles Davis,6,1.851791383219954,3,1.6200528996865209,78.33333333333333,2,0.9428090415820634,0.0376175548589359,arch,True,0.925895691609977,PHRASE_34
314,Miles Davis,7,2.7065759637188194,5,1.847352546916891,78.4,7,2.33238075793812,0.137801608579089,ascending,False,1.3532879818594097,PHRASE_12
314,Miles Davis,8,9.920725623582776,35,3.527967744294906,68.37142857142857,25,6.778477343920301,0.1251371416032755,descending,False,4.960362811791388,PHRASE_26
314,Miles Davis,9,5.812244897959175,18,3.0969101123595553,72.61111111111111,13,3.817196308067085,0.1408239700374534,ascending,False,2.9061224489795876,PHRASE_08
314,Miles Davis,10,6.3158276643990945,29,4.59163890165441,70.44827586206897,16,4.537857666318126,0.1074577780330876,flat,False,3.1579138321995472,PHRASE_22
314,Miles Davis,11,1.16099773242631,5,4.306640624999978,66.6,9,3.261901286060018,0.1600000000000024,descending,True,0.5804988662131549,PHRASE_16
314,Miles Davis,12,7.022131519274382,30,4.2722070809491175,64.96666666666667,20,5.141227696010188,0.194112556349212,ascending,False,3.511065759637191,PHRASE_01
314,Miles Davis,13,1.811156462585032,3,1.6564002403846172,75.66666666666667,4,1.699673171197595,0.1698717948717953,descending,False,0.905578231292516,PHRASE_34
314,Miles Davis,14,12.323990929705218,33,2.677704015544041,66.54545454545455,22,6.937342557715122,0.179172309232216,flat,False,6.161995464852609,PHRASE_26
314,Miles Davis,15,2.0491609977324146,6,2.9280276203966173,66.5,7,2.4324199198877374,0.1048158640226663,descending,False,1.0245804988662073,PHRASE_59
314,Miles Davis,16,3.094058956916101,12,3.8784005628517817,67.66666666666667,10,3.009245014211298,0.1069418386491554,ascending,False,1.5470294784580505,PHRASE_16
314,Miles Davis,17,11.151383219954669,41,3.676673932847469,68.0,23,5.108577196794599,0.2333257418011487,flat,False,5.5756916099773335,PHRASE_23
314,Miles Davis,18,2.86185941043081,5,1.747115872210971,77.0,4,1.2649110640673518,0.1906693711967632,arch,False,1.430929705215405,PHRASE_51
314,Miles Davis,19,2.40326530612245,6,2.496603260869565,74.16666666666667,12,4.099457958749614,0.2198067632850162,descending,False,1.201632653061225,PHRASE_08
314,Miles Davis,20,4.376961451247155,20,4.569379973474812,72.15,16,4.339066719929529,0.1512143567639286,descending,False,2.1884807256235774,PHRASE_58
314,Miles Davis,21,1.9954648526077392,9,4.510227272727207,75.0,9,3.197221015541813,0.1316363636363779,flat,False,0.9977324263038696,PHRASE_37
314,Miles Davis,22,7.145941043083894,20,2.798791632818849,66.1,8,2.567099530598687,0.4232331437855452,flat,True,3.572970521541947,PHRASE_14
314,Miles Davis,23,9.717551020408166,37,3.8075436827956977,69.16216216216216,23,4.885242606570812,0.1681600955794502,descending,False,4.858775510204083,PHRASE_13
315,Miles Davis,1,2.7836734693877556,7,2.51466275659824,66.28571428571429,4,1.27775312999988,0.2111436950146633,flat,False,1.3918367346938778,PHRASE_24
315,Miles Davis,2,5.294693877551019,15,2.8330249768732663,65.93333333333334,4,1.2892719737209144,0.2406893479973964,arch,False,2.6473469387755095,PHRASE_24
315,Miles Davis,3,5.599999999999998,18,3.2142857142857153,69.05555555555556,13,3.865405285955324,0.0670553935860057,ascending,False,2.799999999999999,PHRASE_55
315,Miles Davis,4,1.6163265306122447,3,1.8560606060606064,72.66666666666667,6,2.494438257849294,0.0151515151515147,descending,False,0.8081632653061224,PHRASE_59
315,Miles Davis,5,7.421859410430844,34,4.581062254051276,69.61764705882354,13,3.153100303271583,0.1361669884877691,flat,True,3.710929705215422,PHRASE_22
315,Miles Davis,6,5.799183673469393,24,4.13851351351351,68.16666666666667,13,3.3747427885527643,0.1039789789789791,ascending,False,2.8995918367346967,PHRASE_22
315,Miles Davis,7,1.7647165532879825,11,6.233295641447366,78.27272727272727,19,6.031597241963044,0.1513157894736837,ascending,True,0.8823582766439912,PHRASE_37
315,Miles Davis,8,4.307301587301588,5,1.160819575471698,86.6,3,1.019803902718557,0.0444743935309972,arch,False,2.153650793650794,PHRASE_12
315,Miles Davis,9,8.852607709750565,36,4.066598360655739,73.63888888888889,25,6.803401019497437,0.1409016393442628,descending,False,4.426303854875282,PHRASE_36
315,Miles Davis,10,4.614965986394552,17,3.6836674528301936,71.82352941176471,15,4.901803919058743,0.2465408805031465,ascending,True,2.307482993197276,PHRASE_58
315,Miles Davis,11,4.121541950113382,11,2.6689040492957723,66.0909090909091,17,5.0534334944317445,0.3084507042253509,descending,False,2.060770975056691,PHRASE_43
315,Miles Davis,12,5.985850340136054,19,3.174152195654151,66.84210526315789,11,3.013358991220976,0.1329817862229927,flat,True,2.992925170068027,PHRASE_09
315,Miles Davis,13,4.394376417233573,21,4.7788350396301045,69.19047619047619,13,4.112918644131273,0.1189729194187512,ascending,True,2.1971882086167867,PHRASE_22
315,Miles Davis,14,1.311927437641728,6,4.5734236725663555,74.16666666666667,1,0.3726779962499649,0.1460176991150382,flat,False,0.655963718820864,PHRASE_40
315,Miles Davis,15,1.2117913832199605,5,4.126122754490998,77.8,5,1.9390719429665315,0.0616017964071858,descending,False,0.6058956916099802,PHRASE_40
315,Miles Davis,16,1.8750113378684716,9,4.799970975232221,72.55555555555556,9,3.1308895119123044,0.084462074303398,descending,True,0.9375056689342358,PHRASE_40
315,Miles Davis,17,2.7225396825396757,14,5.1422574626865805,65.5,9,2.3222526010012654,0.0861207356076711,flat,True,1.361269841269838,PHRASE_41
315,Miles Davis,18,1.1609977324262957,6,5.167968750000036,65.83333333333333,6,2.3392781412696997,0.1449999999999959,flat,False,0.5804988662131478,PHRASE_41
315,Miles Davis,19,2.5541950113378675,13,5.08966619318182,71.23076923076923,8,2.3584168795009064,0.1151633522727225,ascending,False,1.2770975056689338,PHRASE_40
315,Miles Davis,20,2.796371882086177,14,5.00648718780407,75.92857142857143,12,3.4941642310385737,0.1383068439831335,ascending,False,1.3981859410430886,PHRASE_37
315,Miles Davis,21,3.117278911564611,5,1.6039629888268232,75.4,7,2.4166091947189146,0.0883379888268082,arch,False,1.5586394557823056,PHRASE_12
315,Miles Davis,22,1.4512471655328767,5,3.4453125000000075,76.4,8,2.8705400188814645,0.167999999999986,descending,False,0.7256235827664383,PHRASE_51
315,Miles Davis,23,11.840090702947847,38,3.209434872871293,68.6842105263158,13,3.1464705637126578,0.0840681186177065,ascending,True,5.920045351473924,PHRASE_48
315,Miles Davis,24,4.5859410430839205,19,4.143097310126564,70.73684210526316,9,2.711420394187633,0.2025316455696328,arch,True,2.29297052154196,PHRASE_16
315,Miles Davis,25,1.2422675736961537,6,4.829877336448565,69.83333333333333,11,3.8042374035044424,0.0963054906541912,ascending,True,0.6211337868480769,PHRASE_03
315,Miles Davis,26,2.983764172335583,11,3.6866184338521624,71.54545454545455,14,3.774643544004854,0.0525291828793783,descending,False,1.4918820861677915,PHRASE_55
315,Miles Davis,27,6.507392290249442,31,4.763813001784115,68.54838709677419,14,3.572644359731854,0.0549732381802027,flat,False,3.253696145124721,PHRASE_22
315,Miles Davis,28,4.837188208616794,16,3.3077067316707196,72.8125,12,2.833256739160784,0.1743108944308984,ascending,False,2.418594104308397,PHRASE_16
315,Miles Davis,29,1.1900226757369694,6,5.041920731707283,82.5,13,4.5,0.1317073170731714,ascending,False,0.5950113378684847,PHRASE_37
315,Miles Davis,30,5.706303854875273,8,1.401958290946086,84.75,4,1.1989578808281798,0.0417090539165802,flat,False,2.8531519274376365,PHRASE_12
315,Miles Davis,31,4.887800453514728,9,1.8413190320665125,84.66666666666667,5,1.4907119849998598,0.0296912114014301,flat,True,2.443900226757364,PHRASE_12
315,Miles Davis,32,2.020136054421755,6,2.970096982758641,80.5,6,1.9790570145063195,0.298850574712643,descending,False,1.0100680272108775,PHRASE_51
315,Miles Davis,33,14.344126984126971,64,4.46175637393768,70.15625,18,4.146605351067304,0.1475743626062339,descending,False,7.1720634920634865,PHRASE_44
315,Miles Davis,34,2.403265306122421,6,2.4966032608695943,76.0,7,2.160246899469287,0.0869565217391443,descending,False,1.2016326530612105,PHRASE_12
315,Miles Davis,35,2.7109297052154204,11,4.057648554603853,64.81818181818181,8,2.1242402628268953,0.161268736616695,flat,False,1.3554648526077102,PHRASE_16
315,Miles Davis,36,3.546848072562341,4,1.1277618657937862,70.75,2,0.82915619758885,0.0343698854337104,flat,False,1.7734240362811704,PHRASE_00
315,Miles Davis,37,6.588662131519271,32,4.856828193832602,69.46875,13,3.1522251565362525,0.1066079295154217,arch,True,3.2943310657596356,PHRASE_22
315,Miles Davis,38,1.6253968253968196,4,2.460937500000009,66.25,3,1.299038105676658,0.2785714285714271,flat,False,0.8126984126984098,PHRASE_24
315,Miles Davis,39,2.4729251700680095,9,3.6394146126760822,67.11111111111111,4,1.1967032904743342,0.2887323943661758,flat,False,1.2364625850340047,PHRASE_24
315,Miles Davis,40,2.4613151927437684,8,3.250294811320749,66.625,3,0.8569568250501305,0.2617924528302067,flat,False,1.2306575963718842,PHRASE_24
315,Miles Davis,41,7.6277551020408225,22,2.884203767123285,71.5,13,3.834650630050338,0.1704718417047273,ascending,False,3.8138775510204113,PHRASE_09
315,Miles Davis,42,7.448163265306135,37,4.9676676896098115,68.64864864864865,15,3.6850040611383705,0.10214818062254,arch,False,3.724081632653068,PHRASE_22
315,Miles Davis,43,3.57006802721088,14,3.9214939024390296,69.57142857142857,13,3.7742413753208304,0.2373983739837367,ascending,False,1.78503401360544,PHRASE_58
315,Miles Davis,44,2.4264852607709884,12,4.945424641148298,74.91666666666667,12,3.707162736589204,0.1379336124401897,descending,False,1.2132426303854942,PHRASE_37
315,Miles Davis,45,3.842902494331099,17,4.423739614803587,69.58823529411765,6,1.717002296391344,0.0785498489426263,flat,False,1.9214512471655496,PHRASE_40
315,Miles Davis,46,0.3889342403628006,2,5.142257462686715,71.5,7,3.5,0.1044776119403595,descending,False,0.1944671201814003,PHRASE_41
315,Miles Davis,47,3.1172789115646538,12,3.849511173184323,72.41666666666667,11,3.5463204718255352,0.1750465549348094,ascending,True,1.5586394557823269,PHRASE_16
315,Miles Davis,48,6.339047619047676,19,2.9972956730768963,80.05263157894737,13,3.203184011516408,0.1382783882783742,descending,False,3.169523809523838,PHRASE_08
315,Miles Davis,49,10.234195011337931,37,3.615330757231969,75.45945945945945,22,5.365528585807108,0.1820760068065909,flat,False,5.117097505668966,PHRASE_05
315,Miles Davis,50,5.990748299319762,30,5.007721656976716,72.66666666666667,14,3.78006466728929,0.0794573643411195,arch,True,2.995374149659881,PHRASE_22
315,Miles Davis,51,4.2619501133787026,8,1.877074997871789,69.75,3,1.0897247358851685,0.1206691070060481,flat,False,2.1309750566893513,PHRASE_34
315,Miles Davis,52,5.575691609977298,11,1.9728494273815813,69.18181818181819,4,1.192261549873091,0.2312597605413792,flat,False,2.787845804988649,PHRASE_24
315,Miles Davis,53,7.064671201814008,35,4.954229149548105,70.97142857142858,17,4.312677088940162,0.0698438783894814,ascending,False,3.532335600907004,PHRASE_22
315,Miles Davis,54,3.2780045351474314,13,3.965827338129449,69.76923076923077,23,6.506255524243231,0.096181516325408,descending,False,1.6390022675737157,PHRASE_36
315,Miles Davis,55,4.429206349206368,10,2.257740825688064,66.5,5,1.6278820596099706,0.2844036697247608,arch,False,2.214603174603184,PHRASE_24
316,Miles Davis,1,1.4713832199546475,5,3.3981629885340916,74.0,7,2.9664793948382653,0.0668228331894955,ascending,False,0.7356916099773239,PHRASE_40
316,Miles Davis,2,3.652970521541949,8,2.1899985102050956,72.125,14,5.372092236736075,0.2492923474201724,descending,True,1.8264852607709745,PHRASE_08
316,Miles Davis,3,3.795918367346939,9,2.3709677419354835,74.33333333333333,14,4.9216076867444665,0.2451612903225821,descending,False,1.8979591836734695,PHRASE_08
316,Miles Davis,4,4.195918367346938,11,2.6215953307393005,68.0,7,2.1320071635561044,0.2504539559014263,descending,False,2.097959183673469,PHRASE_24
316,Miles Davis,5,4.992834467120183,11,2.203157359299494,78.54545454545455,19,6.243012623050689,0.0527558769029533,ascending,False,2.4964172335600914,PHRASE_36
316,Miles Davis,6,3.575510204081631,8,2.2374429223744303,76.875,8,3.2572035551988456,0.0547945205479458,descending,False,1.7877551020408156,PHRASE_12
316,Miles Davis,7,2.298412698412698,5,2.175414364640885,80.0,5,1.7888543819998317,0.0525651144435689,descending,False,1.149206349206349,PHRASE_12
316,Miles Davis,8,3.142857142857146,9,2.8636363636363606,73.22222222222223,15,5.223404121574737,0.1804329004329011,descending,True,1.571428571428573,PHRASE_08
316,Miles Davis,9,4.204081632653072,10,2.378640776699023,74.8,9,2.6758176320519307,0.1786407766990316,descending,True,2.102040816326536,PHRASE_51
316,Miles Davis,10,6.191201814058957,7,1.1306367019250492,73.42857142857143,12,4.16986271980755,0.0469688534677245,descending,False,3.0956009070294783,PHRASE_49
316,Miles Davis,11,5.86122448979593,22,3.7534818941504104,74.5,26,8.78402475571938,0.0850510677808714,ascending,False,2.930612244897965,PHRASE_36
316,Miles Davis,12,6.808163265306121,17,2.4970023980815355,84.76470588235294,16,5.0003460087890375,0.3968824940047962,descending,True,3.4040816326530603,PHRASE_46
316,Miles Davis,13,3.721904761904767,7,1.8807574206755344,76.71428571428571,4,1.665986255670086,0.0310961641565531,descending,True,1.8609523809523836,PHRASE_12
316,Miles Davis,14,3.200000000000003,9,2.8124999999999973,71.0,14,4.666666666666667,0.1607142857142872,descending,True,1.6000000000000014,PHRASE_08
316,Miles Davis,15,3.808435374149667,7,1.838025150042866,75.0,7,2.32992949004287,0.0933123749642759,descending,True,1.9042176870748335,PHRASE_12
316,Miles Davis,16,4.048798185941038,17,4.198776826918774,76.41176470588235,23,7.104752539710235,0.0924772615260494,ascending,False,2.024399092970519,PHRASE_36
316,Miles Davis,17,2.8489795918367236,6,2.106017191977086,77.16666666666667,8,2.91070819942883,0.0229226361031497,descending,False,1.4244897959183618,PHRASE_12
316,Miles Davis,18,8.669387755102036,13,1.499529190207157,69.15384615384616,14,4.865042554105199,0.3187382297551807,descending,False,4.334693877551018,PHRASE_43
316,Miles Davis,19,2.9959183673469454,7,2.3365122615803764,76.28571428571429,8,2.864276807966203,0.0272479564032729,ascending,False,1.4979591836734727,PHRASE_12
316,Miles Davis,20,5.362358276643988,33,6.154008795669827,73.21212121212122,5,1.249425947156867,0.0629905277402099,arch,True,2.681179138321994,PHRASE_40
316,Miles Davis,21,7.636734693877543,20,2.6189203634420126,75.3,14,4.69148164229596,0.0525921966862719,arch,False,3.8183673469387713,PHRASE_04
316,Miles Davis,22,7.093877551020398,11,1.550632911392407,71.72727272727273,14,4.4126040361860355,0.1716660273622289,descending,False,3.546938775510199,PHRASE_08
316,Miles Davis,23,7.718820861677983,16,2.072855464159818,71.375,14,3.6550478793033614,0.2888601645123438,descending,False,3.859410430838992,PHRASE_08
316,Miles Davis,24,4.236734693877537,9,2.124277456647406,72.66666666666667,14,4.9216076867444665,0.146435452793839,descending,False,2.1183673469387685,PHRASE_08
316,Miles Davis,25,11.118367346938784,25,2.2485315712187943,69.32,8,1.95386795869117,0.074889867841411,ascending,False,5.559183673469391,PHRASE_33
316,Miles Davis,26,12.922448979591849,16,1.2381554011370803,79.625,14,3.4798527267687636,0.510739102969043,ascending,False,6.461224489795924,PHRASE_46
316,Miles Davis,27,8.577959183673471,13,1.5155119908641033,77.23076923076923,17,5.521341059977342,0.5758786955970112,descending,False,4.2889795918367355,PHRASE_46
316,Miles Davis,28,12.473469387755102,34,2.725785340314136,70.23529411764706,10,2.43816256188973,0.1528286794648101,ascending,False,6.236734693877551,PHRASE_29
316,Miles Davis,29,2.5469387755102275,3,1.1778846153846043,73.66666666666667,3,1.247219128924647,0.0176282051281875,arch,True,1.2734693877551138,PHRASE_34
316,Miles Davis,30,2.563265306122503,5,1.9506369426751184,64.0,10,3.63318042491699,0.0800424628450049,ascending,False,1.2816326530612514,PHRASE_52
317,Miles Davis,1,10.114285714285716,13,1.2853107344632766,71.61538461538461,7,2.3709284626803755,0.2484261501210654,ascending,False,5.057142857142858,PHRASE_25
317,Miles Davis,2,2.396734693877548,8,3.3378746594005495,69.125,10,2.9764702249476644,0.0844686648501373,descending,False,1.198367346938774,PHRASE_59
317,Miles Davis,3,4.623673469387754,7,1.5139477401129948,68.85714285714286,10,3.757984696561687,0.0925141242937845,descending,True,2.311836734693877,PHRASE_49
317,Miles Davis,4,9.253877551020402,17,1.8370677487649976,64.17647058823529,10,3.203587953927083,0.1474947071277353,descending,False,4.626938775510201,PHRASE_25
317,Miles Davis,5,10.844081632653058,15,1.383242999096658,76.86666666666666,12,3.263263533472111,0.2407407407407413,descending,True,5.422040816326529,PHRASE_25
317,Miles Davis,6,6.419591836734682,10,1.55773143438454,70.8,9,3.059411708155671,0.1602238046795554,arch,False,3.209795918367341,PHRASE_39
317,Miles Davis,7,1.9069387755101983,4,2.0976027397260335,77.0,9,3.391164991562634,0.0513698630136975,descending,False,0.9534693877550992,PHRASE_12
317,Miles Davis,8,5.381224489795912,9,1.6724817961165068,66.22222222222223,9,2.3934065809486684,0.1670206310679601,arch,False,2.690612244897956,PHRASE_39
317,Miles Davis,9,2.5861224489795944,6,2.320075757575755,66.16666666666667,9,2.91070819942883,0.1193181818181807,ascending,True,1.2930612244897972,PHRASE_59
317,Miles Davis,10,11.632653061224488,19,1.6333333333333335,67.42105263157895,13,4.107961326544812,0.1423157894736833,descending,True,5.816326530612244,PHRASE_48
317,Miles Davis,11,5.453061224489801,8,1.4670658682634716,72.0,9,2.8722813232690143,0.3724550898203575,ascending,False,2.7265306122449005,PHRASE_14
318,Miles Davis,1,11.359274376417233,11,0.9683717142035836,67.0909090909091,9,2.5028908905338554,0.133539876712767,descending,False,5.679637188208616,PHRASE_33
318,Miles Davis,2,0.8707482993197289,2,2.2968749999999973,56.0,0,0.0,0.0208333333333367,flat,False,0.4353741496598644,PHRASE_21
318,Miles Davis,3,4.140408163265299,4,0.9660883280757114,54.75,4,1.7853571071357126,0.0091132141605327,flat,False,2.0702040816326495,PHRASE_21
318,Miles Davis,4,0.8591383219954665,2,2.327913851351347,64.0,2,1.0,0.0675675675675636,arch,False,0.4295691609977332,PHRASE_27
318,Miles Davis,5,1.1261678004535156,3,2.663901417525771,81.0,5,2.160246899469287,0.1237113402061848,ascending,False,0.5630839002267578,PHRASE_12
318,Miles Davis,6,2.659229024943315,6,2.256293062282553,72.33333333333333,11,4.2295258468165065,0.114400709461762,descending,False,1.3296145124716574,PHRASE_55
318,Miles Davis,7,4.008163265306109,6,1.4969450101833044,66.83333333333333,3,1.3437096247164249,0.0916496945010119,flat,False,2.0040816326530546,PHRASE_00
318,Miles Davis,8,3.028571428571425,4,1.3207547169811336,64.75,1,0.4330127018922193,0.0835579514824759,flat,False,1.5142857142857125,PHRASE_00
318,Miles Davis,9,18.1966439909297,10,0.5495518846763502,65.1,13,4.437341546466758,0.1907505807056207,descending,False,9.09832199546485,PHRASE_45
318,Miles Davis,10,2.043356009070294,6,2.9363458806818192,62.5,1,0.5,0.048916903409092,flat,False,1.021678004535147,PHRASE_27
318,Miles Davis,11,19.130340136054414,21,1.097732703686846,69.33333333333333,22,7.29861913445559,0.050371719010772,descending,True,9.565170068027207,PHRASE_26
318,Miles Davis,12,3.8661224489796098,7,1.8105996621621536,69.71428571428571,7,2.710523708715754,0.3663663663663625,flat,False,1.9330612244898049,PHRASE_14
318,Miles Davis,13,1.787755102040819,4,2.237442922374426,77.5,6,2.179449471770337,0.3333333333333492,flat,False,0.8938775510204096,PHRASE_51
318,Miles Davis,14,18.56326530612245,28,1.508355321020229,75.10714285714286,37,12.160648730681288,0.1339050131926095,descending,True,9.281632653061225,PHRASE_38
318,Miles Davis,15,6.081632653061234,9,1.4798657718120782,67.77777777777777,7,2.8196838978776713,0.2228187919463025,arch,False,3.040816326530617,PHRASE_39
318,Miles Davis,16,2.75918367346938,1,0.3624260355029596,65.0,0,0.0,0.0,flat,True,1.37959183673469,PHRASE_00
318,Miles Davis,17,2.381224489795926,12,5.0394240658210325,75.91666666666667,20,7.21639722360742,0.1109968384565456,ascending,False,1.190612244897963,PHRASE_36
318,Miles Davis,18,14.244897959183676,93,6.528653295128939,67.63440860215054,9,2.5306080965690096,0.252148997134657,arch,False,7.122448979591837,PHRASE_20
318,Miles Davis,19,2.6993197278911225,5,1.85231854838712,78.6,10,3.7202150475476543,0.1956989247311782,descending,False,1.3496598639455613,PHRASE_51
318,Miles Davis,20,4.5859410430839205,5,1.09028876582278,77.4,2,0.8,0.1746835443038008,flat,False,2.29297052154196,PHRASE_34
318,Miles Davis,21,25.39102040816329,91,3.5839441872427953,71.21978021978022,26,5.496856639819673,0.108360482395976,descending,True,12.695510204081645,PHRASE_31
318,Miles Davis,22,3.604897959183688,7,1.941802536231876,77.28571428571429,6,1.979486637221574,0.557165861513664,flat,False,1.802448979591844,PHRASE_56
318,Miles Davis,23,13.116009070294751,9,0.6861843379159653,68.66666666666667,6,2.6246692913372702,0.0837597853448006,descending,True,6.558004535147376,PHRASE_33
318,Miles Davis,24,2.925714285714321,8,2.734374999999967,69.0,8,2.549509756796392,0.0634920634920397,arch,True,1.4628571428571604,PHRASE_59
318,Miles Davis,25,2.925714285714321,6,2.0507812499999756,76.66666666666667,8,2.8674417556808756,0.178571428571448,arch,False,1.4628571428571604,PHRASE_51
318,Miles Davis,26,16.811247165532905,2,0.1189679730662981,77.0,4,2.0,0.0082872928176807,descending,False,8.405623582766452,PHRASE_33
318,Miles Davis,27,1.077551020408123,2,1.8560606060606757,81.5,5,2.5,0.1969696969697017,ascending,True,0.5387755102040614,PHRASE_51
318,Miles Davis,28,7.685804988662142,9,1.1709898980362523,77.11111111111111,3,0.8748897637790901,0.0837424471299132,flat,False,3.842902494331071,PHRASE_12
318,Miles Davis,29,1.5325170068026637,5,3.2626065340910313,71.0,7,2.449489742783178,0.2651515151515241,descending,False,0.7662585034013318,PHRASE_02
318,Miles Davis,30,4.214421768707496,8,1.8982438016528869,67.5,9,3.1622776601683795,0.1818181818181744,descending,False,2.107210884353748,PHRASE_39
318,Miles Davis,31,3.186938775510157,4,1.2551229508196906,83.75,10,3.5619517121937516,0.6612021857923526,flat,True,1.5934693877550783,PHRASE_46
318,Miles Davis,32,4.469841269841254,7,1.566051136363642,69.42857142857143,12,4.562491263620375,0.1792207792207777,descending,False,2.234920634920627,PHRASE_08
318,Miles Davis,33,17.03020408163269,64,3.7580289521618178,68.125,23,5.369182898728632,0.1055507621512821,arch,True,8.515102040816345,PHRASE_44
318,Miles Davis,34,15.628843537414925,14,0.895779650393484,70.28571428571429,12,3.4106675389466634,0.2383406458202762,descending,False,7.814421768707461,PHRASE_45
318,Miles Davis,35,6.555102040816337,9,1.372976338729761,73.44444444444444,7,2.3622546250521443,0.0523038605230405,descending,True,3.2775510204081684,PHRASE_00
318,Miles Davis,36,3.6816326530612287,8,2.1729490022172926,75.875,9,2.8476964374736293,0.2594235033259386,ascending,True,1.8408163265306143,PHRASE_51
318,Miles Davis,37,16.75918367346935,33,1.9690696541646413,69.15151515151516,12,2.4999540858961016,0.1339503166098396,descending,False,8.379591836734676,PHRASE_07
319,Miles Davis,1,12.608435374149664,9,0.7138078383977898,67.55555555555556,4,1.4989708403591155,0.0595649171270713,flat,False,6.304217687074832,PHRASE_33
319,Miles Davis,2,9.077551020408166,7,0.7711330935251797,69.14285714285714,3,0.989743318610787,0.0341726618705045,flat,False,4.538775510204083,PHRASE_00
319,Miles Davis,3,13.665306122448976,10,0.7317801672640385,69.0,3,1.0,0.1426191424399293,flat,False,6.832653061224487,PHRASE_33
319,Miles Davis,4,14.824489795918367,16,1.079295154185022,66.75,20,4.710360920354193,0.1850189672050885,descending,False,7.412244897959184,PHRASE_48
319,Miles Davis,5,4.109931972789127,4,0.9732521186440652,70.5,12,4.5,0.5762711864406821,descending,False,2.0549659863945635,PHRASE_46
319,Miles Davis,6,5.97913832199545,9,1.505233616504858,67.22222222222223,4,1.617802197617893,0.1631067961165032,flat,False,2.989569160997725,PHRASE_00
319,Miles Davis,7,4.365351473922914,3,0.6872298869680833,62.333333333333336,1,0.4714045207910317,0.0212765957446828,arch,False,2.182675736961457,PHRASE_00
319,Miles Davis,8,8.486893424036282,8,0.9426299589603282,57.625,10,4.0600954422279285,0.2995896032831762,descending,False,4.243446712018141,PHRASE_62
319,Miles Davis,9,2.7515646258503637,6,2.180577531645551,76.83333333333333,7,2.3392781412697,0.320675105485232,ascending,True,1.3757823129251818,PHRASE_51
319,Miles Davis,10,1.7995464852607768,4,2.222782258064509,89.25,2,0.82915619758885,0.1741935483870983,flat,False,0.8997732426303884,PHRASE_12
319,Miles Davis,11,16.26122448979592,23,1.414407630522088,77.17391304347827,14,3.952458496474265,0.0847891566265049,descending,False,8.13061224489796,PHRASE_33
319,Miles Davis,12,3.968979591836757,17,4.283216783216759,76.76470588235294,18,6.3942015255064435,0.1052150463915194,ascending,False,1.9844897959183785,PHRASE_36
319,Miles Davis,13,33.59927437641721,28,0.8333513303386322,76.10714285714286,25,8.212965732453105,0.079296605044919,descending,False,16.799637188208607,PHRASE_54
319,Miles Davis,14,2.4264852607709884,5,2.0605936004784575,65.0,0,0.0,0.11961722488039,flat,False,1.2132426303854942,PHRASE_27
319,Miles Davis,15,11.238458049886646,10,0.8898017820247914,67.5,17,4.904079934095692,0.3553719008264458,descending,False,5.619229024943323,PHRASE_45
319,Miles Davis,16,18.83138321995466,8,0.4248227496917383,55.375,9,2.9553976043842223,0.3045622688039459,descending,False,9.41569160997733,PHRASE_45
319,Miles Davis,17,9.4273015873016,4,0.4242995689655167,60.75,10,3.766629793329841,0.0394088669950776,descending,False,4.7136507936508,PHRASE_57
319,Miles Davis,18,3.4829931972788586,6,1.7226562500000262,66.83333333333333,3,1.3437096247164249,0.2533333333333311,flat,False,1.7414965986394293,PHRASE_24
319,Miles Davis,19,50.16671201814063,101,2.0132872165008084,76.88118811881188,10,1.7193547529790096,0.5558889362994541,flat,False,25.08335600907031,PHRASE_28
319,Miles Davis,20,20.28263038548755,19,0.9367621279335996,68.63157894736842,37,11.912887874353776,0.1969089868345735,descending,False,10.141315192743775,PHRASE_38
320,Miles Davis,1,9.657142857142858,20,2.0710059171597632,66.25,14,3.6176649927819464,0.1696956889264581,descending,False,4.828571428571429,PHRASE_25
320,Miles Davis,2,2.016326530612247,4,1.9838056680161924,67.25,7,2.680951323690902,0.076923076923079,descending,False,1.0081632653061234,PHRASE_59
320,Miles Davis,3,2.213832199546484,4,1.8068216736658824,70.0,9,3.391164991562634,0.1113387278500458,descending,False,1.106916099773242,PHRASE_59
320,Miles Davis,4,6.299138321995464,15,2.381278078562378,70.0,16,4.898979485566356,0.1005644511001015,ascending,True,3.149569160997732,PHRASE_04
320,Miles Davis,5,2.5959183673469397,8,3.081761006289307,70.25,8,3.031088913245535,0.1232704402515724,descending,False,1.29795918367347,PHRASE_59
320,Miles Davis,6,4.604081632653056,17,3.692375886524827,70.3529411764706,12,4.1293950058315865,0.2346040189125288,flat,True,2.302040816326528,PHRASE_58
320,Miles Davis,7,9.983673469387751,13,1.3021259198691744,75.3076923076923,11,3.047940424024454,0.1888798037612422,arch,False,4.991836734693877,PHRASE_25
320,Miles Davis,8,11.167346938775507,52,4.656432748538013,66.48076923076923,16,3.4612713572160194,0.1182667316439253,descending,False,5.5836734693877546,PHRASE_23
320,Miles Davis,9,7.542857142857144,15,1.988636363636363,71.06666666666666,11,3.4149995932975195,0.1049783549783544,ascending,False,3.771428571428572,PHRASE_49
320,Miles Davis,10,2.137868480725615,6,2.8065337293169397,69.5,7,2.6299556396765835,0.0657615613067444,descending,False,1.0689342403628077,PHRASE_59
320,Miles Davis,11,4.918367346938766,15,3.049792531120338,70.2,11,3.0594117081556713,0.0987551867219879,flat,True,2.459183673469383,PHRASE_55
320,Miles Davis,12,4.22040816326529,12,2.843326885880088,69.75,12,4.437059837324712,0.0502901353965145,flat,False,2.110204081632645,PHRASE_55
320,Miles Davis,13,16.065306122448973,43,2.6765752032520336,71.51162790697674,20,4.288286333198877,0.1748052168021709,descending,True,8.032653061224487,PHRASE_07
321,Miles Davis,1,2.345215419501134,4,1.7056002475247525,73.0,2,1.0,0.1584158415841582,flat,False,1.172607709750567,PHRASE_34
321,Miles Davis,2,4.446621315192743,9,2.0240086488250655,69.55555555555556,7,2.1140330656044943,0.3231070496083554,ascending,True,2.2233106575963717,PHRASE_14
321,Miles Davis,3,5.294149659863946,14,2.644428453947368,70.35714285714286,12,4.3524564961663215,0.1239035087719296,descending,True,2.647074829931973,PHRASE_55
321,Miles Davis,4,3.08825396825397,10,3.238075657894736,69.6,12,4.127953488110059,0.1484962406015046,ascending,False,1.544126984126985,PHRASE_55
321,Miles Davis,5,2.0999546485260794,7,3.333405321354523,63.42857142857143,16,5.122977450583174,0.279198341395991,descending,False,1.0499773242630397,PHRASE_43
321,Miles Davis,6,5.8340136054421805,22,3.770988805970147,69.54545454545455,15,4.086866689634368,0.3134328358208954,ascending,False,2.9170068027210903,PHRASE_58
321,Miles Davis,7,16.92444444444444,52,3.0724789915966397,72.84615384615384,10,1.964929196068431,0.4223975304407472,flat,True,8.46222222222222,PHRASE_45
321,Miles Davis,8,2.18267573696145,8,3.6652260638297895,70.25,9,2.48746859276655,0.2160904255319147,ascending,True,1.091337868480725,PHRASE_16
321,Miles Davis,9,2.002721088435365,7,3.495244565217407,69.85714285714286,12,3.562846832382836,0.2231884057970988,ascending,True,1.0013605442176825,PHRASE_16
321,Miles Davis,10,1.5702494331065822,3,1.9105244916820627,66.33333333333333,4,1.8856180831641267,0.0942698706099792,descending,False,0.7851247165532911,PHRASE_27
321,Miles Davis,11,5.143219954648515,12,2.3331687358916526,70.58333333333333,21,6.277716322216402,0.097065462753952,descending,False,2.5716099773242576,PHRASE_06
321,Miles Davis,12,10.254013605442182,38,3.705865962556554,69.26315789473684,16,4.063212434867112,0.1540240865807768,descending,False,5.127006802721091,PHRASE_29
321,Miles Davis,13,4.109931972789113,4,0.9732521186440684,65.5,3,1.118033988749895,0.047117761299434,flat,False,2.0549659863945564,PHRASE_00
321,Miles Davis,14,13.844897959183667,33,2.3835495283018875,75.51515151515152,17,3.8700184959327184,0.1871495020964341,ascending,True,6.9224489795918345,PHRASE_29
322,Miles Davis,1,4.151473922902495,12,2.890539654795717,73.83333333333333,15,4.896143607189461,0.2567183744811009,ascending,False,2.0757369614512475,PHRASE_08
322,Miles Davis,2,2.887981859410427,10,3.462625628140708,69.4,8,2.576819745345025,0.3103015075376891,descending,False,1.4439909297052136,PHRASE_02
322,Miles Davis,3,5.885714285714286,26,4.417475728155339,73.15384615384616,17,4.554729644026911,0.1268685467714579,ascending,True,2.942857142857143,PHRASE_22
322,Miles Davis,4,3.089795918367347,8,2.5891677675033025,69.75,6,1.8540496217739155,0.2470277410832231,flat,False,1.5448979591836736,PHRASE_24
322,Miles Davis,5,2.698231292517004,9,3.3355183541750737,73.55555555555556,13,4.271640619275797,0.3558558558558552,ascending,True,1.349115646258502,PHRASE_02
322,Miles Davis,6,9.624489795918372,34,3.5326547921967753,74.0,19,5.246847793171238,0.1590707756102172,flat,False,4.812244897959186,PHRASE_05
322,Miles Davis,7,2.12244897959183,5,2.355769230769238,69.8,7,2.5612496949731396,0.0423076923076908,ascending,False,1.061224489795915,PHRASE_59
322,Miles Davis,8,2.432653061224485,10,4.1107382550335645,72.6,15,4.882622246293481,0.0704697986577209,ascending,False,1.2163265306122426,PHRASE_55
322,Miles Davis,9,1.9836734693877531,6,3.0246913580246946,71.66666666666667,2,0.7453559924999299,0.1028806584362157,flat,False,0.9918367346938766,PHRASE_34
322,Miles Davis,10,2.8816326530612173,13,4.511331444759218,66.15384615384616,8,2.2479444917234552,0.1336166194523135,flat,False,1.4408163265306086,PHRASE_16
322,Miles Davis,11,2.0897959183673507,9,4.306640624999992,70.88888888888889,8,2.469567863432541,0.261111111111113,ascending,False,1.0448979591836751,PHRASE_02
322,Miles Davis,12,1.3467573696145223,4,2.970096982758599,79.25,5,1.920286436967152,0.3318965517241301,ascending,True,0.6733786848072612,PHRASE_51
322,Miles Davis,13,3.5352380952380997,6,1.6971982758620667,74.0,9,3.0550504633038935,0.0361247947454843,descending,True,1.76761904761905,PHRASE_12
322,Miles Davis,14,2.681904761904761,8,2.9829545454545467,72.75,12,3.832427429188973,0.0324675324675346,ascending,False,1.3409523809523805,PHRASE_55
322,Miles Davis,15,2.548390022675733,5,1.9620230637813243,78.0,5,1.7888543819998317,0.1190916856492008,descending,False,1.2741950113378664,PHRASE_12
322,Miles Davis,16,2.2117006802721164,7,3.1649852362204616,73.28571428571429,9,2.813959371941744,0.2860892388451482,descending,False,1.1058503401360582,PHRASE_02
322,Miles Davis,17,4.523083900226752,22,4.8639380752802515,65.13636363636364,17,5.09273506214717,0.176288928549944,descending,False,2.261541950113376,PHRASE_22
322,Miles Davis,18,4.109931972789127,14,3.4063824152542277,67.64285714285714,9,2.8437184624849117,0.1508430437853064,ascending,False,2.0549659863945635,PHRASE_16
322,Miles Davis,19,3.395918367346951,7,2.0612980769230695,62.42857142857143,6,2.1285234893930487,0.3350427350427402,ascending,True,1.6979591836734755,PHRASE_62
322,Miles Davis,20,2.2977777777777817,6,2.6112185686653726,63.333333333333336,6,2.2110831935702664,0.2863853471756256,arch,False,1.1488888888888908,PHRASE_24
322,Miles Davis,21,10.315464852607704,32,3.1021384355655615,68.96875,15,3.432240294253886,0.1744952870005625,ascending,False,5.157732426303852,PHRASE_29
322,Miles Davis,22,3.1927437641723344,8,2.5056818181818192,74.625,8,2.6896793489187516,0.0287784090909089,descending,True,1.5963718820861672,PHRASE_12
322,Miles Davis,23,2.0575056689342404,9,4.374228531123259,75.66666666666667,9,2.9059326290271157,0.0484482454593513,ascending,False,1.0287528344671202,PHRASE_40
322,Miles Davis,24,9.97297052154194,39,3.910570066938305,72.38461538461539,17,4.644353531317989,0.1828252328288661,flat,False,4.986485260770969,PHRASE_29
322,Miles Davis,25,2.292970521541946,3,1.308346518987344,62.333333333333336,6,2.6246692913372702,0.179746835443039,descending,False,1.146485260770973,PHRASE_24
322,Miles Davis,26,5.76435374149662,14,2.4287197885196283,67.42857142857143,13,4.186957397072241,0.154582074521658,descending,False,2.88217687074831,PHRASE_52
322,Miles Davis,27,6.368072562358293,16,2.5125341841385533,66.0625,13,4.422509892583622,0.0562044211485841,arch,False,3.1840362811791465,PHRASE_49
323,Miles Davis,1,2.8692970521541943,3,1.0455522539040276,69.33333333333333,12,5.2493385826745405,0.0161851172788771,descending,False,1.4346485260770971,PHRASE_52
323,Miles Davis,2,3.8162358276644,6,1.5722298806864092,65.16666666666667,7,3.2360813064912666,0.3220872748015397,flat,True,1.9081179138322,PHRASE_62
323,Miles Davis,3,3.553832199546484,7,1.969704703810521,65.14285714285714,7,2.9965967090575756,0.2187922717643771,flat,True,1.776916099773242,PHRASE_39
323,Miles Davis,4,2.2280272108843526,4,1.7953102100635083,67.5,4,1.6583123951777,0.15062693372415,ascending,False,1.1140136054421763,PHRASE_24
323,Miles Davis,5,6.667437641723357,11,1.6498092057381115,68.0909090909091,10,3.502065506228768,0.1977186311787073,descending,True,3.3337188208616784,PHRASE_25
323,Miles Davis,6,2.128253968253972,4,1.8794749403341255,74.0,0,0.0,0.0954653937947522,flat,False,1.064126984126986,PHRASE_34
323,Miles Davis,7,5.616371882086163,7,1.2463562148238476,70.14285714285714,12,4.485805276602166,0.247987338603531,descending,False,2.8081859410430816,PHRASE_08
323,Miles Davis,8,8.111383219954647,15,1.8492530303708017,69.93333333333334,17,5.208539995899896,0.1514067182537917,arch,False,4.055691609977323,PHRASE_04
323,Miles Davis,9,7.660680272108834,12,1.5664405214364383,67.58333333333333,19,5.345688813323208,0.129968387028028,ascending,False,3.830340136054417,PHRASE_04
323,Miles Davis,10,1.5735147392290258,2,1.271039889324417,69.0,2,1.0,0.136730458842517,flat,False,0.7867573696145129,PHRASE_34
323,Miles Davis,11,1.8452607709750597,3,1.6257864726700724,66.33333333333333,3,1.247219128924647,0.1757766417616961,flat,False,0.9226303854875296,PHRASE_24
323,Miles Davis,12,1.151564625850341,2,1.736767485822305,63.0,0,0.0,0.001890359168243,flat,True,0.5757823129251705,PHRASE_27
323,Miles Davis,13,11.559183673469391,22,1.9032485875706209,68.72727272727273,24,5.536505446758223,0.1785349968612682,ascending,True,5.779591836734696,PHRASE_05
323,Miles Davis,14,3.1493424036281255,5,1.5876330227668698,67.8,12,4.069397989875161,0.1602897340264699,descending,False,1.5746712018140627,PHRASE_52
323,Miles Davis,15,2.2204081632653043,2,0.9007352941176476,74.0,0,0.0,0.1236928104575116,flat,False,1.1102040816326522,PHRASE_34
323,Miles Davis,16,5.361360544217689,7,1.3056387352179866,73.28571428571429,8,2.913725436338734,0.2223180903077391,descending,True,2.6806802721088445,PHRASE_39
323,Miles Davis,17,6.1069841269841305,3,0.4912408379684979,78.0,3,1.4142135623730951,0.009527770145329,flat,False,3.0534920634920653,PHRASE_12
323,Miles Davis,18,11.115419501133786,9,0.8096860401068974,72.66666666666667,15,4.496912521077347,0.0877088475897127,descending,False,5.557709750566893,PHRASE_04
323,Miles Davis,19,6.315691609977307,8,1.2666862940809018,74.0,10,3.0413812651491097,0.1080345538233918,arch,False,3.1578458049886535,PHRASE_49
323,Miles Davis,20,5.771247165532884,7,1.212909410951153,67.57142857142857,9,3.0169588688489823,0.2430926636072215,flat,False,2.885623582766442,PHRASE_39
323,Miles Davis,21,3.755827664399078,8,2.13002318392582,68.25,12,3.6996621467371855,0.3046029752704846,ascending,False,1.877913832199539,PHRASE_02
323,Miles Davis,22,3.040634920634915,6,1.973272081854253,65.16666666666667,7,3.2360813064912666,0.3679264982250906,flat,False,1.5203174603174574,PHRASE_62
323,Miles Davis,23,5.953242630385489,12,2.015708202241199,68.66666666666667,10,2.808716591058786,0.0810777868346634,ascending,False,2.9766213151927445,PHRASE_49
323,Miles Davis,24,10.553469387755117,10,0.9475556930693058,68.6,19,6.019966777316964,0.1738173817381759,descending,False,5.2767346938775574,PHRASE_04
323,Miles Davis,25,3.215963718820859,6,1.8656926895306871,65.5,5,1.5,0.2129963898917004,flat,False,1.6079818594104296,PHRASE_24
323,Miles Davis,26,2.0897959183673436,4,1.914062500000003,70.0,4,1.4142135623730951,0.150000000000002,arch,False,1.0448979591836718,PHRASE_34
323,Miles Davis,27,2.5076190476190447,4,1.5951386251424249,72.0,7,2.549509756796392,0.2916282350387953,descending,False,1.2538095238095224,PHRASE_51
323,Miles Davis,28,16.572018140589563,17,1.0258255727081416,73.70588235294117,10,3.194935438588298,0.1193745159586538,descending,False,8.286009070294782,PHRASE_33
323,Miles Davis,29,10.28643990929706,15,1.458230459932279,68.13333333333334,14,4.256237253203298,0.193002257336337,arch,True,5.143219954648529,PHRASE_25
324,Miles Davis,1,6.664126984126984,6,0.9003429878048781,70.16666666666667,6,1.8633899812498247,0.1986062717770035,descending,False,3.332063492063492,PHRASE_39
324,Miles Davis,2,7.430385487528348,9,1.2112426757812496,70.22222222222223,11,3.0469576001782417,0.1519104003906265,flat,True,3.715192743764174,PHRASE_25
324,Miles Davis,3,3.12308390022676,5,1.6009816449814112,70.6,9,3.0724582991474434,0.1078066914498148,descending,False,1.56154195011338,PHRASE_59
324,Miles Davis,4,4.7508390022675755,10,2.1048913666042988,69.7,9,3.1953090617340916,0.1719806025430507,flat,True,2.3754195011337877,PHRASE_39
324,Miles Davis,5,32.155102040816324,38,1.181772023356182,70.15789473684211,13,3.383600665356933,0.4660235254294652,arch,False,16.077551020408162,PHRASE_54
324,Miles Davis,6,9.7061224489796,11,1.1333052985702263,73.54545454545455,16,4.658591991025075,0.2809083263246426,descending,True,4.8530612244897995,PHRASE_08
324,Miles Davis,7,8.399999999999991,16,1.9047619047619069,76.9375,15,4.069225202664507,0.1875607385811459,ascending,True,4.199999999999996,PHRASE_08
324,Miles Davis,8,2.67755102040816,6,2.2408536585365884,70.0,12,4.546060565661952,0.0762195121951206,descending,False,1.33877551020408,PHRASE_55
324,Miles Davis,9,4.546938775510199,11,2.419210053859967,70.0909090909091,9,2.9681504940571832,0.1211350488729336,flat,False,2.2734693877550995,PHRASE_39
324,Miles Davis,10,6.008163265306109,11,1.830842391304352,75.18181818181819,17,4.302603478617902,0.2649456521739148,ascending,True,3.0040816326530546,PHRASE_08
324,Miles Davis,11,2.901224489795908,8,2.7574563871693965,79.0,11,3.5355339059327378,0.1288063527793395,descending,True,1.450612244897954,PHRASE_12
324,Miles Davis,12,2.9469387755102048,6,2.0360110803324094,69.33333333333333,10,3.7712361663282534,0.2493074792243778,descending,False,1.4734693877551024,PHRASE_39
324,Miles Davis,13,8.657233560090702,17,1.9636757957379043,73.76470588235294,4,0.9411764705882352,0.3059111958594485,flat,False,4.328616780045351,PHRASE_14
324,Miles Davis,14,2.1224489795918657,4,1.8846153846153588,73.25,5,1.920286436967152,0.2538461538461543,descending,False,1.0612244897959329,PHRASE_51
324,Miles Davis,15,2.8081632653061206,6,2.1366279069767455,74.16666666666667,8,2.5440562537456244,0.2093023255813904,descending,True,1.4040816326530603,PHRASE_51
324,Miles Davis,16,3.673469387755119,10,2.7222222222222094,73.3,15,4.605431575867782,0.1311111111111147,ascending,True,1.8367346938775595,PHRASE_08
324,Miles Davis,17,3.591836734693885,6,1.670454545454542,73.33333333333333,6,1.8856180831641267,0.3340909090909052,flat,False,1.7959183673469423,PHRASE_51
324,Miles Davis,18,3.83673469387756,8,2.085106382978718,70.5,11,3.968626966596886,0.10425531914893,descending,True,1.91836734693878,PHRASE_55
324,Miles Davis,19,4.969387755102048,11,2.213552361396301,69.36363636363636,11,3.1413004623947267,0.1819301848049334,ascending,True,2.484693877551024,PHRASE_39
324,Miles Davis,20,2.130612244897975,5,2.34674329501914,76.6,7,2.727636339397171,0.1570881226053617,ascending,False,1.0653061224489877,PHRASE_51
324,Miles Davis,21,3.29795918367347,7,2.1225247524752473,76.28571428571429,7,2.3733211036908783,0.1584158415841603,flat,True,1.648979591836735,PHRASE_51
324,Miles Davis,22,3.4857142857142662,7,2.008196721311487,75.42857142857143,7,2.3211538298959886,0.1475409836065556,descending,True,1.7428571428571331,PHRASE_51
324,Miles Davis,23,4.9868480725623385,9,1.8047471807930229,73.44444444444444,11,3.4354721852756236,0.1307748272098915,descending,True,2.4934240362811693,PHRASE_39
324,Miles Davis,24,13.08190476190478,35,2.675451368666274,75.22857142857143,28,6.765820462487328,0.2356927919682742,ascending,True,6.54095238095239,PHRASE_38
325,Miles Davis,1,2.5861224489795926,6,2.320075757575757,70.5,7,2.4324199198877374,0.047383557800224,descending,False,1.2930612244897963,PHRASE_59
325,Miles Davis,2,1.7285714285714295,3,1.7355371900826435,63.666666666666664,5,2.0548046676563256,0.0059556605011147,arch,False,0.8642857142857148,PHRASE_27
325,Miles Davis,3,1.2916099773242635,5,3.8711376404494366,65.6,6,2.1540659228538015,0.0314606741573015,ascending,False,0.6458049886621318,PHRASE_41
325,Miles Davis,4,2.37424036281179,11,4.6330608190709075,70.0,12,3.7416573867739418,0.1205302567237154,ascending,False,1.187120181405895,PHRASE_03
325,Miles Davis,5,2.5077551020408144,11,4.38639322916667,70.0,12,3.4902461491731755,0.1226851851851855,descending,False,1.2538775510204072,PHRASE_16
325,Miles Davis,6,3.0880272108843485,8,2.590650746794735,68.875,7,1.964529205687714,0.06407601591987,ascending,True,1.5440136054421745,PHRASE_59
325,Miles Davis,7,2.5135600907029527,12,4.7741050808314,67.66666666666667,12,3.5668224265054493,0.1004618937644389,ascending,False,1.2567800453514764,PHRASE_03
325,Miles Davis,8,4.234285714285711,8,1.889338731443996,69.125,9,3.2185982973959333,0.0413855150697251,descending,False,2.1171428571428557,PHRASE_59
325,Miles Davis,9,5.4857142857142875,20,3.645833333333332,68.2,15,4.411349000022556,0.0585648148148143,arch,False,2.742857142857144,PHRASE_55
325,Miles Davis,10,7.457687074829934,31,4.156784763016747,68.38709677419355,15,4.116664946404715,0.1309154595541279,ascending,False,3.728843537414967,PHRASE_22
325,Miles Davis,11,2.4883446712018156,11,4.420609462710503,68.0,11,3.437758254761643,0.0341911496682981,ascending,False,1.2441723356009078,PHRASE_03
325,Miles Davis,12,4.494693877551029,7,1.557391936069739,70.42857142857143,11,3.697765458727081,0.0149735641925975,descending,False,2.2473469387755145,PHRASE_49
325,Miles Davis,13,9.581133786848056,39,4.070499469857626,67.51282051282051,17,4.51704347868129,0.0948292184186647,flat,False,4.790566893424028,PHRASE_13
325,Miles Davis,14,3.652380952380966,13,3.5593220338982916,68.23076923076923,10,3.0167187001734734,0.0496926802011622,ascending,False,1.826190476190483,PHRASE_55
325,Miles Davis,15,2.200181405895691,10,4.545079770787815,67.4,10,2.973213749463701,0.0453683472812026,descending,False,1.1000907029478455,PHRASE_41
325,Miles Davis,16,5.853061224489792,17,2.9044630404463057,66.11764705882354,16,4.638488000874429,0.0543933054393298,ascending,False,2.926530612244896,PHRASE_06
325,Miles Davis,17,4.275464852607712,21,4.911746610942569,72.0,15,3.976119189552019,0.0576617094851241,ascending,False,2.137732426303856,PHRASE_22
325,Miles Davis,18,3.871927437641716,14,3.615770239880067,70.92857142857143,15,4.1997327417397425,0.2705209895052423,descending,False,1.935963718820858,PHRASE_58
325,Miles Davis,19,4.350839002267577,15,3.447610907271512,68.86666666666666,12,3.263263533472111,0.1244058539026073,ascending,False,2.1754195011337885,PHRASE_55
325,Miles Davis,20,6.906122448979588,11,1.592789598108748,70.63636363636364,10,3.59981634058606,0.121388232203833,descending,True,3.453061224489794,PHRASE_49
325,Miles Davis,21,13.607528344671197,46,3.380481659478882,70.43478260869566,17,3.926787457368901,0.1336761696539915,descending,False,6.8037641723355975,PHRASE_07
325,Miles Davis,22,3.563537414966021,16,4.489920586438564,67.25,11,3.3260336739125176,0.0643708002443641,arch,False,1.7817687074830104,PHRASE_03
325,Miles Davis,23,5.813696145124709,14,2.408106590114831,67.14285714285714,4,1.5518257844571737,0.0326697453819312,flat,False,2.9068480725623544,PHRASE_00
325,Miles Davis,24,2.417777777777758,9,3.722426470588266,64.55555555555556,8,2.266230894930126,0.2797118847538948,ascending,False,1.208888888888879,PHRASE_02
325,Miles Davis,25,2.159455782312932,11,5.0938760080645,68.9090909090909,14,4.794969816087488,0.0632350470430214,descending,False,1.079727891156466,PHRASE_03
325,Miles Davis,26,2.728979591836747,9,3.2979359856416237,69.0,10,3.3333333333333335,0.1492172699172249,descending,True,1.3644897959183735,PHRASE_16
325,Miles Davis,27,8.370793650793644,28,3.3449635922330123,69.03571428571429,19,4.459997940879913,0.0961988557558976,ascending,True,4.185396825396822,PHRASE_63
325,Miles Davis,28,1.7327891156462556,3,1.7313128140703546,63.666666666666664,5,2.0548046676563256,0.0150753768844305,descending,False,0.8663945578231278,PHRASE_27
326,Miles Davis,1,3.1245351473922898,4,1.2801904319554112,71.75,1,0.4330127018922193,0.2145843009753832,flat,True,1.5622675736961449,PHRASE_34
326,Miles Davis,2,7.17061224489796,7,0.9762067395264116,70.14285714285714,10,3.481730744843983,0.2902246508803886,descending,False,3.58530612244898,PHRASE_14
326,Miles Davis,3,10.50848072562358,11,1.0467735809971,70.27272727272727,10,3.1934851036818723,0.2464827026653777,descending,False,5.254240362811791,PHRASE_25
326,Miles Davis,4,11.084263038548755,35,3.1576298648162084,72.51428571428572,9,2.51136193638237,0.3669642564891486,descending,True,5.542131519274378,PHRASE_29
326,Miles Davis,5,3.2517460317460305,4,1.230108366689447,69.0,4,1.7320508075688772,0.2027865720143354,ascending,False,1.6258730158730152,PHRASE_24
326,Miles Davis,6,3.1869387755102068,6,1.8826844262295064,69.83333333333333,9,3.0230595245361753,0.089865095628413,descending,False,1.5934693877551034,PHRASE_59
326,Miles Davis,7,4.165442176870741,6,1.440423308074212,70.33333333333333,10,4.068851871911234,0.1920564410765575,descending,False,2.0827210884353704,PHRASE_39
326,Miles Davis,8,5.789251700680268,6,1.0364033747738015,64.0,9,2.943920288775949,0.0791520763319297,ascending,False,2.894625850340134,PHRASE_49
326,Miles Davis,9,2.0775510204081655,3,1.444007858546167,73.33333333333333,2,0.9428090415820634,0.0127701375245646,flat,False,1.0387755102040828,PHRASE_34
326,Miles Davis,10,6.170702947845811,7,1.1343926387582304,70.0,9,3.251373336211726,0.1817453551270007,descending,False,3.0853514739229055,PHRASE_39
326,Miles Davis,11,4.485578231292521,9,2.006430282993113,66.88888888888889,4,1.1967032904743342,0.1336204717562944,ascending,False,2.2427891156462607,PHRASE_00
326,Miles Davis,12,5.014829931972798,9,1.794677012398597,66.55555555555556,7,1.7069212773041351,0.1131971386454697,ascending,False,2.507414965986399,PHRASE_00
326,Miles Davis,13,8.812244897959204,9,1.021306160259377,68.88888888888889,8,2.960647243216495,0.1100046317739683,flat,False,4.406122448979602,PHRASE_49
326,Miles Davis,14,0.5572789115646231,1,1.7944335937500089,73.0,0,0.0,0.0,flat,False,0.2786394557823115,PHRASE_34
326,Miles Davis,15,6.754104308390026,7,1.036406854318865,67.85714285714286,5,1.4568627181693672,0.115599484314565,flat,True,3.377052154195013,PHRASE_00
326,Miles Davis,16,12.537324263038556,10,0.7976183586063197,69.5,5,1.5,0.0777867808774142,ascending,False,6.268662131519278,PHRASE_33
326,Miles Davis,17,11.322630385487514,12,1.059824403998976,68.91666666666667,7,2.253084305765962,0.3740306972571144,flat,True,5.661315192743757,PHRASE_14
326,Miles Davis,18,4.281179138321988,4,0.9343220338983066,66.5,3,1.118033988749895,0.056949152542378,flat,False,2.140589569160994,PHRASE_00
326,Miles Davis,19,6.83673469387756,4,0.5850746268656709,65.5,5,2.0615528128088303,0.0613333333333364,descending,False,3.41836734693878,PHRASE_00
326,Miles Davis,20,1.5897959183673152,3,1.88703465982032,64.0,2,0.816496580927726,0.0551989730423541,arch,False,0.7948979591836576,PHRASE_27
327,Miles Davis,1,5.5836734693877546,8,1.432748538011696,69.625,9,3.159806164941134,0.2178362573099414,descending,False,2.7918367346938773,PHRASE_39
327,Miles Davis,2,5.717913832199546,8,1.3991116751269037,66.375,7,2.394655507583502,0.1429965101522847,arch,False,2.858956916099773,PHRASE_39
327,Miles Davis,3,11.065396825396828,18,1.6266926784484734,67.88888888888889,17,4.829180847133496,0.3283878159939671,ascending,True,5.532698412698414,PHRASE_45
327,Miles Davis,4,3.5410430839002274,7,1.9768186475409832,70.85714285714286,9,2.849991049037143,0.1967725409836085,descending,False,1.7705215419501137,PHRASE_39
327,Miles Davis,5,7.157551020408164,16,2.2354014598540144,68.5,14,4.0155946010522525,0.2562601378751034,descending,True,3.578775510204082,PHRASE_25
327,Miles Davis,6,9.35510204081632,17,1.817190226876092,71.17647058823529,12,3.8689608593894937,0.4101221640488668,ascending,False,4.67755102040816,PHRASE_14
327,Miles Davis,7,6.8731065759637175,10,1.454946157094595,66.1,19,6.073713855624086,0.4665593327702687,descending,False,3.4365532879818588,PHRASE_43
327,Miles Davis,8,15.367800453514732,24,1.561706899604557,67.29166666666667,16,4.730038465899499,0.207247830962638,ascending,False,7.683900226757366,PHRASE_45
327,Miles Davis,9,18.45405895691609,42,2.2759220666876394,70.04761904761905,17,4.292587081804547,0.2499311890531625,descending,True,9.227029478458045,PHRASE_07
327,Miles Davis,10,18.054965986394564,49,2.7139347721244262,68.36734693877551,13,3.0685626333408167,0.2148114098545174,arch,True,9.027482993197282,PHRASE_07
327,Miles Davis,11,17.6645804988662,27,1.5284823775879075,69.44444444444444,15,4.236816881097249,0.4558720834702593,descending,True,8.8322902494331,PHRASE_45
327,Miles Davis,12,3.1591836734693857,14,4.431524547803621,70.0,11,2.878491668515698,0.1886304909560907,ascending,False,1.5795918367346928,PHRASE_16
327,Miles Davis,13,10.396734693877534,44,4.2320979899497555,69.27272727272727,12,2.588116517361229,0.1813145589056435,descending,False,5.198367346938767,PHRASE_29
327,Miles Davis,14,9.78140589569162,13,1.3290522997032628,70.07692307692308,9,2.6446328365647824,0.4401798961424325,arch,False,4.89070294784581,PHRASE_14
327,Miles Davis,15,11.108571428571423,19,1.7103909465020584,69.10526315789474,11,3.3700653881225517,0.1999150826311351,flat,True,5.554285714285712,PHRASE_25
327,Miles Davis,16,7.000816326530639,14,1.9997667910447685,71.64285714285714,11,3.4559915438294126,0.1227909929519136,descending,False,3.5004081632653197,PHRASE_49
327,Miles Davis,17,5.717913832199571,11,1.923778553299484,68.72727272727273,13,3.7195040991779607,0.2751269035533021,descending,True,2.8589569160997854,PHRASE_43
327,Miles Davis,18,3.5577324263038577,5,1.405389557413827,69.0,9,3.63318042491699,0.2755455843361259,descending,False,1.7788662131519288,PHRASE_39
327,Miles Davis,19,3.783673469387765,5,1.321467098166124,69.0,9,3.63318042491699,0.2423109193335738,descending,False,1.8918367346938825,PHRASE_39
327,Miles Davis,20,12.497959183673489,15,1.2001959503592403,67.86666666666666,14,3.383620677453205,0.2714710791784607,ascending,False,6.2489795918367435,PHRASE_45
327,Miles Davis,21,12.278458049886638,35,2.8505207948585323,66.88571428571429,10,3.527616990640149,0.1718253675112687,descending,False,6.139229024943319,PHRASE_29
327,Miles Davis,22,14.71999999999997,21,1.4266304347826115,71.0,18,5.061526214398936,0.4759594055013341,descending,False,7.359999999999985,PHRASE_46
327,Miles Davis,23,11.34875283446712,16,1.409846547314578,68.125,6,1.996089927833914,0.3360813618925836,ascending,False,5.67437641723356,PHRASE_14
327,Miles Davis,24,3.190929705215467,5,1.5669414440022509,64.4,12,4.758150901348127,0.0622512791358718,descending,False,1.5954648526077335,PHRASE_52
327,Miles Davis,25,6.436734693877554,10,1.5535827520608745,65.4,12,3.8262252939417984,0.2761643063482036,descending,True,3.218367346938777,PHRASE_43
327,Miles Davis,26,3.1230839002267885,5,1.6009816449813967,66.4,10,3.6110940170535577,0.1221828531598412,descending,False,1.5615419501133945,PHRASE_52
378,Sonny Rollins,1,5.877551020408162,10,1.7013888888888893,58.8,12,3.944616584663204,0.2098765432098771,descending,False,2.938775510204081,PHRASE_18
378,Sonny Rollins,2,4.542403628117913,16,3.522364217252397,61.125,10,3.159806164941134,0.101597444089457,descending,False,2.2712018140589567,PHRASE_50
378,Sonny Rollins,3,8.243083900226754,27,3.275473151408452,63.03703703703704,17,4.0136939804871306,0.194509242957745,descending,False,4.121541950113377,PHRASE_09
378,Sonny Rollins,4,2.7439455782312905,13,4.737703292344311,62.76923076923077,12,3.4228608401979983,0.0867050112389286,flat,False,1.3719727891156452,PHRASE_03
378,Sonny Rollins,5,13.63591836734694,52,3.8134578544061304,59.71153846153846,16,4.45203729708934,0.1495283897403133,flat,False,6.817959183673469,PHRASE_23
378,Sonny Rollins,6,4.1447619047619,8,1.9301470588235317,61.75,11,4.14578098794425,0.24299719887955,descending,False,2.07238095238095,PHRASE_18
378,Sonny Rollins,7,0.9229931972789132,4,4.333726415094332,66.0,4,1.5811388300841898,0.1761006289308228,flat,True,0.4614965986394566,PHRASE_40
378,Sonny Rollins,8,1.079727891156459,5,4.630796370967757,61.4,9,3.1368774282716245,0.1774193548387102,ascending,True,0.5398639455782295,PHRASE_53
378,Sonny Rollins,9,19.464126984126978,72,3.699112734864302,61.30555555555556,20,5.179121785509181,0.1712785192365021,ascending,True,9.732063492063489,PHRASE_11
378,Sonny Rollins,10,3.546848072562341,11,3.1013451309329123,63.18181818181818,9,2.622219109428356,0.0798383797053926,descending,True,1.7734240362811704,PHRASE_50
378,Sonny Rollins,11,2.0897959183673436,6,2.8710937500000044,67.0,3,1.0,0.1972222222222233,flat,False,1.0448979591836718,PHRASE_24
378,Sonny Rollins,12,1.387392290249437,8,5.766213389121322,64.625,7,1.996089927833914,0.1194103033472766,descending,True,0.6936961451247186,PHRASE_41
378,Sonny Rollins,13,9.65224489795918,20,2.0720568335588645,63.05,11,3.0573681492420897,0.5254848894902973,descending,True,4.826122448979589,PHRASE_14
378,Sonny Rollins,14,7.201088435374146,30,4.166036880290208,62.666666666666664,14,4.229525846816507,0.1823231559854898,descending,False,3.600544217687073,PHRASE_09
378,Sonny Rollins,15,3.323356009070295,14,4.212609170305677,62.642857142857146,20,6.4874289740911655,0.1173034934497859,ascending,False,1.6616780045351476,PHRASE_60
378,Sonny Rollins,16,0.9433106575963706,4,4.240384615384621,63.0,4,1.5811388300841898,0.0558653846153762,flat,False,0.4716553287981853,PHRASE_41
378,Sonny Rollins,17,4.7223582766439876,19,4.0234134910878945,61.1578947368421,10,2.6008734948643863,0.0402581438229824,flat,False,2.3611791383219938,PHRASE_50
378,Sonny Rollins,18,1.0071655328798386,3,2.9786563400575776,55.0,4,1.632993161855452,0.008645533141215,ascending,False,0.5035827664399193,PHRASE_21
378,Sonny Rollins,19,6.057505668934255,22,3.631857930043115,61.68181818181818,17,4.874668880469203,0.1049353138476299,descending,False,3.0287528344671273,PHRASE_63
378,Sonny Rollins,20,3.5802267573696156,13,3.6310549250101327,55.46153846153846,12,3.5434747096249293,0.1767328739359654,flat,False,1.7901133786848078,PHRASE_53
378,Sonny Rollins,21,3.851609977324273,16,4.154107008289364,58.5,16,4.795831523312719,0.1196542954031717,ascending,False,1.9258049886621365,PHRASE_60
378,Sonny Rollins,22,4.886349206349223,11,2.251169438669431,67.27272727272727,12,3.277773886785445,0.1125074250074388,ascending,False,2.4431746031746115,PHRASE_52
378,Sonny Rollins,23,6.614784580498878,19,2.8723535541904295,62.36842105263158,12,3.2800918843963967,0.1105748135147005,descending,False,3.307392290249439,PHRASE_50
378,Sonny Rollins,24,1.4614058956915985,5,3.4213629592850325,62.2,10,3.762977544445356,0.1807348560079296,descending,False,0.7307029478457991,PHRASE_35
378,Sonny Rollins,25,6.691700680272106,24,3.586532205595317,61.875,16,4.567206476611277,0.1502927781392394,descending,False,3.345850340136053,PHRASE_09
378,Sonny Rollins,26,4.760090702947878,12,2.5209603658536417,63.5,13,3.685557397915997,0.2981707317073137,arch,False,2.380045351473939,PHRASE_18
378,Sonny Rollins,27,7.43619047619049,25,3.36193647540983,62.52,17,4.2248786964834855,0.1807059914129615,ascending,False,3.718095238095245,PHRASE_09
378,Sonny Rollins,28,3.427029478458053,14,4.085170579361085,63.285714285714285,19,5.3908463611752016,0.1224095492681946,descending,True,1.7135147392290264,PHRASE_60
378,Sonny Rollins,29,5.408798185941038,21,3.882563053394154,61.23809523809524,14,3.650241504140342,0.0877129729004568,ascending,False,2.704399092970519,PHRASE_50
378,Sonny Rollins,30,3.636825396825401,11,3.024615921787706,62.63636363636363,11,3.9375286959468574,0.2853401835594627,flat,False,1.8184126984127005,PHRASE_18
378,Sonny Rollins,31,4.064943310657583,18,4.428106033559458,64.61111111111111,13,4.029597290175242,0.154130221349524,flat,True,2.0324716553287914,PHRASE_35
378,Sonny Rollins,32,5.5203628117913865,19,3.4418027669153144,60.63157894736842,17,4.847251270085579,0.1719628010909897,descending,True,2.7601814058956933,PHRASE_30
379,Sonny Rollins,1,2.412244897959183,3,1.243654822335026,59.333333333333336,12,5.436502143433364,0.0423011844331641,ascending,False,1.2061224489795914,PHRASE_30
379,Sonny Rollins,2,3.406258503401361,9,2.642195238856047,56.77777777777778,12,3.5832256659104664,0.0868083293390848,descending,False,1.7031292517006804,PHRASE_17
379,Sonny Rollins,3,3.369387755102043,6,1.7807389460932757,68.16666666666667,12,4.099457958749614,0.0283599165488931,ascending,False,1.6846938775510214,PHRASE_52
379,Sonny Rollins,4,3.900952380952379,12,3.0761718750000013,58.916666666666664,12,3.426814199158682,0.1242559523809504,descending,False,1.9504761904761896,PHRASE_50
379,Sonny Rollins,5,7.947029478458049,37,4.6558277027027035,58.108108108108105,19,4.524908742002182,0.1802581720233736,flat,True,3.973514739229024,PHRASE_13
379,Sonny Rollins,6,3.677460317460316,4,1.0877071823204425,57.25,21,7.595228765481656,0.0467640094711907,ascending,False,1.838730158730158,PHRASE_30
379,Sonny Rollins,7,0.3346938775510182,1,2.9878048780488,65.0,0,0.0,0.0,flat,False,0.1673469387755091,PHRASE_27
379,Sonny Rollins,8,8.527528344671204,18,2.1108109257998633,61.166666666666664,8,2.362907813126304,0.107816754594964,flat,True,4.263764172335602,PHRASE_57
379,Sonny Rollins,9,2.5,7,2.8,66.71428571428571,6,2.1852940772540506,0.1845804988662166,descending,True,1.25,PHRASE_24
379,Sonny Rollins,10,4.150566893424042,7,1.686516608391606,64.42857142857143,19,6.184245949118104,0.0566433566433572,ascending,False,2.075283446712021,PHRASE_06
379,Sonny Rollins,11,3.0592290249433205,5,1.6343987191650802,68.2,16,5.528109984434102,0.1328273244781774,ascending,False,1.5296145124716602,PHRASE_52
379,Sonny Rollins,12,6.463310657596367,28,4.332145162648408,58.892857142857146,27,7.925272801588084,0.1832776670689583,descending,False,3.2316553287981833,PHRASE_15
379,Sonny Rollins,13,4.394376417233559,4,0.91025429326288,50.0,11,4.301162633521313,0.0310435931307772,descending,False,2.1971882086167795,PHRASE_17
379,Sonny Rollins,14,4.736870748299324,16,3.377757352941173,60.75,20,6.0878978309429606,0.1758578431372505,ascending,False,2.368435374149662,PHRASE_42
379,Sonny Rollins,15,4.352471655328813,14,3.2165631642562307,64.57142857142857,12,3.976974544878587,0.1805526611928497,ascending,False,2.1762358276644065,PHRASE_35
379,Sonny Rollins,16,7.378503401360561,12,1.6263460687416986,56.583333333333336,12,4.231987975198208,0.3361852780646097,descending,True,3.689251700680281,PHRASE_62
379,Sonny Rollins,17,5.0626757369614666,24,4.740576178873427,60.416666666666664,22,5.49936865063214,0.1213272180020049,ascending,False,2.5313378684807333,PHRASE_10
379,Sonny Rollins,18,1.8982312925169824,5,2.6340309633027865,61.8,9,3.1874754901018454,0.0825688073394366,descending,False,0.9491156462584912,PHRASE_59
379,Sonny Rollins,19,6.217142857142875,20,3.216911764705874,61.7,16,4.94064773081425,0.1046626984126905,descending,True,3.1085714285714374,PHRASE_63
379,Sonny Rollins,20,9.974421768707458,44,4.411283282409439,64.86363636363636,21,5.016295758873859,0.1213443910955794,descending,True,4.987210884353729,PHRASE_13
379,Sonny Rollins,21,3.967891156462599,17,4.284391715814002,64.76470588235294,15,3.765624887830405,0.2044072600923576,ascending,False,1.9839455782312996,PHRASE_35
379,Sonny Rollins,22,1.661315192743757,5,3.009663682026656,69.8,12,4.4,0.2417558418868777,descending,False,0.8306575963718785,PHRASE_02
379,Sonny Rollins,23,4.60662131519274,8,1.736630700165395,58.625,10,2.912795049432761,0.2192643931637443,flat,True,2.30331065759637,PHRASE_18
379,Sonny Rollins,24,2.1645351473923142,5,2.3099648005363473,61.6,10,3.7202150475476543,0.2373449547435579,ascending,False,1.0822675736961571,PHRASE_18
379,Sonny Rollins,25,7.068299319727913,11,1.5562442254388618,59.27272727272727,10,2.956991994052835,0.1525510727851389,flat,False,3.534149659863957,PHRASE_57
379,Sonny Rollins,26,10.210975056689364,23,2.2524783257532643,57.43478260869565,15,3.998109193938313,0.1998294485503148,descending,False,5.105487528344682,PHRASE_19
379,Sonny Rollins,27,7.402086167800462,8,1.080776394471129,50.5,7,2.6457513110645907,0.0386236643466349,descending,True,3.701043083900231,PHRASE_57
380,Sonny Rollins,1,2.408163265306123,8,3.3220338983050843,68.25,7,2.331844763272204,0.1565725047080975,flat,True,1.2040816326530617,PHRASE_16
380,Sonny Rollins,2,3.5186848072562356,13,3.694562233363837,62.0,7,2.54195563720897,0.163377885470504,flat,True,1.7593424036281178,PHRASE_16
380,Sonny Rollins,3,4.841541950113378,22,4.5440068942260865,65.0909090909091,18,5.392832709077779,0.2462718723069436,descending,False,2.420770975056689,PHRASE_01
380,Sonny Rollins,4,8.01233560090703,26,3.2449963774678503,61.84615384615385,29,7.734499673999644,0.1282376381090385,descending,False,4.006167800453515,PHRASE_15
380,Sonny Rollins,5,0.5456689342403607,3,5.497839095744703,67.0,2,0.816496580927726,0.0309175531914871,arch,False,0.2728344671201803,PHRASE_61
380,Sonny Rollins,6,2.8946938775510276,11,3.800056401579235,66.81818181818181,19,5.920967086521375,0.06276242401454,ascending,True,1.4473469387755138,PHRASE_06
380,Sonny Rollins,7,4.783310657596374,17,3.5540238167475713,68.17647058823529,8,2.28126110937239,0.1647356644417471,descending,False,2.391655328798187,PHRASE_16
380,Sonny Rollins,8,1.622448979591837,3,1.8490566037735845,68.33333333333333,7,2.8674417556808756,0.4168273934311708,ascending,False,0.8112244897959187,PHRASE_56
380,Sonny Rollins,9,1.7428571428571402,3,1.7213114754098386,67.66666666666667,5,2.0548046676563256,0.4192037470725978,ascending,False,0.8714285714285701,PHRASE_56
380,Sonny Rollins,10,4.94489795918367,8,1.6178291374329354,69.0,7,2.7838821814150108,0.4032191498142792,ascending,False,2.472448979591835,PHRASE_14
380,Sonny Rollins,11,1.7211791383220003,3,1.7429911467116308,62.0,5,2.160246899469287,0.3355817875210791,ascending,False,0.8605895691610002,PHRASE_62
380,Sonny Rollins,12,1.4236734693877509,3,2.1072247706422083,60.666666666666664,5,2.0548046676563256,0.1655517329255857,ascending,False,0.7118367346938754,PHRASE_21
380,Sonny Rollins,13,4.8938775510204096,8,1.6346955796497076,57.0,7,2.7838821814150108,0.3769808173477887,ascending,False,2.4469387755102048,PHRASE_62
380,Sonny Rollins,14,1.2857142857142918,2,1.5555555555555485,65.0,4,2.0,0.3597883597883536,ascending,False,0.6428571428571459,PHRASE_56
380,Sonny Rollins,15,0.6387755102040842,3,4.696485623003176,60.0,2,0.816496580927726,0.0223642172524043,arch,True,0.3193877551020421,PHRASE_61
380,Sonny Rollins,16,1.4285714285714306,2,1.399999999999998,58.0,4,2.0,0.4128571428571498,ascending,False,0.7142857142857153,PHRASE_62
381,Sonny Rollins,1,2.809614512471656,4,1.423682851239669,59.0,6,3.0,0.1280991735537187,descending,True,1.404807256235828,PHRASE_21
381,Sonny Rollins,2,5.311746031746033,17,3.200454219459717,56.0,7,1.970368732287556,0.101601721252689,arch,False,2.6558730158730164,PHRASE_21
381,Sonny Rollins,3,11.697959183673472,33,2.8210048848569427,61.03030303030303,23,6.176616944401652,0.0795533845080256,arch,False,5.848979591836736,PHRASE_26
381,Sonny Rollins,4,3.0040816326530546,6,1.9972826086956563,69.5,11,3.685557397915997,0.1032608695652159,descending,False,1.5020408163265273,PHRASE_52
381,Sonny Rollins,5,12.636734693877557,38,3.007105943152453,66.86842105263158,17,4.033876629846276,0.1099913867355737,flat,True,6.318367346938778,PHRASE_48
381,Sonny Rollins,6,1.5102040816326507,4,2.6486486486486527,57.75,15,5.494315243958978,0.1027027027027011,descending,False,0.7551020408163254,PHRASE_30
381,Sonny Rollins,7,3.5020408163265344,10,2.8554778554778526,63.1,12,4.437341546466758,0.0877492877492897,descending,False,1.7510204081632672,PHRASE_52
381,Sonny Rollins,8,4.945850340136062,15,3.032845510563376,60.93333333333333,19,6.423567717571149,0.2711267605633812,ascending,True,2.472925170068031,PHRASE_43
381,Sonny Rollins,9,2.9431292517006824,9,3.057969674556211,64.33333333333333,12,5.436502143433364,0.3550295857988157,ascending,True,1.4715646258503412,PHRASE_43
381,Sonny Rollins,10,1.131972789115636,4,3.533653846153878,67.25,5,1.920286436967152,0.0512820512820551,descending,False,0.5659863945578181,PHRASE_27
381,Sonny Rollins,11,4.853061224489792,23,4.739276703111862,65.08695652173913,22,5.807888514607494,0.085225679843003,ascending,False,2.426530612244896,PHRASE_60
381,Sonny Rollins,12,4.376961451247169,10,2.284689986737398,66.0,9,2.6076809620810595,0.4376657824933747,flat,False,2.1884807256235845,PHRASE_14
381,Sonny Rollins,13,9.671111111111117,5,0.517003676470588,61.4,8,2.939387691339814,0.2070828331332537,descending,True,4.835555555555558,PHRASE_57
382,Sonny Rollins,1,21.876825396825396,42,1.9198397956814488,61.523809523809526,14,4.204521915170307,0.1265381936382633,descending,False,10.938412698412698,PHRASE_11
382,Sonny Rollins,2,12.122448979591836,47,3.8771043771043767,59.297872340425535,19,4.963333186894525,0.194769921436588,flat,False,6.061224489795919,PHRASE_23
382,Sonny Rollins,3,17.653061224489797,81,4.5884393063583815,59.839506172839506,15,4.0504741076663455,0.1227231856133571,descending,False,8.826530612244898,PHRASE_44
382,Sonny Rollins,4,3.983673469387753,20,5.020491803278691,66.05,14,3.5843409436045564,0.2142076502732291,ascending,False,1.9918367346938768,PHRASE_58
382,Sonny Rollins,5,2.110204081632645,10,4.73887814313348,67.6,14,4.054626986542659,0.1470019342359681,ascending,False,1.0551020408163223,PHRASE_03
382,Sonny Rollins,6,3.914285714285711,21,5.36496350364964,69.38095238095238,13,3.8972052315447856,0.1772564013439944,ascending,True,1.9571428571428555,PHRASE_58
382,Sonny Rollins,7,9.86213151927437,22,2.2307550813942805,65.18181818181819,9,3.0545995666202623,0.5523130690701763,descending,True,4.931065759637185,PHRASE_46
382,Sonny Rollins,8,5.340589569160997,14,2.621433423913044,62.285714285714285,18,5.4304508024994895,0.0754755434782616,descending,True,2.6702947845804985,PHRASE_30
382,Sonny Rollins,9,1.5959183673469255,7,4.386189258312057,68.42857142857143,6,2.060315014550851,0.0843989769820858,descending,False,0.7979591836734627,PHRASE_41
382,Sonny Rollins,10,6.391836734693882,25,3.9112388250319254,65.44,22,6.986157742278656,0.1047254150702463,descending,True,3.195918367346941,PHRASE_42
382,Sonny Rollins,11,18.142766439909295,69,3.803168619765629,58.333333333333336,22,5.3179124886288776,0.1445276566811974,flat,True,9.071383219954647,PHRASE_11
382,Sonny Rollins,12,4.40408163265306,21,4.768303985171456,62.95238095238095,16,4.664722627146079,0.081433426011745,descending,False,2.20204081632653,PHRASE_60
382,Sonny Rollins,13,6.180680272108873,29,4.692040151448424,62.93103448275862,17,4.509996823018673,0.1664025124005649,descending,True,3.0903401360544365,PHRASE_22
382,Sonny Rollins,14,1.1761451247165553,4,3.4009408498496123,69.25,12,4.437059837324712,0.2438497724994208,ascending,False,0.5880725623582777,PHRASE_02
382,Sonny Rollins,15,4.371700680272113,15,3.431158969251833,63.8,16,4.578209256903839,0.1531598821527909,descending,False,2.1858503401360565,PHRASE_35
382,Sonny Rollins,16,5.118367346938783,17,3.3213716108452904,61.76470588235294,15,4.759256142627949,0.0933014354066916,descending,True,2.5591836734693914,PHRASE_30
382,Sonny Rollins,17,2.7265306122448862,13,4.767964071856308,56.84615384615385,16,5.390107089647646,0.1122754491017817,descending,True,1.3632653061224431,PHRASE_60
382,Sonny Rollins,18,0.5877551020408305,4,6.805555555555392,65.25,5,1.920286436967152,0.1111111111111218,descending,True,0.2938775510204152,PHRASE_47
383,Sonny Rollins,1,4.760090702947845,10,2.100800304878049,57.4,9,2.6907248094147422,0.146341463414634,flat,True,2.3800453514739224,PHRASE_21
383,Sonny Rollins,2,3.6653061224489782,8,2.1826280623608025,63.0,16,4.092676385936225,0.1915367483296208,descending,True,1.8326530612244891,PHRASE_18
383,Sonny Rollins,3,10.4,20,1.9230769230769231,54.5,12,2.958039891549808,0.1381475667189957,flat,False,5.199999999999999,PHRASE_57
383,Sonny Rollins,4,5.861224489795916,10,1.706128133704736,58.8,17,5.546169849544819,0.3774373259052928,ascending,False,2.930612244897958,PHRASE_43
383,Sonny Rollins,5,4.408163265306122,10,2.2685185185185186,58.3,7,2.147091055358389,0.1222222222222192,flat,False,2.204081632653061,PHRASE_21
383,Sonny Rollins,6,3.608163265306125,8,2.217194570135745,66.25,8,2.633913438213185,0.2647058823529414,descending,False,1.8040816326530624,PHRASE_24
383,Sonny Rollins,7,7.053061224489788,16,2.268518518518521,56.875,8,2.394655507583502,0.1168981481481473,flat,False,3.526530612244894,PHRASE_57
383,Sonny Rollins,8,13.093877551020404,23,1.756546134663342,63.21739130434783,12,3.335663961533327,0.2503117206982542,descending,False,6.546938775510203,PHRASE_45
383,Sonny Rollins,9,2.0653061224489733,5,2.420948616600798,55.2,8,2.925747767665559,0.1936758893280597,descending,True,1.0326530612244866,PHRASE_17
383,Sonny Rollins,10,10.053061224489795,23,2.2878603329273246,58.78260869565217,20,5.830627691909638,0.1900121802679662,descending,False,5.026530612244898,PHRASE_19
383,Sonny Rollins,11,3.8643990929705296,9,2.328952000938852,58.666666666666664,15,4.737556801183965,0.186527402886984,descending,True,1.9321995464852648,PHRASE_30
383,Sonny Rollins,12,8.551020408163268,16,1.8711217183770876,61.5625,12,4.387037012608852,0.3426571201272881,descending,True,4.275510204081634,PHRASE_43
383,Sonny Rollins,13,3.281632653061223,10,3.047263681592041,60.0,11,3.5777087639996634,0.2139303482587021,descending,False,1.6408163265306115,PHRASE_18
383,Sonny Rollins,14,12.746938775510188,25,1.9612552033301336,55.56,17,4.243394867320268,0.1754723022734519,descending,False,6.373469387755094,PHRASE_19
383,Sonny Rollins,15,11.42857142857143,24,2.0999999999999996,62.916666666666664,15,4.8383594556649285,0.1654841269841277,descending,True,5.714285714285715,PHRASE_48
383,Sonny Rollins,16,4.122448979591866,6,1.4554455445544452,66.0,2,1.0,0.1346534653465499,flat,False,2.061224489795933,PHRASE_00
383,Sonny Rollins,17,2.453061224489801,5,2.038269550748748,67.0,17,6.2289646009589745,0.2828618968386069,ascending,False,1.2265306122449005,PHRASE_43
383,Sonny Rollins,18,2.3454875283446768,4,1.7054023744150932,70.5,6,2.29128784747792,0.341969913763093,descending,False,1.1727437641723384,PHRASE_56
383,Sonny Rollins,19,2.1061224489795904,6,2.8488372093023275,69.5,5,1.8929694486000912,0.2441860465116238,arch,True,1.0530612244897952,PHRASE_24
383,Sonny Rollins,20,4.1061224489795904,10,2.435387673956263,69.7,7,2.3685438564654024,0.3290921139827654,ascending,False,2.0530612244897952,PHRASE_02
383,Sonny Rollins,21,2.4448979591836633,6,2.4540901502504275,69.5,5,1.8929694486000912,0.1836393989983244,arch,True,1.2224489795918316,PHRASE_24
383,Sonny Rollins,22,4.423401360544233,12,2.712844488188967,63.916666666666664,16,4.733890812241261,0.0983636811023567,descending,False,2.2117006802721164,PHRASE_06
384,Sonny Rollins,1,3.5520181405895697,5,1.4076504685784323,62.6,8,3.006659275674582,0.0525778197696687,descending,False,1.7760090702947848,PHRASE_59
384,Sonny Rollins,2,5.379591836734695,9,1.6729893778452196,59.55555555555556,9,3.095197394929804,0.3629910639015336,descending,False,2.6897959183673477,PHRASE_62
384,Sonny Rollins,3,1.425124716553288,3,2.1050789205702647,54.0,3,1.4142135623730951,0.09572301425662,flat,False,0.712562358276644,PHRASE_21
384,Sonny Rollins,4,0.8388208616780055,2,2.3842993079584747,61.0,2,1.0,0.0484429065743959,arch,False,0.4194104308390027,PHRASE_27
384,Sonny Rollins,5,1.4744671201814086,4,2.7128444881889715,56.5,4,1.6583123951777,0.188976377952757,descending,False,0.7372335600907043,PHRASE_21
384,Sonny Rollins,6,2.147845804988659,5,2.327913851351355,59.2,9,3.3105890714493698,0.0959459459459464,descending,True,1.0739229024943295,PHRASE_21
384,Sonny Rollins,7,3.2653061224489797,7,2.14375,64.28571428571429,10,3.282607226593159,0.0876666666666675,arch,False,1.6326530612244898,PHRASE_52
384,Sonny Rollins,8,1.477369614512476,4,2.707514734774059,64.25,5,1.7853571071357126,0.0687622789783885,arch,False,0.738684807256238,PHRASE_27
384,Sonny Rollins,9,2.351020408163265,5,2.126736111111111,59.0,2,0.8944271909999159,0.1163194444444464,flat,True,1.1755102040816323,PHRASE_21
384,Sonny Rollins,10,2.258140589569159,4,1.771368894601544,55.25,5,1.7853571071357126,0.0951357647814901,flat,False,1.1290702947845794,PHRASE_21
384,Sonny Rollins,11,5.591836734693878,13,2.324817518248175,64.38461538461539,10,3.2708140962260464,0.1445255474452576,flat,False,2.795918367346939,PHRASE_18
384,Sonny Rollins,12,2.2326530612244895,5,2.2394881170018284,69.0,3,1.095445115010332,0.199268738574042,flat,False,1.1163265306122447,PHRASE_24
384,Sonny Rollins,13,3.955102040816321,6,1.5170278637770918,64.33333333333333,5,1.795054935711501,0.2167182662538713,arch,True,1.9775510204081608,PHRASE_24
384,Sonny Rollins,14,2.2066213151927556,4,1.8127260769483624,58.5,8,2.958039891549808,0.2534939164748457,ascending,False,1.1033106575963778,PHRASE_62
384,Sonny Rollins,15,13.105850340136058,29,2.2127522631010708,59.51724137931034,24,6.295157907444981,0.145101458904302,arch,False,6.552925170068029,PHRASE_26
384,Sonny Rollins,16,2.3626303854875346,5,2.1162853194103137,70.6,7,3.006659275674582,0.3390663390663462,ascending,False,1.1813151927437673,PHRASE_02
384,Sonny Rollins,17,6.414512471655328,14,2.1825509049773757,66.64285714285714,12,3.791101288490171,0.1837104072398214,descending,False,3.207256235827664,PHRASE_25
384,Sonny Rollins,18,13.055419501133798,28,2.144703201422853,62.17857142857143,16,4.652599668300443,0.1890006669630935,flat,False,6.527709750566899,PHRASE_48
384,Sonny Rollins,19,4.481451247165538,12,2.677704015544039,57.916666666666664,11,3.2521360501813095,0.1878238341968907,arch,False,2.240725623582769,PHRASE_18
385,Sonny Rollins,1,8.58775510204082,15,1.7466730038022806,52.2,7,3.0594117081556713,0.4496197718631178,descending,False,4.29387755102041,PHRASE_62
385,Sonny Rollins,2,7.96734693877551,17,2.1337090163934427,52.52941176470589,7,2.746498242336177,0.3883196721311485,descending,False,3.983673469387755,PHRASE_62
385,Sonny Rollins,3,8.61224489795918,29,3.367298578199054,56.827586206896555,17,4.25132000204757,0.0635071090047383,descending,False,4.30612244897959,PHRASE_19
385,Sonny Rollins,4,5.7387755102040785,10,1.7425320056899014,54.4,17,4.340506882842141,0.5334281650071128,descending,False,2.8693877551020393,PHRASE_62
385,Sonny Rollins,5,11.461224489795915,22,1.9195156695156697,52.45454545454545,9,3.1727142484754816,0.4294871794871799,descending,False,5.730612244897959,PHRASE_45
385,Sonny Rollins,6,7.477551020408171,26,3.4770742358078564,59.15384615384615,13,3.8699265317246976,0.0807860262008725,flat,False,3.7387755102040856,PHRASE_50
385,Sonny Rollins,7,15.8204081632653,60,3.792569659442726,61.86666666666667,24,5.38041716680862,0.0717234262125918,descending,False,7.910204081632649,PHRASE_23
385,Sonny Rollins,8,2.6530612244897895,9,3.3923076923077007,59.666666666666664,10,3.197221015541813,0.0338461538461526,ascending,False,1.3265306122448948,PHRASE_50
385,Sonny Rollins,9,2.244897959183674,5,2.227272727272726,67.4,11,3.929376540877701,0.0545454545454547,descending,False,1.122448979591837,PHRASE_59
385,Sonny Rollins,10,8.865306122448985,16,1.8047882136279916,65.3125,9,2.567069097239106,0.3333333333333301,ascending,False,4.432653061224492,PHRASE_14
385,Sonny Rollins,11,3.110204081632645,6,1.9291338582677215,71.66666666666667,12,3.858612300930075,0.2650918635170565,arch,True,1.5551020408163223,PHRASE_08
385,Sonny Rollins,12,19.559183673469363,64,3.272120200333894,59.796875,24,5.927108505365411,0.0767946577629359,descending,True,9.77959183673468,PHRASE_11
385,Sonny Rollins,13,1.1591836734693857,6,5.176056338028179,68.33333333333333,5,1.699673171197595,0.0492957746479056,arch,False,0.5795918367346928,PHRASE_41
385,Sonny Rollins,14,7.29795918367347,22,3.0145413870246083,60.18181818181818,18,5.920967086521375,0.0816554809843362,descending,False,3.648979591836735,PHRASE_63
385,Sonny Rollins,15,4.702040816326559,9,1.914062499999989,50.666666666666664,13,4.714045207910317,0.0815972222222346,arch,False,2.3510204081632793,PHRASE_17
385,Sonny Rollins,16,2.6693877551020364,9,3.3715596330275286,62.77777777777778,9,3.119037521692934,0.1743119266054886,ascending,False,1.3346938775510182,PHRASE_16
385,Sonny Rollins,17,3.0367346938775484,12,3.95161290322581,64.41666666666667,14,3.773997291408084,0.080645161290323,descending,False,1.5183673469387742,PHRASE_50
385,Sonny Rollins,18,10.155102040816304,33,3.2495980707395575,65.57575757575758,13,3.55076008107443,0.0627009646302328,ascending,True,5.077551020408151,PHRASE_48
385,Sonny Rollins,19,7.918367346938794,18,2.2731958762886544,62.5,12,3.515837184954831,0.1092783505154661,descending,False,3.959183673469397,PHRASE_49
385,Sonny Rollins,20,2.8816326530612173,10,3.4702549575070907,64.0,16,4.898979485566356,0.0991501416430569,ascending,False,1.4408163265306086,PHRASE_06
385,Sonny Rollins,21,10.424489795918362,31,2.9737666405638232,62.58064516129032,17,4.397757445734001,0.1613155833986018,ascending,True,5.212244897959181,PHRASE_19
385,Sonny Rollins,22,2.0653061224489875,6,2.9051383399209376,67.33333333333333,4,1.247219128924647,0.047430830039545,flat,False,1.0326530612244935,PHRASE_27
386,Sonny Rollins,1,9.333333333333334,35,3.75,62.91428571428571,20,5.432028974104447,0.0630320699708454,descending,True,4.666666666666667,PHRASE_13
386,Sonny Rollins,2,2.138775510204084,8,3.740458015267171,67.875,7,2.2603926650031405,0.1068702290076347,flat,False,1.069387755102042,PHRASE_16
386,Sonny Rollins,3,8.69387755102041,27,3.1056338028169006,62.851851851851855,14,3.535048888589632,0.2117370892018781,ascending,False,4.346938775510205,PHRASE_09
386,Sonny Rollins,4,10.391836734693875,11,1.0585231736056562,61.63636363636363,8,2.9005556606443306,0.0604870384917508,arch,False,5.195918367346938,PHRASE_57
386,Sonny Rollins,5,3.436734693877547,19,5.5285035629453745,61.31578947368421,19,5.938745495552223,0.0617577197149657,descending,False,1.7183673469387737,PHRASE_60
386,Sonny Rollins,6,4.710204081632654,17,3.609185441941074,66.23529411764706,13,3.9783149220966862,0.0537261698440227,flat,True,2.355102040816327,PHRASE_50
386,Sonny Rollins,7,18.946938775510205,72,3.800086169754416,60.916666666666664,18,4.199040895781374,0.0682895303748388,flat,True,9.473469387755102,PHRASE_11
386,Sonny Rollins,8,6.130612244897961,23,3.7516644474034617,64.0,7,2.303116980547657,0.0479360852197035,flat,False,3.0653061224489804,PHRASE_50
386,Sonny Rollins,9,5.330612244897964,10,1.8759571209800905,72.5,7,2.1563858652847827,0.2679938744257276,arch,False,2.665306122448982,PHRASE_51
386,Sonny Rollins,10,6.661224489795927,24,3.602941176470583,66.625,14,4.04981995484573,0.1740196078431409,descending,False,3.3306122448979636,PHRASE_09
386,Sonny Rollins,11,21.94902494331066,79,3.5992487230771766,67.68354430379746,17,3.9635820131062576,0.088715142899647,descending,False,10.97451247165533,PHRASE_31
386,Sonny Rollins,12,3.0418140589569305,7,2.3012583492366305,63.42857142857143,14,5.260557897006277,0.1164122137404567,descending,False,1.5209070294784652,PHRASE_52
386,Sonny Rollins,13,11.371972789115633,34,2.9898066615620253,60.47058823529411,17,4.306187710162634,0.0653394589076073,descending,False,5.6859863945578155,PHRASE_48
387,Sonny Rollins,1,3.6919727891156455,5,1.3542895047169814,60.4,4,1.9595917942265424,0.006289308176101,descending,False,1.8459863945578228,PHRASE_21
387,Sonny Rollins,2,2.612244897959185,7,2.6796874999999987,59.142857142857146,4,1.8070158058105024,0.0044444444444448,descending,True,1.3061224489795924,PHRASE_21
387,Sonny Rollins,3,2.1365986394557837,5,2.340168110035658,58.2,8,2.925747767665559,0.1513202581083389,ascending,False,1.0682993197278918,PHRASE_21
387,Sonny Rollins,4,3.959092970521546,7,1.7680817429952558,61.57142857142857,7,2.5555062599997593,0.0938853123782905,descending,True,1.979546485260773,PHRASE_21
387,Sonny Rollins,5,8.961723356009074,26,2.9012276955153173,59.88461538461539,20,5.25010566250391,0.0923403135532328,flat,False,4.480861678004537,PHRASE_19
387,Sonny Rollins,6,3.5411337868480715,9,2.5415588740042527,59.333333333333336,19,6.073622386096199,0.2931789657027243,ascending,False,1.7705668934240355,PHRASE_43
387,Sonny Rollins,7,2.716734693877555,6,2.20853365384615,60.5,14,4.536885862938733,0.0897435897435924,descending,False,1.3583673469387776,PHRASE_52
387,Sonny Rollins,8,10.073424036281182,28,2.779591120075274,58.42857142857143,17,4.739112118685249,0.2284271043899903,descending,False,5.036712018140591,PHRASE_19
387,Sonny Rollins,9,4.644081632653062,7,1.5072947793988396,66.14285714285714,14,4.453844933748542,0.2900138669166619,ascending,True,2.322040816326531,PHRASE_43
387,Sonny Rollins,10,4.1677551020408075,7,1.6795612574674406,64.14285714285714,14,4.453844933748542,0.3362060522965445,ascending,True,2.0838775510204037,PHRASE_43
387,Sonny Rollins,11,2.748117913832189,9,3.2749686447950483,66.0,12,4.0,0.1456201729487108,arch,False,1.3740589569160946,PHRASE_35
387,Sonny Rollins,12,2.484444444444449,5,2.012522361359567,52.4,10,3.929376540877701,0.0514037457558993,descending,False,1.2422222222222246,PHRASE_17
387,Sonny Rollins,13,3.947346938775525,11,2.7866818322820706,53.45454545454545,17,4.774242183818503,0.1702340330196864,ascending,True,1.9736734693877624,PHRASE_30
387,Sonny Rollins,14,5.456598639455777,12,2.1991721936867323,69.08333333333333,7,1.8008485654145256,0.417942452500874,descending,False,2.7282993197278884,PHRASE_14
387,Sonny Rollins,15,6.048798185941038,8,1.322576775431863,67.25,7,2.48746859276655,0.0172744721689085,descending,True,3.024399092970519,PHRASE_00
387,Sonny Rollins,16,3.752154195011329,10,2.665135674140334,60.3,12,4.001249804748511,0.1086722668761693,descending,False,1.8760770975056644,PHRASE_52
387,Sonny Rollins,17,1.5660770975056693,7,4.469767172477701,60.285714285714285,11,4.266624149448022,0.1139233175026162,ascending,False,0.7830385487528346,PHRASE_03
387,Sonny Rollins,18,3.5178231292516955,10,2.842667079207925,63.3,9,2.2825424421026654,0.0924092409240954,ascending,False,1.7589115646258475,PHRASE_59
387,Sonny Rollins,19,12.1015873015873,25,2.0658447009443863,67.92,12,3.321686318724271,0.2681719382401439,descending,False,6.050793650793651,PHRASE_45
387,Sonny Rollins,20,4.870113378684806,14,2.874676401020618,63.92857142857143,21,6.017406723287814,0.0980760993052994,descending,True,2.435056689342403,PHRASE_42
387,Sonny Rollins,21,2.0453514739229206,4,1.955654101995548,64.0,10,3.9370039370059056,0.0153436807095479,ascending,False,1.0226757369614603,PHRASE_59
387,Sonny Rollins,22,0.3947392290249354,1,2.533318014705933,67.0,0,0.0,0.0,flat,False,0.1973696145124677,PHRASE_27
387,Sonny Rollins,23,7.517641723356036,24,3.192490528703446,55.958333333333336,16,5.28739985458091,0.2283789001230668,descending,False,3.758820861678018,PHRASE_19
387,Sonny Rollins,24,2.8793197278911578,7,2.431129802012946,68.85714285714286,12,4.120630029101703,0.1116256359369247,ascending,True,1.4396598639455789,PHRASE_52
387,Sonny Rollins,25,7.904489795918352,24,3.0362490963544415,61.666666666666664,19,5.241395064505463,0.2944278058912054,descending,False,3.952244897959176,PHRASE_01
387,Sonny Rollins,26,10.959773242630376,30,2.737282910499334,59.93333333333333,18,4.6614256283768905,0.1653294049978597,descending,False,5.479886621315188,PHRASE_19
387,Sonny Rollins,27,3.3437188208616817,6,1.7944092555168232,57.5,6,2.0615528128088303,0.2510138480109445,arch,False,1.6718594104308409,PHRASE_62
387,Sonny Rollins,28,11.497641723355995,28,2.4352820059718474,58.67857142857143,15,4.543862197896123,0.3308181111772924,descending,False,5.7488208616779986,PHRASE_45
387,Sonny Rollins,29,3.4565079365079328,11,3.1824026451138905,64.18181818181819,11,3.537286628789767,0.1500997165949379,ascending,False,1.7282539682539664,PHRASE_35
387,Sonny Rollins,30,3.261632653061241,10,3.0659491928419316,65.9,14,3.9862262855989496,0.1242647978976376,descending,True,1.6308163265306206,PHRASE_52
387,Sonny Rollins,31,4.4780952380952215,13,2.9030199914929926,69.15384615384616,13,3.5048571538136977,0.0543841526401979,descending,False,2.2390476190476107,PHRASE_55
387,Sonny Rollins,32,2.05523809523811,5,2.4328081556997043,67.2,9,3.3105890714493698,0.0952601615252304,descending,True,1.027619047619055,PHRASE_59
387,Sonny Rollins,33,1.5998639455782495,4,2.500212603112481,67.0,10,3.8078865529319543,0.1041188309663548,descending,False,0.7999319727891248,PHRASE_59
387,Sonny Rollins,34,1.6601814058956847,6,3.614062884147855,66.5,9,3.3541019662496847,0.1119184855355598,descending,True,0.8300907029478424,PHRASE_16
387,Sonny Rollins,35,4.714376417233552,14,2.969639833769437,64.5,16,4.836616290637199,0.1033169154994608,descending,True,2.357188208616776,PHRASE_06
387,Sonny Rollins,36,11.364943310657624,31,2.727686285151053,61.774193548387096,14,3.8580429387680137,0.1101649261563409,flat,False,5.682471655328811,PHRASE_48
387,Sonny Rollins,37,3.562312925170062,13,3.6493144406676152,61.53846153846154,7,2.706555705501412,0.0536735031636223,flat,False,1.781156462585031,PHRASE_50
387,Sonny Rollins,38,4.086802721088418,10,2.446900592582739,57.1,7,2.6248809496813377,0.1411434405308841,flat,False,2.043401360544209,PHRASE_21
387,Sonny Rollins,39,9.344172335600888,48,5.136891559364985,60.9375,20,4.801936458346778,0.1445114759826819,descending,False,4.672086167800444,PHRASE_23
388,Sonny Rollins,1,6.237278911564625,10,1.6032632405549254,58.5,7,2.5,0.3797807055812465,ascending,False,3.1186394557823127,PHRASE_62
388,Sonny Rollins,2,12.376235827664395,30,2.4240003517823645,56.6,16,3.6110940170535577,0.2955814669324582,descending,True,6.1881179138321984,PHRASE_45
388,Sonny Rollins,3,6.06154195011338,18,2.9695414381588687,59.5,21,5.909032633745278,0.164076703801523,flat,False,3.03077097505669,PHRASE_42
388,Sonny Rollins,4,9.97877551020408,25,2.5053174083769636,55.64,19,4.757141999141922,0.1442699243746354,ascending,True,4.98938775510204,PHRASE_19
388,Sonny Rollins,5,1.8019047619047583,6,3.3298097251585688,56.333333333333336,10,3.448026810929534,0.2291855431390322,descending,False,0.9009523809523792,PHRASE_53
388,Sonny Rollins,6,3.669387755102043,8,2.180200222469409,54.75,8,2.633913438213185,0.1070819428995212,ascending,False,1.8346938775510215,PHRASE_17
388,Sonny Rollins,7,12.06122448979592,30,2.487309644670051,58.7,22,5.273518749374084,0.1606091370558371,descending,True,6.030612244897959,PHRASE_26
388,Sonny Rollins,8,8.70204081632653,23,2.6430581613508446,53.56521739130435,17,4.230593410493962,0.1636960600375203,arch,False,4.351020408163265,PHRASE_19
388,Sonny Rollins,9,9.577777777777769,22,2.2969837587006983,54.59090909090909,16,4.509173386342465,0.210331928595102,arch,True,4.788888888888884,PHRASE_19
388,Sonny Rollins,10,3.4753741496598565,7,2.0141716254306337,52.142857142857146,13,4.120630029101703,0.200203570310051,ascending,False,1.7376870748299282,PHRASE_17
388,Sonny Rollins,11,8.734693877551024,29,3.320093457943924,61.37931034482759,20,5.573420871783407,0.23411214953271,descending,False,4.367346938775512,PHRASE_01
388,Sonny Rollins,12,13.750476190476192,36,2.618091148358498,58.416666666666664,21,5.314419587834174,0.1339652636231114,descending,False,6.875238095238096,PHRASE_26
388,Sonny Rollins,13,16.680816326530604,31,1.8584222374473929,55.87096774193548,18,4.316075991766289,0.1089850249584025,flat,False,8.340408163265302,PHRASE_07
388,Sonny Rollins,14,4.116462585034043,8,1.9434161819143172,53.75,4,1.3919410907075054,0.082319760267943,flat,False,2.0582312925170214,PHRASE_21
388,Sonny Rollins,15,4.151020408163248,9,2.168141592920363,54.0,5,1.699673171197595,0.1225172074729534,flat,False,2.075510204081624,PHRASE_21
388,Sonny Rollins,16,4.080907029478453,9,2.2053920697012828,48.55555555555556,6,1.9499920860871385,0.1338237908961516,descending,False,2.040453514739226,PHRASE_17
388,Sonny Rollins,17,19.373333333333335,47,2.4260151410874053,56.8936170212766,22,6.332066458950138,0.1512236002453265,flat,False,9.686666666666667,PHRASE_11
388,Sonny Rollins,18,18.668027210884333,41,2.1962684935500354,61.04878048780488,24,6.044353218489401,0.2419211427738474,flat,False,9.334013605442166,PHRASE_11
388,Sonny Rollins,19,14.439999999999998,56,3.8781163434903054,65.17857142857143,12,3.391729135796702,0.1989685994434638,descending,True,7.219999999999999,PHRASE_07
388,Sonny Rollins,20,16.81632653061223,59,3.508495145631071,65.33898305084746,18,4.608798400302185,0.2432308522114283,descending,False,8.408163265306115,PHRASE_44
388,Sonny Rollins,21,20.485714285714295,54,2.635983263598326,64.48148148148148,16,3.303986036765069,0.2425627061610354,descending,False,10.242857142857147,PHRASE_11
388,Sonny Rollins,22,23.98575963718821,43,1.7927303804600612,59.7906976744186,19,4.577793413480584,0.2565959393895825,descending,True,11.992879818594105,PHRASE_11
389,Sonny Rollins,1,11.06938775510204,32,2.890855457227139,65.0,22,5.356071321407137,0.2234349393641432,flat,True,5.53469387755102,PHRASE_26
389,Sonny Rollins,2,7.273469387755103,14,1.924803591470258,68.71428571428571,10,2.913725436338734,0.1121710936525757,descending,False,3.636734693877551,PHRASE_49
389,Sonny Rollins,3,9.269387755102038,19,2.049757815940115,69.26315789473684,12,3.5070171050437224,0.172239346347669,flat,True,4.634693877551019,PHRASE_25
389,Sonny Rollins,4,13.249705215419503,31,2.339674694341379,67.48387096774194,15,3.925688497180981,0.226166842371884,flat,False,6.624852607709752,PHRASE_29
389,Sonny Rollins,5,14.355102040816329,41,2.856127381290873,68.90243902439025,15,3.518625549625464,0.1825419391526872,flat,True,7.177551020408163,PHRASE_07
389,Sonny Rollins,6,3.746938775510202,7,1.8681917211328989,63.714285714285715,14,4.462999814803802,0.2581699346405238,descending,False,1.873469387755101,PHRASE_43
389,Sonny Rollins,7,15.968616780045338,39,2.4422904336169604,68.48717948717949,15,3.774895446823795,0.1308802980903583,flat,False,7.984308390022669,PHRASE_07
389,Sonny Rollins,8,13.685895691609986,31,2.265105675107861,60.0,20,6.520439328163254,0.2145048943911668,descending,False,6.842947845804993,PHRASE_26
389,Sonny Rollins,9,13.87646258503402,36,2.59432112322535,66.30555555555556,17,4.287057035390521,0.2069476037336253,descending,False,6.93823129251701,PHRASE_07
389,Sonny Rollins,10,18.59337868480725,55,2.958042265064004,59.61818181818182,15,4.404505581956686,0.1868560724320918,ascending,True,9.296689342403624,PHRASE_11
389,Sonny Rollins,11,11.37197278911566,33,2.9018711715160763,63.21212121212121,17,4.168842407145016,0.1413986727922419,flat,True,5.68598639455783,PHRASE_48
389,Sonny Rollins,12,15.918367346938766,43,2.701282051282053,65.93023255813954,14,2.999188640958792,0.1258347578347596,descending,False,7.959183673469383,PHRASE_07
389,Sonny Rollins,13,6.761088435374148,11,1.6269569766973884,61.18181818181818,10,2.854603357837742,0.2895855971881212,descending,False,3.380544217687074,PHRASE_62
389,Sonny Rollins,14,9.630476190476202,22,2.2844145569620227,59.59090909090909,20,5.449429418914932,0.2077211422543704,ascending,False,4.815238095238101,PHRASE_19
389,Sonny Rollins,15,4.228843537414946,10,2.3647126954507547,64.2,5,1.6613247725836149,0.2346266863994125,flat,False,2.114421768707473,PHRASE_24
389,Sonny Rollins,16,3.897959183673464,8,2.052356020942411,62.25,5,1.7853571071357126,0.12670157068062,descending,False,1.948979591836732,PHRASE_21
389,Sonny Rollins,17,12.47346938775513,27,2.1645942408376913,59.666666666666664,13,4.009248567259714,0.2503272251308963,flat,False,6.236734693877565,PHRASE_45
389,Sonny Rollins,18,8.252154195011343,26,3.1506924598812907,59.73076923076923,17,4.6621032914974885,0.1551989448230467,descending,False,4.1260770975056715,PHRASE_19
389,Sonny Rollins,19,3.795918367346928,15,3.951612903225817,55.93333333333333,16,4.419150245113747,0.1419354838709553,ascending,False,1.897959183673464,PHRASE_30
389,Sonny Rollins,20,17.983673469387753,58,3.225147526100772,62.44827586206897,20,5.209978535243041,0.187224491854547,ascending,True,8.991836734693877,PHRASE_11
389,Sonny Rollins,21,15.102040816326536,51,3.377027027027026,59.05882352941177,19,4.774982864997003,0.1597297297297381,descending,True,7.551020408163268,PHRASE_07
389,Sonny Rollins,22,12.345396825396849,36,2.9160666529520625,64.69444444444444,17,4.067619044521995,0.1754709495400804,flat,False,6.1726984126984235,PHRASE_48
389,Sonny Rollins,23,8.828571428571479,28,3.1715210355986874,61.07142857142857,15,4.250450156231954,0.1585760517799317,ascending,True,4.4142857142857395,PHRASE_19
389,Sonny Rollins,24,22.29795918367347,60,2.6908292147171884,63.11666666666667,20,4.816955008670473,0.3057701303719934,descending,False,11.148979591836737,PHRASE_11
389,Sonny Rollins,25,26.64081632653057,76,2.852765435881727,61.61842105263158,24,5.638138702909055,0.2976763188805486,descending,True,13.320408163265284,PHRASE_54
389,Sonny Rollins,26,4.029931972789086,8,1.9851451721809736,62.625,14,4.270172713134681,0.0823767724510454,descending,False,2.014965986394543,PHRASE_52
389,Sonny Rollins,27,4.420408163265279,7,1.5835641735918842,68.42857142857143,12,4.030495994190252,0.2165179029444792,flat,False,2.2102040816326394,PHRASE_39
389,Sonny Rollins,28,5.758458049886599,13,2.2575487895159725,64.23076923076923,9,2.777764628502737,0.2536897317560935,descending,False,2.8792290249432995,PHRASE_18
389,Sonny Rollins,29,2.48888888888888,13,5.223214285714304,63.69230769230769,17,5.223977491184506,0.1670189504373206,ascending,True,1.24444444444444,PHRASE_60
389,Sonny Rollins,30,15.501224489795902,74,4.773816420032656,60.027027027027025,24,5.789022633685551,0.1773687690534251,ascending,False,7.750612244897951,PHRASE_44
389,Sonny Rollins,31,7.0,21,3.0,58.23809523809524,15,3.689170275856488,0.2927113702623956,flat,True,3.5,PHRASE_18
389,Sonny Rollins,32,2.0530612244897384,4,1.9483101391650648,64.0,0,0.0,0.37972166998011,flat,False,1.0265306122448692,PHRASE_56
390,Sonny Rollins,1,11.314285714285711,3,0.2651515151515152,59.666666666666664,9,3.858612300930075,0.0533910533910532,ascending,False,5.657142857142856,PHRASE_57
390,Sonny Rollins,2,7.355283446712015,4,0.543826764662359,55.5,5,1.8027756377319943,0.0469590095200503,flat,True,3.677641723356007,PHRASE_57
390,Sonny Rollins,3,9.133061224489794,16,1.751877011083304,57.8125,17,3.9877742852373177,0.2222420847733686,flat,False,4.566530612244897,PHRASE_19
390,Sonny Rollins,4,1.8693877551020393,3,1.604803493449783,52.333333333333336,5,2.0548046676563256,0.2227074235807865,arch,False,0.9346938775510196,PHRASE_21
390,Sonny Rollins,5,5.069387755102049,7,1.3808373590982264,62.42857142857143,9,3.1102201510110343,0.254428341384864,arch,False,2.5346938775510246,PHRASE_18
390,Sonny Rollins,6,6.195918367346934,7,1.1297760210803698,56.285714285714285,7,2.657296462534039,0.17786561264822,flat,False,3.097959183673467,PHRASE_57
390,Sonny Rollins,7,6.073469387755097,18,2.9637096774193576,65.11111111111111,20,5.839414819320406,0.2540322580645096,flat,False,3.0367346938775484,PHRASE_43
390,Sonny Rollins,8,2.522448979591843,6,2.378640776699023,53.833333333333336,4,1.5723301886761003,0.2135922330097114,flat,False,1.2612244897959215,PHRASE_21
390,Sonny Rollins,9,4.26321995464852,12,2.8147738394110933,56.75,13,4.511559227879721,0.1983319858729446,ascending,False,2.13160997732426,PHRASE_18
390,Sonny Rollins,10,3.510204081632665,3,0.8546511627906948,53.666666666666664,4,1.699673171197595,0.0790697674418657,arch,False,1.7551020408163325,PHRASE_21
390,Sonny Rollins,11,1.5591836734693914,4,2.5654450261780046,66.25,3,1.299038105676658,0.1780104712042004,arch,False,0.7795918367346957,PHRASE_24
390,Sonny Rollins,12,5.812244897959175,2,0.3441011235955061,57.5,1,0.5,0.0126404494382013,arch,False,2.9061224489795876,PHRASE_00
390,Sonny Rollins,13,2.906122448979602,11,3.7851123595505487,59.63636363636363,11,3.4973425566675176,0.2275280898876378,arch,False,1.453061224489801,PHRASE_53
390,Sonny Rollins,14,2.1015873015873012,8,3.806646525679759,63.25,16,5.425633603552677,0.2205438066465215,descending,False,1.0507936507936506,PHRASE_35
390,Sonny Rollins,15,6.222947845804981,14,2.249737639925376,62.5,16,4.515845119449641,0.2005597014925348,descending,False,3.1114739229024906,PHRASE_18
390,Sonny Rollins,16,3.5294331065759934,7,1.9833213404605097,56.714285714285715,11,3.9175169145148825,0.1628289473684296,ascending,False,1.7647165532879967,PHRASE_17
390,Sonny Rollins,17,4.411791383219935,5,1.133326480263163,51.6,3,1.2,0.1960526315789477,flat,False,2.2058956916099675,PHRASE_21
390,Sonny Rollins,18,5.288344671201827,7,1.3236656147091077,56.0,11,4.0708019567928595,0.3106476399560922,descending,False,2.6441723356009135,PHRASE_62
390,Sonny Rollins,19,7.674195011337872,28,3.648591149773069,55.285714285714285,14,3.4729273660409197,0.2481089258698949,flat,False,3.837097505668936,PHRASE_19
390,Sonny Rollins,20,7.587120181405879,36,4.744883320581494,60.333333333333336,12,3.3747427885527643,0.1958684009181413,descending,True,3.793560090702939,PHRASE_13
390,Sonny Rollins,21,10.919183673469377,36,3.296949760765554,57.166666666666664,17,4.645786621588784,0.2721956406166861,descending,False,5.459591836734688,PHRASE_19
390,Sonny Rollins,22,7.447800453514759,21,2.8196244154325725,59.04761904761905,24,6.395505791652898,0.1535463756820039,descending,True,3.723900226757379,PHRASE_42
390,Sonny Rollins,23,3.732607709750596,8,2.143273716951772,59.125,12,3.7228181529588578,0.0964230171073166,ascending,False,1.866303854875298,PHRASE_52
390,Sonny Rollins,24,3.703582766439922,5,1.3500440830720957,54.8,8,2.925747767665559,0.0595611285266479,ascending,True,1.851791383219961,PHRASE_17
390,Sonny Rollins,25,3.1114739229024906,5,1.606955457089554,61.0,7,2.756809750418044,0.082089552238806,ascending,True,1.5557369614512453,PHRASE_21
390,Sonny Rollins,26,3.7732426303854822,6,1.590144230769233,64.83333333333333,14,4.524623986832743,0.1107692307692171,ascending,False,1.8866213151927411,PHRASE_52
390,Sonny Rollins,27,21.28108843537416,77,3.6182359860883784,59.896103896103895,18,4.697566144027914,0.198308783415167,descending,True,10.64054421768708,PHRASE_11
390,Sonny Rollins,28,5.207074829931969,7,1.3443248327759207,57.142857142857146,8,2.9485382057928993,0.1772575250836124,descending,False,2.6035374149659845,PHRASE_57
390,Sonny Rollins,29,4.9574603174602885,13,2.6223104508196875,56.38461538461539,11,3.1753488370077374,0.29508196721312,ascending,False,2.478730158730144,PHRASE_62
390,Sonny Rollins,30,1.729886621315245,5,2.8903628355703823,64.4,12,4.079215610874228,0.1476510067114213,descending,False,0.8649433106576225,PHRASE_52
390,Sonny Rollins,31,2.943129251700668,9,3.0579696745562255,64.0,17,5.41602560309064,0.2820512820512469,descending,False,1.471564625850334,PHRASE_43
390,Sonny Rollins,32,10.036825396825408,24,2.391194331983803,60.875,15,3.6550478793033614,0.1918377674956759,descending,False,5.018412698412703,PHRASE_19
390,Sonny Rollins,33,3.4829931972789723,4,1.14843749999998,54.25,3,1.299038105676658,0.0499999999999942,arch,False,1.741496598639486,PHRASE_21
390,Sonny Rollins,34,3.4133333333333553,6,1.757812499999989,57.166666666666664,11,3.975620147292188,0.1513605442177036,descending,False,1.7066666666666777,PHRASE_17
390,Sonny Rollins,35,2.229115646258492,5,2.243041992187511,59.6,4,1.4966629547095769,0.153645833333343,arch,False,1.114557823129246,PHRASE_21
391,Sonny Stitt,1,6.282630385487529,9,1.4325210059769582,58.55555555555556,12,3.654863156310784,0.253089538879104,ascending,True,3.1413151927437646,PHRASE_18
391,Sonny Stitt,2,8.983673469387757,21,2.337573830077237,59.714285714285715,14,2.6928981934473697,0.1028875763541825,ascending,True,4.491836734693878,PHRASE_57
391,Sonny Stitt,3,21.851020408163265,53,2.4255160175586066,63.16981132075472,19,4.677266775874777,0.1281653746770023,descending,False,10.925510204081633,PHRASE_11
391,Sonny Stitt,4,9.005714285714276,39,4.330583756345182,63.15384615384615,19,4.4866666373592885,0.1031091370558339,ascending,False,4.502857142857138,PHRASE_13
391,Sonny Stitt,5,11.61460317460319,25,2.1524626906466926,62.88,17,3.8711238678192665,0.0878712388032897,arch,False,5.807301587301595,PHRASE_48
391,Sonny Stitt,6,21.012380952380937,50,2.3795494719666426,63.4,21,4.68187996428785,0.1298575723631229,flat,True,10.506190476190469,PHRASE_11
391,Sonny Stitt,7,4.438866213151925,10,2.252827528428539,70.1,9,2.5475478405713994,0.1036811508321661,flat,True,2.2194331065759627,PHRASE_59
391,Sonny Stitt,8,9.72517006802721,18,1.8508673754896472,62.388888888888886,22,6.093155439497383,0.0850820742398814,descending,True,4.862585034013605,PHRASE_63
391,Sonny Stitt,9,10.940816326530625,24,2.1936205931729136,63.041666666666664,15,4.025741822598938,0.0823809819892667,descending,False,5.470408163265311,PHRASE_48
391,Sonny Stitt,10,15.392018140589585,28,1.8191246751563064,63.035714285714285,12,3.3645435145387093,0.2470196880322005,ascending,True,7.696009070294792,PHRASE_45
391,Sonny Stitt,11,3.7526530612244926,9,2.398303241244288,66.44444444444444,10,3.1308895119123044,0.0442317453411635,ascending,False,1.8763265306122463,PHRASE_59
391,Sonny Stitt,12,14.726530612244886,31,2.105044345898006,63.483870967741936,19,4.094614620031595,0.0653978812515383,flat,True,7.363265306122443,PHRASE_48
391,Sonny Stitt,13,6.212789115646245,20,3.219166082690967,65.9,17,5.008991914547277,0.0668068208362493,ascending,False,3.1063945578231227,PHRASE_63
391,Sonny Stitt,14,12.64045351473922,16,1.2657773695653742,59.3125,21,6.916635291093495,0.0535515675117149,descending,False,6.3202267573696105,PHRASE_26
392,Sonny Stitt,1,6.582857142857144,24,3.645833333333333,68.95833333333333,19,4.623122742139656,0.1164090057319222,ascending,False,3.291428571428572,PHRASE_63
392,Sonny Stitt,2,2.4128798185941065,6,2.486655138711373,72.0,9,3.0550504633038935,0.1819224118487359,descending,False,1.2064399092970532,PHRASE_39
392,Sonny Stitt,3,14.02204081632653,43,3.0666006869651277,62.44186046511628,22,4.770560522775101,0.1545542165557303,flat,False,7.011020408163265,PHRASE_07
392,Sonny Stitt,4,2.0636734693877585,6,2.9074367088607547,77.0,3,1.0,0.0436005625879113,flat,False,1.0318367346938793,PHRASE_34
392,Sonny Stitt,5,2.834467120181408,8,2.822399999999998,76.0,6,1.9364916731037085,0.0804480000000008,flat,False,1.417233560090704,PHRASE_12
392,Sonny Stitt,6,6.326530612244902,15,2.370967741935482,67.0,13,3.966526608171604,0.0871397849462372,flat,True,3.163265306122451,PHRASE_49
392,Sonny Stitt,7,7.575691609977326,21,2.772024137353032,62.95238095238095,15,4.11126432269512,0.1192979095328183,ascending,False,3.787845804988663,PHRASE_09
392,Sonny Stitt,8,2.518367346938774,4,1.5883306320907626,67.25,12,4.602988159880492,0.0923824959481388,descending,False,1.259183673469387,PHRASE_52
393,Sonny Stitt,1,6.15854875283447,9,1.461383251347609,62.44444444444444,12,3.5935470286213844,0.1449527232024505,ascending,False,3.079274376417235,PHRASE_52
393,Sonny Stitt,2,6.057142857142857,14,2.311320754716981,64.71428571428571,14,4.696937777935313,0.1195268044324644,descending,False,3.0285714285714285,PHRASE_52
393,Sonny Stitt,3,2.8444444444444414,7,2.4609375000000027,67.28571428571429,5,1.5779087167410373,0.1142857142857155,arch,False,1.4222222222222207,PHRASE_59
393,Sonny Stitt,4,10.094875283446711,32,3.1699252443933297,66.78125,12,3.654914285930656,0.1305347901092597,flat,True,5.047437641723356,PHRASE_09
393,Sonny Stitt,5,7.616145124716546,19,2.4947003620426855,65.3157894736842,20,6.489283729665373,0.0640243902439035,descending,False,3.808072562358273,PHRASE_63
393,Sonny Stitt,6,5.8601360544217656,17,2.900956537890046,66.52941176470588,19,5.852276048521369,0.1371966319960388,descending,False,2.9300680272108828,PHRASE_63
393,Sonny Stitt,7,5.0445351473922955,11,2.1805775316455676,64.81818181818181,13,3.688265959109235,0.0696202531645589,descending,False,2.5222675736961477,PHRASE_52
393,Sonny Stitt,8,1.4744671201814157,6,4.069266732283437,71.16666666666667,12,4.524623986832743,0.0885826771653548,ascending,False,0.7372335600907078,PHRASE_55
393,Sonny Stitt,9,1.7618140589569151,8,4.540774299835258,68.125,19,6.050568155140474,0.1499176276771113,ascending,False,0.8809070294784576,PHRASE_60
393,Sonny Stitt,10,2.2058956916099817,9,4.07997532894736,67.11111111111111,19,5.665577237325316,0.1078947368421135,ascending,False,1.1029478458049908,PHRASE_06
393,Sonny Stitt,11,2.5019501133786832,8,3.197505800464039,66.25,19,5.825590098865522,0.1832946635730856,ascending,False,1.2509750566893416,PHRASE_06
393,Sonny Stitt,12,9.195102040816336,27,2.936345880681815,69.92592592592592,11,3.054152315272341,0.1537247474747508,descending,False,4.597551020408169,PHRASE_09
393,Sonny Stitt,13,3.337868480725618,10,2.9959239130434834,66.9,11,3.961060464067672,0.0865217391304319,descending,True,1.668934240362809,PHRASE_55
393,Sonny Stitt,14,6.304761904761918,12,1.9033232628398753,70.58333333333333,10,2.9568658332016953,0.0590130916414943,flat,False,3.152380952380959,PHRASE_49
393,Sonny Stitt,15,11.894421768707502,25,2.1018255856515338,69.52,18,4.7254206161991545,0.1605661298194259,descending,False,5.947210884353751,PHRASE_48
393,Sonny Stitt,16,3.491700680272089,6,1.7183603491271917,70.0,11,3.829708431025352,0.0615128844555216,ascending,False,1.7458503401360446,PHRASE_59
393,Sonny Stitt,17,5.270929705215423,11,2.0869183645374436,68.27272727272727,11,3.3868974563994834,0.135462555066079,flat,True,2.6354648526077114,PHRASE_39
393,Sonny Stitt,18,8.208253968253956,23,2.8020575495049544,66.65217391304348,19,5.312894041874827,0.1796322489391759,descending,True,4.104126984126978,PHRASE_63
393,Sonny Stitt,19,2.583219954648513,5,1.935568820224729,60.6,7,2.4166091947189146,0.0382022471910106,descending,False,1.2916099773242564,PHRASE_21
393,Sonny Stitt,20,7.859954648526099,33,4.198497507385513,62.696969696969695,21,5.143308971945969,0.1266617429837568,ascending,True,3.92997732426305,PHRASE_13
393,Sonny Stitt,21,9.4273015873016,23,2.439722521551721,66.04347826086956,15,4.09111721606878,0.1527093596059086,descending,False,4.7136507936508,PHRASE_48
393,Sonny Stitt,22,8.185034013605417,16,1.9547872340425592,64.1875,15,4.018997853943194,0.1304964539007127,flat,True,4.092517006802709,PHRASE_04
393,Sonny Stitt,23,1.973696145124734,3,1.519990808823516,63.666666666666664,2,0.9428090415820634,0.0264705882353086,arch,False,0.986848072562367,PHRASE_27
393,Sonny Stitt,24,9.967165532879818,20,2.006588526499709,65.8,12,2.9597297173897483,0.1622015142690786,ascending,True,4.983582766439909,PHRASE_25
393,Sonny Stitt,25,13.171519274376436,30,2.2776415821947964,67.36666666666666,17,4.308776572944524,0.1018069634200091,flat,False,6.585759637188218,PHRASE_48
393,Sonny Stitt,26,5.259319727891153,14,2.6619412251655645,65.35714285714286,16,4.3195096093545295,0.1804463300220758,ascending,True,2.6296598639455766,PHRASE_18
393,Sonny Stitt,27,6.640907029478456,18,2.7104731206293717,62.05555555555556,19,5.410609148517817,0.0681818181818261,descending,False,3.320453514739228,PHRASE_63
393,Sonny Stitt,28,9.605941043083902,34,3.539476231168352,65.05882352941177,24,6.475933620951946,0.1182563700657675,flat,False,4.802970521541951,PHRASE_26
393,Sonny Stitt,29,13.7063038548753,19,1.38622346339139,60.31578947368421,17,4.95296436042888,0.0372174281327766,descending,False,6.853151927437651,PHRASE_48
394,Sonny Stitt,1,16.926349206349208,54,3.19029220901009,62.42592592592592,21,4.65316241269929,0.1744465819637434,arch,True,8.463174603174604,PHRASE_11
394,Sonny Stitt,2,10.521814058956911,29,2.7561787195158756,66.65517241379311,19,4.830048633073966,0.1346861719093478,descending,True,5.260907029478457,PHRASE_48
394,Sonny Stitt,3,6.371428571428567,24,3.7668161434977607,60.708333333333336,15,4.117838901926862,0.1921844971172313,arch,False,3.1857142857142833,PHRASE_09
394,Sonny Stitt,4,6.991836734693877,20,2.860478692352598,65.5,14,3.640054944640259,0.1315949925407008,flat,False,3.4959183673469383,PHRASE_09
394,Sonny Stitt,5,11.665306122448982,40,3.428971308607417,62.45,19,4.200892762258994,0.2041287613715879,descending,True,5.832653061224491,PHRASE_23
394,Sonny Stitt,6,3.1632653061224545,16,5.058064516129024,64.5625,19,4.872996383130199,0.2038709677419373,ascending,False,1.5816326530612272,PHRASE_60
394,Sonny Stitt,7,12.59591836734694,43,3.4138042773817237,62.27906976744186,19,4.696983601059395,0.1973428386260516,descending,True,6.29795918367347,PHRASE_23
395,Sonny Stitt,1,5.41750566893424,17,3.1379754888829363,71.6470588235294,12,4.255669940631981,0.2402893115456739,descending,False,2.70875283446712,PHRASE_08
395,Sonny Stitt,2,8.664988662131517,36,4.154650560286399,68.30555555555556,18,4.551064859791024,0.1110576092702415,flat,False,4.332494331065758,PHRASE_13
395,Sonny Stitt,3,3.2740136054421747,8,2.443484042553193,60.75,7,1.920286436967152,0.0726950354609932,flat,True,1.6370068027210871,PHRASE_21
395,Sonny Stitt,4,13.408072562358278,45,3.356187087347115,70.95555555555555,22,5.403519657719219,0.146058826712849,ascending,False,6.704036281179139,PHRASE_23
395,Sonny Stitt,5,4.89360544217687,12,2.4521797153024916,66.25,10,2.8613807855648994,0.0929715302491097,ascending,False,2.446802721088435,PHRASE_49
395,Sonny Stitt,6,3.8312925170068017,16,4.176136363636365,70.6875,15,4.26788516129476,0.0439393939393942,ascending,True,1.9156462585034009,PHRASE_55
395,Sonny Stitt,7,3.683673469387749,9,2.443213296398896,60.0,14,4.396968652757639,0.1052877808556487,descending,False,1.8418367346938744,PHRASE_30
395,Sonny Stitt,8,4.964716553287971,16,3.2227418883367505,67.625,18,5.588772226527039,0.0990390236772835,arch,True,2.4823582766439856,PHRASE_06
395,Sonny Stitt,9,6.344761904761896,31,4.8859201441008775,67.29032258064517,21,5.703386364693697,0.1387542708467339,flat,False,3.172380952380948,PHRASE_22
395,Sonny Stitt,10,2.237823129251709,7,3.1280398832684715,70.71428571428571,12,4.462999814803802,0.0480301556420236,ascending,False,1.1189115646258545,PHRASE_55
395,Sonny Stitt,11,5.581496598639461,16,2.8666146645865807,67.625,14,4.19635258289863,0.089703588143522,descending,False,2.7907482993197306,PHRASE_55
395,Sonny Stitt,12,7.177596371882089,22,3.0650929447891513,65.45454545454545,17,4.783753497062862,0.123058648098769,flat,True,3.5887981859410445,PHRASE_63
396,Sonny Stitt,1,3.0938775510204053,11,3.5554089709762566,71.9090909090909,7,2.0205555246266247,0.1372031662269124,descending,False,1.5469387755102026,PHRASE_40
396,Sonny Stitt,2,2.321179138321994,9,3.877339689734674,60.888888888888886,9,2.7666443551086073,0.2634910710796753,arch,True,1.160589569160997,PHRASE_53
396,Sonny Stitt,3,6.513197278911562,26,3.9918950534759374,61.76923076923077,15,4.4575579059847446,0.1296791443850279,ascending,False,3.256598639455781,PHRASE_22
396,Sonny Stitt,4,4.475646258503403,20,4.468628404669259,61.7,15,4.848711168960262,0.1186770428015556,flat,False,2.2378231292517015,PHRASE_60
396,Sonny Stitt,5,3.924172335600907,11,2.803138868343195,67.0,7,2.486326242032244,0.1423123150887582,flat,True,1.9620861678004535,PHRASE_39
396,Sonny Stitt,6,8.84390022675737,38,4.2967468001312765,63.78947368421053,19,4.856671454579621,0.1631933048900557,flat,False,4.421950113378685,PHRASE_13
396,Sonny Stitt,7,2.092698412698411,8,3.822815533980586,62.375,7,2.2325713874364688,0.1279472954230235,descending,False,1.0463492063492057,PHRASE_16
396,Sonny Stitt,8,4.620770975056693,17,3.679039729899494,60.294117647058826,15,4.585972292601877,0.1425879396984901,ascending,True,2.3103854875283467,PHRASE_35
396,Sonny Stitt,9,1.079727891156459,5,4.630796370967757,57.0,10,3.63318042491699,0.1612903225806432,descending,False,0.5398639455782295,PHRASE_53
396,Sonny Stitt,10,0.9578231292517004,4,4.176136363636365,67.0,7,2.549509756796392,0.0606060606060646,descending,False,0.4789115646258501,PHRASE_41
396,Sonny Stitt,11,1.834376417233564,6,3.2708662974683476,64.66666666666667,6,2.2110831935702664,0.0949367088607617,flat,True,0.917188208616782,PHRASE_59
396,Sonny Stitt,12,11.24716553287982,55,4.890120967741935,60.345454545454544,20,5.254325254901672,0.1576774193548366,ascending,True,5.62358276643991,PHRASE_23
396,Sonny Stitt,13,4.764625850340138,22,4.6173615077098775,64.0,22,6.208498574168681,0.1426994098610305,descending,True,2.382312925170069,PHRASE_10
396,Sonny Stitt,14,2.552743764172334,13,5.092559693007394,63.76923076923077,16,4.352785954090803,0.1736782262649308,flat,False,1.276371882086167,PHRASE_60
396,Sonny Stitt,15,3.968526077097508,21,5.291637144881491,62.76190476190476,19,5.397572310592287,0.1592119397526953,ascending,False,1.984263038548754,PHRASE_60
396,Sonny Stitt,16,7.581315192743773,40,5.276129402756502,60.125,18,4.899936224074758,0.1699846860643228,descending,True,3.7906575963718865,PHRASE_13
396,Sonny Stitt,17,3.0447165532879836,14,4.598129170638701,67.0,13,3.5050983275386565,0.1029551954242193,ascending,False,1.5223582766439918,PHRASE_03
396,Sonny Stitt,18,1.5209070294784652,7,4.602516698473261,65.0,10,3.3806170189140663,0.1106870229007589,descending,False,0.7604535147392326,PHRASE_03
396,Sonny Stitt,19,4.590113378684819,22,4.792909931628648,64.04545454545455,16,4.139359554407077,0.1265067383314242,flat,True,2.2950566893424096,PHRASE_22
